status,race_id,event_slug,event_name,race_name,date,distance_km,elevation_gain_m,city,province,official_url,admin_url,gpx_url,source,confidence,evidence,notes,uploaded,upload_status
,3cf69970-c638-41c7-a838-d2b4c441dad7,carrera-atletica-de-montana-monte-naranco,Carrera Atlética de Montaña «Monte Naranco»,,2026-09-05,10,446,Oviedo,Asturias,https://caoviedo.es/blog/1-agosto-abren-las-inscripciones-para-la-xxiii-carrera-atletica-de-montana-monte-naranco/,https://www.trailrunningcal.com/es/e/carrera-atletica-de-montana-monte-naranco,,,,,,,
,703de071-e98f-43fc-893a-233803502211,carrera-de-montana-villa-de-hermigua,Carrera de Montaña Villa de Hermigua,Carrera corta,2026-09-05,10,485,Hermigua,Santa Cruz de Tenerife,https://www.conxip.com/eventos/detalle/3314,https://www.trailrunningcal.com/es/e/carrera-de-montana-villa-de-hermigua,,,,,,,
,9df23939-cc8b-429e-b5e2-3ff17373e606,carrera-de-montana-villa-de-hermigua,Carrera de Montaña Villa de Hermigua,Carrera larga,2026-09-05,21,813,Hermigua,Santa Cruz de Tenerife,https://www.conxip.com/eventos/detalle/3314,https://www.trailrunningcal.com/es/e/carrera-de-montana-villa-de-hermigua,,,,,,,
not_found,b5ad6eef-75e3-467c-9ff3-809f418cf312,night-trail-san-julian,Night Trail San Julián,Marcha,2026-09-05,9,500,Cuenca,Cuenca,https://www.circuitomontanadipucuenca.com/index.php/calendario/69-vii-night-trail-san-julian?date=2026-09-05-20-30,https://www.trailrunningcal.com/es/e/night-trail-san-julian,,,,9km/500m Marcha; no candidate. Sibling race row (13km) holds the Wikiloc race track (id 230865028); no separate 9km walk recording found.,"Marcha is a distinct 9km walk, not the 13.3km competitive course.",,skipped: walk with no own track; race track belongs to sibling row
,e4856f70-78a3-4f43-bf46-945117e1765c,tinajo-youtrail,Tinajo YouTrail,,2026-09-05,8,151,Tinajo,Las Palmas,https://www.tinajoyoutrail.com/,https://www.trailrunningcal.com/es/e/tinajo-youtrail,,,,,,,
,042a12b4-7607-4e76-9fd0-a9ede2b918d7,tinajo-youtrail,Tinajo YouTrail,,2026-09-05,14,256,Tinajo,Las Palmas,https://www.tinajoyoutrail.com/,https://www.trailrunningcal.com/es/e/tinajo-youtrail,,,,,,,
,7c674f4f-a14e-4929-95d4-21ad5e62b866,tinajo-youtrail,Tinajo YouTrail,,2026-09-05,33,840,Tinajo,Las Palmas,https://www.tinajoyoutrail.com/,https://www.trailrunningcal.com/es/e/tinajo-youtrail,,,,,,,
,1a404780-7a1f-4a5a-a75b-625d2a0af21c,trail-del-infiernu,Trail del Infiernu,Speed Trail,2026-09-05,12,500,Ribadesella,Asturias,https://inscripciones.empa-t.com/inscripcion/ii-trail-del-infiernu-2026/?lang=es,https://www.trailrunningcal.com/es/e/trail-del-infiernu,,,,,,,
,93770e0d-8da5-4ce9-8c36-e7055e0aa5b8,trail-del-infiernu,Trail del Infiernu,Original Trail,2026-09-05,21,700,Ribadesella,Asturias,https://inscripciones.empa-t.com/inscripcion/ii-trail-del-infiernu-2026/?lang=es,https://www.trailrunningcal.com/es/e/trail-del-infiernu,,,,,,,
found,eaccbfd5-fb59-4652-a21e-320e10bf4251,trail-valle-de-tena,Trail Valle de Tena,4K,2026-09-05,42,3510,Panticosa,Huesca,https://trailvalledetena.com/homepage/,https://www.trailrunningcal.com/es/e/trail-valle-de-tena,https://es.wikiloc.com/rutas-carrera-por-montana/trail-valle-de-tena-4k-2025-229443329,wikiloc,high,Wikiloc 'Trail Valle de Tena 4k - 2025': 42.57 km / 3386 m vs 42 km / 3510 m in the DB. One way from Banos de Panticosa.,Alternative: wikiloc.com/trail-running-trails/4k-trail-valle-de-tena-2024-173747357 (2024 edition).,,"skipped: production/CSV distance_km=42 & elevation=3510 are garbled for a 4K race; Wikiloc track ""Trail Valle de Tena 4k - 2025"" (official) is the correct ~4km route but fails the +-20% gate vs the corrupt figure; needs catalogue data fix first"
needs_review,659b2258-0fd5-4ef5-8edf-3eeeff032989,trail-valle-de-tena,Trail Valle de Tena,8K Relevos,2026-09-05,80,6820,Panticosa,Huesca,https://trailvalledetena.com/homepage/,https://www.trailrunningcal.com/es/e/trail-valle-de-tena,,,,Relay over the same 80 km course as the 8K individual race; no separate track exists.,"The only candidate is the track assigned to row 51 (8K - Trail Valle de Tena 2025, 82.12 km / 6438 m). Never assign the same file to both rows; confirm the relay leg split with the organizer.",,
found,4425a97c-fdae-48ce-9dc0-c0ad6143a374,trail-valle-de-tena,Trail Valle de Tena,8K,2026-09-05,80,6820,Panticosa,Huesca,https://trailvalledetena.com/homepage/,https://www.trailrunningcal.com/es/e/trail-valle-de-tena,https://www.wikiloc.com/trail-running-trails/nuevo-8k-trail-valle-de-tena-2025-223349040,wikiloc,high,Wikiloc '8K - Trail Valle de Tena 2025': 51.04 mi = 82.12 km / 21122 ft = 6438 m vs 80 km / 6820 m in the DB. Loop from Panticosa.,"The official site publishes no track, only the Reglamento and Guia PDFs.",,"skipped: production/CSV distance_km=80 & elevation=6820 are garbled for an 8K race; Wikiloc track ""8K - Trail Valle de Tena 2025"" (official) is the correct ~8km route but fails the +-20% gate vs the corrupt figure; needs catalogue data fix first"
needs_review,9cfb5925-64db-46f1-832f-ca12afea6e27,desafio-urbion,Desafío Urbión,OPEN,2026-09-06,17,1200,Covaleda,Soria,https://desafiourbion.com/,https://www.trailrunningcal.com/es/e/desafio-urbion,https://es.wikiloc.com/rutas-carrera-por-montana/desafio-urbion-open-133306159,wikiloc,low,"Wikiloc 'Desafio Urbion Open': 12.2 km / 799 m vs 17 km / 1200 m in the DB. Distance is 28% short, outside the +-20% rule, but the route name matches the race exactly.",A second independent recording agrees: wikiloc.com/trail-running-trails/desafio-urbion-open-108008441 (12.76 km / 814 m). Two recordings at ~12.5 km suggest the DB figures for the OPEN may be wrong; review them.,,
not_found,699104f9-ee18-4083-b9c0-4e862d100e95,izki-trail,Izki Trail,Izki Trail,2026-09-06,12,450,Apellániz / Apilaiz,Araba,https://inscripciones.kronoak.com/es/evento/v-izki-trail?auto=1&cmp=1&frm=1&men=1,https://www.trailrunningcal.com/es/e/izki-trail,,,,"12km/450m; no candidate. All Wikiloc Izki Trail recordings (2023 id 141163185, 2024 id 183959406 22.19km, 2025 id 230373945 22.1km) are the ~22km long route (row 62, applied).","The 12km row is the new-for-2026 short route (dam -> San Cristobal), not yet recorded.",,skipped: only the long-route track exists; short route is new for 2026
not_found,f5f638b5-7ea1-479d-a307-abc24d154d76,k21-laurisilva-tacoronte,K21 Laurisilva Tacoronte,,2026-09-06,12,465,Tacoronte,Santa Cruz de Tenerife,https://inscripciones.chronotrackcanarias.com/inscripcion/k21-laurisilva-tacoronte-2026/,https://www.trailrunningcal.com/es/e/k21-laurisilva-tacoronte,,,,"12km/465m; no candidate. Only Wikiloc tracks are 2015-2017 Laurisilva Trail editions (>4yr old, event relaunched for 2026); generic Agua Garcia forest routes rejected.",chronotrackcanarias registration only. DB 465m matches press 12km-route D+ but no current track.,,skipped: only >4yr-old edition tracks; event relaunched
needs_review,a4ea5bac-cbfb-4ab6-98ec-97de1c55b9a6,k21-laurisilva-tacoronte,K21 Laurisilva Tacoronte,,2026-09-06,21,860,Tacoronte,Santa Cruz de Tenerife,https://inscripciones.chronotrackcanarias.com/inscripcion/k21-laurisilva-tacoronte-2026/,https://www.trailrunningcal.com/es/e/k21-laurisilva-tacoronte,https://es.wikiloc.com/rutas-carrera-por-montana/ii-laurisilva-trail-tacoronte-2015-11206699,wikiloc,low,Wikiloc 'II Laurisilva Trail Tacoronte 2015': 17.74 km / 599 m vs 21 km / 860 m in the DB. Distance is 15% short (inside +-20%) but elevation is 30% short and the recording is from the 2015 II edition.,"The race is now branded K21, suggesting the course was lengthened to 21 km since 2015. Verify before use; official_url is a chronotrackcanarias registration page with no track.",,
not_found,66e7ab25-948e-4d9d-bae4-7bb24376c266,switchrun-sellent,Switchrun Sellent,,2026-09-06,8,90,Sellent,Valencia,https://trifitness31.eu/switchrun-sellent-2026/,https://www.trailrunningcal.com/es/e/switchrun-sellent,https://es.wikiloc.com/rutas-carrera/switchrun-sellent-8k-asfalto-273132202,official,medium,official site embeds this Wikiloc route for the 8 km asphalt course; Wikiloc card 7.61 km / 82 m vs DB 8 km / 90 m (near-exact). BUT the File tab shows the 'hand-drawn on a map' banner.,"Track is hand-drawn, not GPS-recorded - not applied per procedure.",,"skipped: Wikiloc track is hand-drawn on a map, not GPS-recorded"
needs_review,df230828-4c37-474d-968d-9c34f4ec4c19,switchrun-sellent,Switchrun Sellent,Marcha,2026-09-06,8,90,Sellent,Valencia,https://trifitness31.eu/switchrun-sellent-2026/,https://www.trailrunningcal.com/es/e/switchrun-sellent,,,,Marcha 8/90 = same figures as row 68 (8K Asfalto).,"Walk shares the 8K Asfalto course (row 68); that Wikiloc track is hand-drawn and unusable, so no geometry to copy.",,needs_review: shares row 68 course; no usable track
needs_review,ddbd2428-4dd5-4a38-b219-da8e7396c64e,switchrun-sellent,Switchrun Sellent,,2026-09-06,12,450,Sellent,Valencia,https://trifitness31.eu/switchrun-sellent-2026/,https://www.trailrunningcal.com/es/e/switchrun-sellent,,,,"Duplicate of row 67 (switchrun-sellent 12 km, no race_name, same 12/450).",Duplicate catalogue entry; should be merged with row 67. Track lives on row 67.,,needs_review: duplicate of row 67
needs_review,592d96b2-25a7-4368-a326-53c9065909d7,trail-da-carixa,Trail da Carixa,Marcha,2026-09-06,9,,Vila de Cruces,Pontevedra,https://trailcarixa.ccnorte.com/,https://www.trailrunningcal.com/es/e/trail-da-carixa,https://racemapp.com/recorrido/1559-trail-da-carixa-9k,official,high,organizer RaceMapp project 497 publishes a dedicated 9K route (recorrido 1559); decoded polyline = 9.59 km / D+ ~398 m vs DB 9 km (Andaina = 9000 m on the official event page).,"Marcha/Andaina row: not auto-applied per procedure walk-row rule. Official 9K track extracted to data/gpx/trail-da-carixa-9k-racemapp.gpx (154 pts, circular), ready for manual apply. Race sibling (row 71) is the unrelated 22 km course.",,skipped: walk row; official RaceMapp 9K track extracted and ready for manual apply
found,d7f907f4-9fac-486d-bf33-544ad632f4a8,trail-e-andaina-capela-do-san-vitoiro,Trail e Andaina Capela do San Vitoiro,Marcha,2026-09-06,9,200,A Pobra do Brollón,Lugo,https://www.deporticket.com/web-evento/13635-v-trail-e-andaina-capela-do-san-vitoiro,https://www.trailrunningcal.com/es/e/trail-e-andaina-capela-do-san-vitoiro,https://www.wikiloc.com/hiking-trails/a-pobra-do-brollon-119582595,wikiloc,high,"Wikiloc 'A Pobra do Brollon': 6.06 mi = 9.75 km / 692 ft = 211 m vs 9 km / 200 m in the DB. The description states it is the route of the 1st San Vitoiro Andaina, run in the opposite direction.",Route name is generic; the event is identified in the description. Recorded in the reverse direction and with a small detour at km 3.3 because the Rubin river was uncrossable.,,"skipped: Wikiloc track ""A Pobra do Brollon"" (id 119582595) is the San Vitoiro Andaina route per its description, but the author states it deviates from the course - recorded reverse, a river-crossing detour at km 3.3-4 and an added out-and-back spur to a mill at km 4.4; not a faithful course track, needs manual review"
not_found,2e42ed8b-fe41-4591-bd10-b26248096896,trail-e-andaina-capela-do-san-vitoiro,Trail e Andaina Capela do San Vitoiro,Minitrail,2026-09-06,14,450,A Pobra do Brollón,Lugo,https://www.deporticket.com/web-evento/13635-v-trail-e-andaina-capela-do-san-vitoiro,https://www.trailrunningcal.com/es/e/trail-e-andaina-capela-do-san-vitoiro,,,,"Minitrail 14/450; no candidate. Wikiloc has only generic 'Ermita de S. Vitorio - Mesa de 4 Cabaleiros' hiking routes, none the competitive minitrail course.",V edition; deporticket registration. Andaina row 77 (9 km) already handled.,,skipped: no organizer track; only generic ermita hiking routes
needs_review,f3549ec5-5175-4966-b454-5cc4212516ed,trail-e-andaina-capela-do-san-vitoiro,Trail e Andaina Capela do San Vitoiro,Marcha,2026-09-06,14,450,A Pobra do Brollón,Lugo,https://www.deporticket.com/web-evento/13635-v-trail-e-andaina-capela-do-san-vitoiro,https://www.trailrunningcal.com/es/e/trail-e-andaina-capela-do-san-vitoiro,,,,Marcha 14/450 = same figures as row 75 Minitrail.,"Same 14 km / 450 m course as row 75 Minitrail; no track exists for that course yet, so nothing to copy.",,needs_review: shares row 75 course; no track yet
not_found,9218db43-c18f-48ed-a10b-c2fbf07458c3,trail-e-andaina-capela-do-san-vitoiro,Trail e Andaina Capela do San Vitoiro,Trail Longo,2026-09-06,28,1100,A Pobra do Brollón,Lugo,https://www.deporticket.com/web-evento/13635-v-trail-e-andaina-capela-do-san-vitoiro,https://www.trailrunningcal.com/es/e/trail-e-andaina-capela-do-san-vitoiro,,,,"Trail Longo 28/1100; no candidate. No Wikiloc recording of the 28 km long course; only generic ermita hiking routes and the reverse-recorded 'I Andaina San Vitoiro' (river-detour variant), both rejected.","V edition; deporticket registration, no track link.",,skipped: no recording of the long course
needs_review,98bc33de-dde4-46f2-a5a0-0fac8492f678,trail-la-grajera,Trail La Grajera,Marcha,2026-09-06,13,500,Lantueno,Cantabria,https://wodira.app/es/events/trail-la-grajera-2026,https://www.trailrunningcal.com/es/e/trail-la-grajera,https://es.wikiloc.com/rutas-senderismo/trail-la-grajera-183346698,wikiloc,low,Wikiloc 'Trail La Grajera': 10.66 km / 600 m vs 13 km / 500 m in the DB. Distance is 18% short (just inside +-20%) and elevation is 20% over; the route name identifies neither the walk nor an edition.,Recorded in Lantueno over the same beech forest as the race. Confirm with the organizer that this is the 13 km walk course and not a private variant.,,
found,109cb5c8-ffed-4542-ab43-d10554eee159,trail-valle-de-tena,Trail Valle de Tena,2K,2026-09-06,20,1230,Panticosa,Huesca,https://trailvalledetena.com/homepage/,https://www.trailrunningcal.com/es/e/trail-valle-de-tena,https://www.wikiloc.com/trail-running-trails/2k-trail-valle-de-tena-2024-173708576,wikiloc,high,Wikiloc '2K - Trail Valle de Tena 2025': 13.21 mi = 21.25 km / 4236 ft = 1291 m vs 20 km / 1230 m in the DB. Loop from Panticosa.,Alternative: es.wikiloc.com/rutas-carrera-por-montana/panticosa-trail-valle-de-tena-2k-2017-20085949 (2017 edition).,,"skipped: production/CSV distance_km=20 & elevation=1230 garbled for a 2K race; Wikiloc ""2K - Trail Valle de Tena 2024"" (official) is the correct ~2km route but fails the +-20% gate vs the corrupt figure; needs catalogue data fix first"
needs_review,fa5de21e-1095-42cc-b1ef-84f92b515d65,cursa-de-muntanya-vila-de-falset-2,Cursa de Muntanya Vila de Falset,,2026-09-11,13,513,Falset,Tarragona,https://www.cursadefalset.com/,https://www.trailrunningcal.com/es/e/cursa-de-muntanya-vila-de-falset-2,,,,"Duplicate DB entry: same event, same 13 km course and figures as row 93, under the event_slug cursa-de-muntanya-vila-de-falset-2.",The track is the one assigned to row 93. Never assign the same file to both rows; the two event_slug entries should probably be merged in the catalogue.,,
needs_review,03a8c39a-5e53-40eb-8fb4-1cfa5caa7ee1,cursa-de-muntanya-vila-de-falset-2,Cursa de Muntanya Vila de Falset,,2026-09-11,26,1343,Falset,Tarragona,https://www.cursadefalset.com/,https://www.trailrunningcal.com/es/e/cursa-de-muntanya-vila-de-falset-2,,,,"Duplicate DB entry: same event, same 26 km course and figures as row 92, under the event_slug cursa-de-muntanya-vila-de-falset-2.",The track is the one assigned to row 92. Never assign the same file to both rows; the two event_slug entries should probably be merged in the catalogue.,,
not_found,6874863e-36db-481c-a731-1b3ba237131c,cursa-vall-del-tenes,Cursa Vall del Tenes,,2026-09-11,11,250,Santa Eulàlia de Ronçana,Barcelona,https://www.ser.cat/actualitat/noticies/sobren-les-inscripcions-per-a-la-xxxvii-cursa-vall-del-tenes.html,https://www.trailrunningcal.com/es/e/cursa-vall-del-tenes,,,,"11 km / 250 m; Wikiloc 'Vall del Tenes' id 5228591 rejected: 14.19 km / 314 m vs 11 km / 250 m (+29%), generic ~2016 route with no cursa/edition in the title.","XXXVII edition; organizer Mancomunitat de la Vall del Tenes, XipGroc registration. Course varies year to year; no GPX published.",,skipped: no organizer track; only an out-of-range generic route
not_found,f25e9806-786f-4fb3-b5fc-2184fb667348,subida-contrarreloj-al-lobo-kmv,Subida contrarreloj al Lobo KMV,Carrera Vertical,2026-09-11,4,500,Torremolinos,Málaga,https://pruebaspopulares.pmdt.es/shop/feria_san_miguel_2025/carrera-1-2km-vertical-canada-del-lobo-11-sept-2026/,https://www.trailrunningcal.com/es/e/subida-contrarreloj-al-lobo-kmv,,,,1.2 km time-trial vertical climb (4 km / 500 m in the DB); no track published and no matching recording found.,"Vertical race under 5 km: few recordings, lots of noise. official_url is a municipal registration page.",,
,99fcdda9-54d7-4aaf-88cb-f71d26014953,adeyahamen-trail,Adeyahamen Trail,Adeyahamen KVertical,2026-09-12,5,1135,San Andrés y Sauces,Santa Cruz de Tenerife,https://inscripciones.chronotrackcanarias.com/inscripcion/adeyahamen-trail-2026/?lang=es,https://www.trailrunningcal.com/es/e/adeyahamen-trail,,,,,,,
not_found,5b9c3cbb-2c6e-4eee-b78b-b10b7bb24e24,backyard-baltasara,Backyard Baltasara,Backyard Baltasara,2026-09-12,6,130,Mieres,Asturias,https://inscripciones.empa-t.com/inscripcion/backyard-baltasara/,https://www.trailrunningcal.com/es/e/backyard-baltasara,,,,Backyard format: a repeated 6 km lap run hourly until one runner remains. Almost nobody uploads the lap track; official_url is an empa-t registration page.,"Lap format. If a track is ever needed, it is a single ~6 km loop in Mieres.",,
,6b2b29c3-e118-4afe-8af5-e5e369d9cd11,carrera-vertical-el-risco,Carrera Vertical El Risco,Cronoescalada,2026-09-12,3,700,Buenavista del Norte,Santa Cruz de Tenerife,https://inscripciones.chronotrackcanarias.com/inscripcion/carrera-vertical-el-risco-2026/,https://www.trailrunningcal.com/es/e/carrera-vertical-el-risco,,,,,,,
not_found,6bf90003-11c5-435c-a4e5-0e86238b76cd,cartagena-backyard-ultra,Cartagena Backyard Ultra,Backyard Ultra,2026-09-12,6,195,Cartagena,Murcia,https://cartagenabackyardultra.es/,https://www.trailrunningcal.com/es/e/cartagena-backyard-ultra,,,,Backyard ultra: a repeated 6 km lap run hourly until one runner remains. Almost nobody uploads the lap track.,"Lap format. If a track is ever needed, it is a single ~6 km loop in Cartagena.",,
not_found,e1dbd169-29f2-43a7-979f-6f29f06352d4,cross-villa-de-el-garbanzal,Cross Villa de El Garbanzal,Marcha,2026-09-12,5,80,La Unión,Murcia,https://www.lineadesalida.net/carreras/ii-cross-villa-de-el-garbanzal,https://www.trailrunningcal.com/es/e/cross-villa-de-el-garbanzal,,,,Walk over the same 5 km course as the race; no dedicated track and no matching recording found.,Never assign the race track to the walk. Retry after the race.,,
not_found,659a9742-2a43-4c4c-8564-36670e1abd19,cross-villa-de-el-garbanzal,Cross Villa de El Garbanzal,Carrera,2026-09-12,5,80,La Unión,Murcia,https://www.lineadesalida.net/carreras/ii-cross-villa-de-el-garbanzal,https://www.trailrunningcal.com/es/e/cross-villa-de-el-garbanzal,,,,5 km cross with 80 m of gain; no track published and no matching recording found under the race name.,"Very short, nearly flat course: few recordings. II edition. Retry after the race.",,
needs_review,c20ca62a-db20-44cb-967f-14cd5c89907b,cxm-almargen-memorial-mercedes-guerrero-fontalba,CxM Almargen Memorial Mercedes Guerrero Fontalba,Marcha,2026-09-12,11,,Almargen,Málaga,https://www.dorsalchip.es/carrera/2026/9/12/II_CxM_Almargen_Memorial_Mercedes_Guerrero_Fontalba.aspx,https://www.trailrunningcal.com/es/e/cxm-almargen-memorial-mercedes-guerrero-fontalba,,,,"Marcha 11 km; reglamento lists the short trail and the marcha both as 11 km. Row 105 (Trail Corto, applied, Wikiloc id 230489402 measured 13.06 km) is the likely shared course.",Walk row: not copied - marcha routing not confirmed identical to the short trail. Sibling row 105 holds a track if it is the same course.,,"needs_review: possible shared course with row 105, unconfirmed"
not_found,f7ba5239-2e8e-4126-8f01-af99b783e84e,cxm-almargen-memorial-mercedes-guerrero-fontalba,CxM Almargen Memorial Mercedes Guerrero Fontalba,Trail Largo,2026-09-12,27,1100,Almargen,Málaga,https://www.dorsalchip.es/carrera/2026/9/12/II_CxM_Almargen_Memorial_Mercedes_Guerrero_Fontalba.aspx,https://www.trailrunningcal.com/es/e/cxm-almargen-memorial-mercedes-guerrero-fontalba,,,,Trail Largo 27/1100; no candidate. Wikiloc has only the I-edition short course (id 230489402 = row 105); no 27 km long-course recording.,II edition; dorsalchip registration.,,skipped: no long-course recording
needs_review,3d5ea5b2-131c-46cb-b8a5-8442c289c97d,penatendoira-trail,Peñatendoira Trail,Marcha,2026-09-12,10,450,Matarrosa del Sil,León,https://www.carrerasconencanto.com/inicio/iv-trail-pe%C3%B1atendoira/,https://www.trailrunningcal.com/es/e/penatendoira-trail,,,,Marcha 10/450 = same figures as row 118 Speed.,"Same 10 km / 450 m course as row 118 Speed; that course has no track (only the 27 km Larga is recorded, row 119).",,needs_review: shares row 118 course; no track for it
not_found,09ee2c58-c7a9-4307-b5e9-d5b3db204454,penatendoira-trail,Peñatendoira Trail,Speed,2026-09-12,10,450,Matarrosa del Sil,León,https://www.carrerasconencanto.com/inicio/iv-trail-pe%C3%B1atendoira/,https://www.trailrunningcal.com/es/e/penatendoira-trail,,,,"Speed 10/450; no candidate. Only Wikiloc route is the 27.21 km Larga course (id 83688231, used by row 119); no 10 km speed recording.",IV edition; carrerasconencanto page carries only a reglamento PDF.,,skipped: no short-course track
not_found,c57371e1-a41f-41fd-8a2f-d417b37db667,trail-de-la-picota,Trail de la Picota,Trail,2026-09-12,10,261,Pezuela de las Torres,Madrid,https://web.rockthesport.com/es/event/i-trail-de-la-picota-de-pezuela-de-las-torres,https://www.trailrunningcal.com/es/e/trail-de-la-picota,,,,"I Trail 10/261; no candidate. Only generic Pezuela de las Torres hiking/trail routes on Wikiloc (id 25894285 etc.), none the race course.",I edition; rockthesport registration.,,"skipped: I edition, only generic area routes"
,179d6e7a-aed6-4215-8269-298ab5b10766,trail-valle-de-ardisana,Trail Valle de Ardisana,Trail Ardisana,2026-09-12,15,1000,Ardisana,Asturias,https://inscripciones.empa-t.com/inscripcion/trail-valle-de-ardisana-2026/,https://www.trailrunningcal.com/es/e/trail-valle-de-ardisana,,,,,,,
not_found,dd79ffcb-4225-4a41-ac52-e8fb22fd43da,txantreako-elkartasunmendilasterketa,Txantreako Elkartasunmendilasterketa,Carrera,2026-09-12,12,472,Pamplona,Navarra,https://www.rockthesport.com/es/evento/txantreako-ielkartasunmendilasterketa,https://www.trailrunningcal.com/es/e/txantreako-elkartasunmendilasterketa,,,,Carrera 12/472; no candidate. No Wikiloc recording of Txantreako Elkartasun Mendi Lasterketa; only generic Artika / Navarra trail-running routes.,"rockthesport registration; Txantrea neighbourhood, Pamplona.",,skipped: no race recording; only generic Navarra routes
needs_review,bcf42876-5dc7-44b1-8096-05c01a8e1ed9,21k-de-la-costa-de-soavela,21K DE LA COSTA DE SOAVELA,Marcha,2026-09-13,15,219,Cangas de Morrazo,Pontevedra,https://ccnorte.com/evento/detalle/id/3353/21k-de-la-costa-de-soavela,https://www.trailrunningcal.com/es/e/21k-de-la-costa-de-soavela,,,,"Marcha/Andaina 15 km; organizer RaceMapp andaina route (recorrido 1254) returns 404 from the API - not extractable. Race sibling row 131 (21 km, applied) is a different course.",Walk row: RaceMapp published a 21 km route (recorrido 1058) but the andaina route is not accessible.,,needs_review: walk row; RaceMapp andaina route unavailable (404)
,db4b5a77-47b8-4b66-a00c-6080d8e1e69a,adeyahamen-trail,Adeyahamen Trail,Adeyahamen,2026-09-13,10,440,San Andrés y Sauces,Santa Cruz de Tenerife,https://inscripciones.chronotrackcanarias.com/inscripcion/adeyahamen-trail-2026/?lang=es,https://www.trailrunningcal.com/es/e/adeyahamen-trail,,,,,,,
,a817efe7-9ceb-455b-8d45-4274bee06757,adeyahamen-trail,Adeyahamen Trail,Adeyahamen,2026-09-13,20,887,San Andrés y Sauces,Santa Cruz de Tenerife,https://inscripciones.chronotrackcanarias.com/inscripcion/adeyahamen-trail-2026/?lang=es,https://www.trailrunningcal.com/es/e/adeyahamen-trail,,,,,,,
not_found,1251fdc8-6ddf-4c72-99a6-18df748ec018,caimari-epic-trail,Caimari Epic Trail,Mini Caimari Epic Trail,2026-09-13,12,708,Caimari,Illes Balears,https://app.elitechip.net/index.php?idcomp=7566118&zwshow=compdet,https://www.trailrunningcal.com/es/e/caimari-epic-trail,,,,Mini 12/708; no candidate. Wikiloc 'Caimari Epic Trail' (id 11401450) is the 35 km Epic course (row 136 used a 2025-edition track); no Mini-specific recording.,elitechip registration; Mini is a cut-down of the Epic.,,skipped: no Mini-course recording
not_found,337ae97f-12c5-488b-8dad-394c790cadd8,carrera-de-la-uva,Carrera de la Uva,Runner,2026-09-13,10,844,Canjáyar,Almería,https://www.cruzandolameta.es/ver/x-carrera-de-la-uva---2625/,https://www.trailrunningcal.com/es/e/carrera-de-la-uva,,,,Runner 10/844; no candidate. Press describes a flat 10.5 km circular via Ohanes with real D+ ~92 m (DB 844 m is garbled). Only generic Canjayar routes on Wikiloc.,IX edition (returns after years); cruzandolameta registration.,,skipped: no track; DB elevation garbled
not_found,5c9e5c38-9a5c-4a00-9167-9048520a8f01,carrera-de-la-uva,Carrera de la Uva,Marcha,2026-09-13,10,844,Canjáyar,Almería,https://www.cruzandolameta.es/ver/x-carrera-de-la-uva---2625/,https://www.trailrunningcal.com/es/e/carrera-de-la-uva,,,,"Walk over the same course as the race; no dedicated track, and the only candidate for the race itself was rejected on distance (see row 138).",Never assign the race track to the walk. Retry after the race and after the DB distance is rechecked.,,
found,a2e85b5f-5ac1-4116-a306-6b66d6b539a8,desafio-turrillas-al-pico-del-colativi,Desafío Turrillas al Pico del Colativí,,2026-09-13,18,,Turrillas,Almería,https://cclaamatista.es/prueba/desafio-turrillas-al-pico-del-colativi/,https://www.trailrunningcal.com/es/e/desafio-turrillas-al-pico-del-colativi,https://www.viewgpx.com/route/YiWrCYVq,official,high,The official cclaamatista.es page for the race publishes the course on viewgpx.com: 19.02 km / 588 m vs 18 km in the DB (elevation not stored).,blocked: only published track is viewgpx.com/route/YiWrCYVq which now 404s (and its API 500s on a DB permission error); official cclaamatista.es links nothing else. Retry later or find another source.,,
needs_review,de5893d7-beef-42ed-ae85-a12ff79cae1f,desafio-turrillas-al-pico-del-colativi,Desafío Turrillas al Pico del Colativí,Marcha,2026-09-13,18,,Turrillas,Almería,https://cclaamatista.es/prueba/desafio-turrillas-al-pico-del-colativi/,https://www.trailrunningcal.com/es/e/desafio-turrillas-al-pico-del-colativi,,,,Walk over the same 18 km course as the race; the official site publishes a single course.,The track is the one assigned to row 140 (viewgpx.com/route/YiWrCYVq). Never assign the same file to both rows.,,
found,eb2d626c-21bc-42a7-956d-c5b594e29360,penarrubia-lorca-trail,Peñarrubia Lorca Trail,Marcha,2026-09-13,10,440,Lorca,Murcia,https://penarrubiatrail.lorca.es/,https://www.trailrunningcal.com/es/e/penarrubia-lorca-trail,https://es.wikiloc.com/rutas-senderismo/xiii-penarrubia-lorca-trail-231785951,wikiloc,medium,"Wikiloc 'XIII Penarrubia Lorca - Trail': 8.55 km / 296 m vs 10 km / 440 m in the DB. Out and back, recorded at the XIII edition, which is the walkers' short option.","Distance is 15% short, inside the +-20% rule; elevation is 296 m vs 440 m in the DB. Distinct from the Open course in row 147 (9.9 km / 324 m); confirm with the organizer which of the two is the Marcha.",,
needs_review,779afec6-693d-4f78-8a58-7f0b4dd6c666,penarrubia-lorca-trail,Peñarrubia Lorca Trail,DÚO Sprint,2026-09-13,15,780,Lorca,Murcia,https://penarrubiatrail.lorca.es/,https://www.trailrunningcal.com/es/e/penarrubia-lorca-trail,,,,Pairs (DUO) format over the same 15 km Sprint course; no separate track exists.,The track is the one assigned to row 149 (XII Penarrubia Lorca trail corto). Never assign the same file to both rows.,,
not_found,4029b996-e6b4-498c-9e89-6ecd0bd35f28,proano-trail,Proaño Trail,,2026-09-13,16,650,Proaño,Cantabria,https://www.gedsports.com/race/proano-trail-2026,https://www.trailrunningcal.com/es/e/proano-trail,,,,"16/650; Wikiloc 'Trail Proano' id 184117724 (18.98 km / 865 m) rejected: it is a second recording of the ~21 km course (row 153, id 184177840), not the 16 km route - +18.6% distance, +33% elevation, generic title with no distance/edition.",Both Proano Wikiloc tracks (~19 km) map to the 21 km race; the 16 km distance has no dedicated recording.,,skipped: only ~21km-course recordings exist
not_found,778401e8-e584-4243-b6ad-ca56b74547dc,proano-trail,Proaño Trail,Marcha,2026-09-13,16,650,Proaño,Cantabria,https://www.gedsports.com/race/proano-trail-2026,https://www.trailrunningcal.com/es/e/proano-trail,,,,"Walk of 16 km within the event; no dedicated track, and the 16 km race course itself has no recording (see row 154).",Never assign the 21 km race track to the walk. Retry after the race.,,
needs_review,3fdd1e84-acdf-4798-a889-27f63d7e0b13,proano-trail-2,Proaño Trail,Trail,2026-09-13,16,650,Proaño,Cantabria,https://www.instagram.com/proano_trail/,https://www.trailrunningcal.com/es/e/proano-trail-2,,,,"Duplicate DB entry: same event, same 16 km course and figures as row 154, under the event_slug proano-trail-2. No track was found for that course either.","Merge with row 154 in the catalogue, then retry the search once after the race.",,
needs_review,43e04051-ee51-4389-843e-46746f0e2c07,proano-trail-2,Proaño Trail,Marcha,2026-09-13,16,650,Proaño,Cantabria,https://www.instagram.com/proano_trail/,https://www.trailrunningcal.com/es/e/proano-trail-2,,,,"Duplicate DB entry: same event, same 16 km walk as row 155, under the event_slug proano-trail-2.",Merge with row 155 in the catalogue. No track exists for the 16 km course.,,
needs_review,11f197e9-ee75-4686-abdc-71c035d82ffd,proano-trail-2,Proaño Trail,Trail,2026-09-13,21,900,Proaño,Cantabria,https://www.instagram.com/proano_trail/,https://www.trailrunningcal.com/es/e/proano-trail-2,,,,"Duplicate DB entry: same event, same 21 km course and figures as row 153, under the event_slug proano-trail-2.",The track is the one assigned to row 153. Never assign the same file to both rows; the two event_slug entries should probably be merged in the catalogue.,,
needs_review,de9c6056-46d8-4f28-8d5e-ef02ce863583,trail-costa-artabra,Trail Costa Ártabra,Marcha Corta,2026-09-13,8,,Narón,A Coruña,https://www.321go.es/Carrera/Detail/553-vtrailcostaartabra2026,https://www.trailrunningcal.com/es/e/trail-costa-artabra,,,,Marcha Corta 8 km; walk row. No dedicated track.,See row 160; only the 14 km short course is recorded (row 162).,,"needs_review: walk row, no dedicated track"
needs_review,43ea0163-41f6-460a-a2b0-b79370a2fc81,trail-costa-artabra,Trail Costa Ártabra,Marcha Larga,2026-09-13,13,,Narón,A Coruña,https://www.321go.es/Carrera/Detail/553-vtrailcostaartabra2026,https://www.trailrunningcal.com/es/e/trail-costa-artabra,,,,Marcha Larga 13 km; walk row. No race at that distance and no dedicated track.,V Trail Costa Artabra: 27/14 km races + 13/8 km walks; only the 14 km short course is recorded (row 162).,,"needs_review: walk row, no dedicated track"
not_found,2bfddd18-7bfa-4ec8-b13b-dc9ab3331a1b,trail-costa-artabra,Trail Costa Ártabra,Trail Largo,2026-09-13,27,1500,Narón,A Coruña,https://www.321go.es/Carrera/Detail/553-vtrailcostaartabra2026,https://www.trailrunningcal.com/es/e/trail-costa-artabra,,,,"Trail Largo 27/1500; only Wikiloc track is 'TRAIL COSTA ARTABRA-CORTA.gpx' (id 110044828 = row 162, the 14 km short course); no 27 km long-course recording.",V edition; 321go registration.,,skipped: no long-course recording
not_found,2e19b7a8-b70c-436d-b612-ac117a608530,infinite-race-val-d-aran,Infinite Race Val d'Aran,Infinite Race Val d'Aran Backyard Ultra - 6K,2026-09-18,6.7,,Val d'Aran,Lleida,https://www.infiniteracearan.com/,https://www.trailrunningcal.com/es/e/infinite-race-val-d-aran,,,,Backyard ultra: a repeated 6.7 km lap run hourly until one runner remains. Almost nobody uploads the lap track.,"Lap format. If a track is ever needed, it is a single ~6.7 km loop in Val d'Aran.",,
not_found,777edfbf-509d-45e0-9dce-b4ac26ba7d9c,infinite-race-val-d-aran,Infinite Race Val d'Aran,Infinite Race Val d'Aran Carrera Popular y Caminada - 6K,2026-09-18,6.7,,Val d'Aran,Lleida,https://www.infiniteracearan.com/,https://www.trailrunningcal.com/es/e/infinite-race-val-d-aran,,,,Popular race and walk over the same 6.7 km backyard lap; no dedicated track and no matching recording found.,Very short lap course. Retry after the race.,,
needs_review,111a4da8-bdb5-439f-a786-d48dcea3563d,desafio-las-reliquias-perdonanza,Desafío Las Reliquias – Perdonanza,Marcha,2026-09-19,11,,Oviedo,Asturias,https://www.desafioreliquias.org/informacion-general/,https://www.trailrunningcal.com/es/e/desafio-las-reliquias-perdonanza,,,,Marcha 11 km; walk row. Race sibling row 171 is the 27 km trail (different course).,desafioreliquias.org has only a PDF poster + empa-t registration; no dedicated marcha track.,,needs_review: walk row; race sibling is a different course
needs_review,c2c1845c-043c-4e63-b77c-4b4cb66719be,madrid-segovia,Madrid-Segovia,Marcha,2026-09-19,22,710,Manzanares El Real,Madrid,https://www.100kmadridsegovia.com/,https://www.trailrunningcal.com/es/e/madrid-segovia,,,,"Marcha 22/710 = walk version of Medio Maraton de la Sierra (row 180), a cut-down start of the Madrid-Segovia course.",No file exists for the cut-down variant.,,"needs_review: walk of a cut-down variant, no file"
not_found,4940570c-db53-4e93-b8f5-9389c105cea2,madrid-segovia,Madrid-Segovia,Medio Maratón de la Sierra,2026-09-19,22,710,Manzanares El Real,Madrid,https://www.100kmadridsegovia.com/,https://www.trailrunningcal.com/es/e/madrid-segovia,,,,Medio Maraton de la Sierra = 22 km shorter start of the Madrid-Segovia course. Cut-down variant; no dedicated file.,Prefix of the 102 km course.,,"skipped: cut-down variant, no dedicated file"
not_found,672eba8e-4ccf-4ac0-82c3-af25a5b34092,madrid-segovia,Madrid-Segovia,Maratón del Castillo,2026-09-19,42,830,Madrid,Madrid,https://www.100kmadridsegovia.com/,https://www.trailrunningcal.com/es/e/madrid-segovia,,,,Maraton del Castillo = 42 km shorter start of the Madrid-Segovia course. Cut-down variant; no dedicated file.,Prefix of the 102 km course.,,"skipped: cut-down variant, no dedicated file"
needs_review,f579eecf-8bd2-4a45-90af-04df37b6a989,madrid-segovia,Madrid-Segovia,Marcha,2026-09-19,42,830,Madrid,Madrid,https://www.100kmadridsegovia.com/,https://www.trailrunningcal.com/es/e/madrid-segovia,,,,"Marcha 42/830 = walk version of Maraton del Castillo (row 181), a cut-down start of the Madrid-Segovia course.",No file exists for the cut-down variant.,,"needs_review: walk of a cut-down variant, no file"
needs_review,944df23b-1c51-4c80-ba44-13831619d8cc,madrid-segovia,Madrid-Segovia,Marcha,2026-09-19,64,1480,Madrid,Madrid,https://www.100kmadridsegovia.com/,https://www.trailrunningcal.com/es/e/madrid-segovia,,,,Marcha 64/1480 = walk version of Madrid-Cercedilla (row 179).,Same cut-down course as row 179; no file exists for it.,,"needs_review: walk of a cut-down variant, no file"
not_found,48e8b166-4240-4178-930f-d3bc1676e3e3,madrid-segovia,Madrid-Segovia,Madrid-Cercedilla,2026-09-19,64,1480,Madrid,Madrid,https://www.100kmadridsegovia.com/,https://www.trailrunningcal.com/es/e/madrid-segovia,,,,"Madrid-Cercedilla = first 64 km of the 102 km Peregrino course (row 178, applied). Cut-down variant; no dedicated file exists.",Prefix of the 102 km Madrid-Segovia course.,,"skipped: cut-down variant, prefix of the 102 km course"
needs_review,7622ec19-ccc6-4e88-9e72-c533a2e450d5,madrid-segovia,Madrid-Segovia,Xtreme,2026-09-19,102,2140,Madrid,Madrid,https://www.100kmadridsegovia.com/,https://www.trailrunningcal.com/es/e/madrid-segovia,,,,Xtreme and Peregrino run the identical 102 km course and differ only in the time limit (18 h vs 21 h); the Wikiloc track for the pair is named 'XTREME/PEREGRINOS'.,The track is the one assigned to row 178. Never assign the same file to both rows.,,
found,37bf3b81-465d-4c27-8553-bb02d465e8f1,manaritik-atxetara,Mañaritik Atxetara,Untzillaitz Zuzen,2026-09-19,2,750,Mañaria,Bizkaia,https://web.rockthesport.com/es/event/manaritik-atxetara-2026,https://www.trailrunningcal.com/es/e/manaritik-atxetara,https://es.wikiloc.com/rutas-carrera-por-montana/untzillatx-zuzen-manaritik-atxetara-kilometro-bertikala-2025-233091596,wikiloc,medium,Wikiloc 'Untzillatx Zuzen (Manaritik Atxetara kilometro bertikala 2025)': 7.88 km / 741 m vs 2 km / 750 m in the DB. Elevation matches almost exactly; the route name states the event and the 2025 edition.,"Vertical kilometre recorded as a loop including the descent, so the 7.88 km covers the 2 km climb plus the way down. Same pattern as Carrera Vertical Abantos.",,skipped: Wikiloc track is the full up-and-down loop (7.70 km) not the 2 km VK ascent; needs a one-way (Solo ida) recording
needs_review,9b340833-2bc4-4f61-bfaf-76fcdd73771f,manaritik-atxetara,Mañaritik Atxetara,Marcha,2026-09-19,19,1150,Mañaria,Bizkaia,https://web.rockthesport.com/es/event/manaritik-atxetara-2026,https://www.trailrunningcal.com/es/e/manaritik-atxetara,,,,Manaritik Marcha 19/1150; walk row. Race siblings (rows 186/188/190 = 22/13/43 km) are all different distances; no dedicated 19 km walk track found.,rockthesport registration.,,"needs_review: walk row, no matching track"
not_found,ada5562c-b102-4366-ab53-bae3bd0e1262,olla-de-nuria,Olla de Núria,Olla Vertical - 4K,2026-09-19,4,949,Vall de Núria,Girona,https://olladenuria.cat/,https://www.trailrunningcal.com/es/e/olla-de-nuria,,,,4 km vertical with 949 m of gain; the official olladenuria.cat page for the Olla Vertical publishes no track and no matching recording was found.,"Vertical race under 5 km: few recordings, lots of noise. Retry after the race.",,
found,a4ca350e-6bb6-476d-9a07-4b0aacaaaf2a,rialp-matxicots,Rialp Matxicots,Rialp Matxicots Mitja+ - 30K,2026-09-19,30,2164,Rialp,Lleida,https://www.matxicots.cat/,https://www.trailrunningcal.com/es/e/rialp-matxicots,https://drive.google.com/file/d/1aMXUF7ARL0Dw4mFcrbkmxRLkj5T1-jXA/view?usp=sharing,official,high,"The official site matxicots.cat/mitja-mes publishes the course under a 'Descargar track' link to this Google Drive file, for the Mitja+ 30K matching 30 km / 2164 m in the DB.","Organizer-vouched track. The other Drive links on that page are the reglament and manifest PDFs, not tracks. Upload attempt: file fetches and parses fine (31.59 km, matches DB) but POST /api/race-tracks 504s twice in a row on prod, likely from the 26,227-point source file exceeding the function time budget during simplification. Needs pre-simplified upload or a longer function timeout, not a re-match.",,"skipped: 504 timeout on apply, source file has 26227 points, needs pre-simplified upload or longer function timeout"
,79b253f0-0970-4663-a1da-87599f952392,ribera-run-experience,Ribera Run Experience,Ribera Run Promo La Luz,2026-09-19,7,167,Peñafiel,Valladolid,https://www.riberarun.com/,https://www.trailrunningcal.com/es/e/ribera-run-experience,,,,,,,
,eb3db8c7-8299-49dd-97c0-9e085e04e46d,ribera-run-experience,Ribera Run Experience,Marcha,2026-09-19,17,243,Peñafiel,Valladolid,https://www.riberarun.com/,https://www.trailrunningcal.com/es/e/ribera-run-experience,,,,,,,
,30d22562-644d-4d4a-b7b9-71b952c520f4,ribera-run-experience,Ribera Run Experience,Ribera Run,2026-09-19,30,269,Peñafiel,Valladolid,https://www.riberarun.com/,https://www.trailrunningcal.com/es/e/ribera-run-experience,,,,,,,
not_found,fd31b389-1815-4f0a-a773-c41a9206e0ba,trail-cinc-cims-algaida,Trail Cinc Cims Algaida,I Cims 2 Randa,2026-09-19,7,450,Randa,Illes Balears,https://www.elitechip.net/index.php?idcomp=7380236&zwshow=compdet,https://www.trailrunningcal.com/es/e/trail-cinc-cims-algaida,,,,I edition of the new 2-summit 7 km 'Cims 2 Randa' route; Wikiloc has only the 5-Cims 17-28 km course (row 204). elitechip page has no track.,First running of this distance; club Trotadors d'Algaida.,,"skipped: I edition, no dedicated track"
not_found,b74443a9-2131-4852-ba98-811f6354476f,trail-la-conquista-de-la-vera,Trail La Conquista de la Vera,Trail Corto,2026-09-19,13,600,Arroyomolinos de la Vera,Cáceres,https://www.laconquistadelavera.com/,https://www.trailrunningcal.com/es/e/trail-la-conquista-de-la-vera,,,,"Trail Corto 13/600; same BTT name-collision - no trail recording on Wikiloc, no track on the official site.",See row 206.,,"skipped: BTT name-collision, no trail recording"
not_found,573be525-dbc9-458a-a75d-28fb6fe89953,trail-la-conquista-de-la-vera,Trail La Conquista de la Vera,Trail Largo,2026-09-19,25,950,Arroyomolinos de la Vera,Cáceres,https://www.laconquistadelavera.com/,https://www.trailrunningcal.com/es/e/trail-la-conquista-de-la-vera,,,,"Trail Largo 25/950; every Wikiloc hit for 'La Conquista de la Vera' is the BTT marathon (150/110/54 km, rutas-mountain-bike). The trail versions have no recording; site 'Perfiles y Tracks' page has only profile images.",Primarily a BTT event; name-collision rejection (like Pinon Race).,,"skipped: BTT name-collision, no trail recording"
needs_review,bc188da8-099d-4514-82fb-d091db3a6e1e,trail-nocturna-faldes-del-puig-campana,Trail Nocturna Faldes del Puig Campana,Marcha,2026-09-19,9,600,Finestrat,Alicante,https://ayto-finestrat.es/cuenta-atras-para-vivir-la-emocion-de-la-trail-faldes-nocturna-puig-campana-finestrat/,https://www.trailrunningcal.com/es/e/trail-nocturna-faldes-del-puig-campana,,,,"Walk over the same course as the race, with identical figures in the DB; no separate track exists.",The candidate is the track under review in row 208. Never assign the same file to both rows; resolve the 9 km vs 13 km discrepancy first.,,
needs_review,3aca288f-3edb-4602-8290-bb77882ab633,trail-nocturna-faldes-del-puig-campana,Trail Nocturna Faldes del Puig Campana,,2026-09-19,9,600,Finestrat,Alicante,https://ayto-finestrat.es/cuenta-atras-para-vivir-la-emocion-de-la-trail-faldes-nocturna-puig-campana-finestrat/,https://www.trailrunningcal.com/es/e/trail-nocturna-faldes-del-puig-campana,https://es.wikiloc.com/rutas-carrera-por-montana/trail-nocturn-faldes-del-puig-campana-finestrat-38396109,wikiloc,low,"Wikiloc 'Trail nocturn Faldes del Puig Campana - Finestrat': 13.34 km / 648 m vs 9 km / 600 m in the DB. Elevation is close but distance is 48% over, outside the +-20% rule.","Every recorded edition is 13-15 km (IV 2023 is 15.34 km / 898 m), so the DB distance of 9 km looks wrong. Recheck the catalogue figure, then this track is probably correct.",,
not_found,96f3c332-d876-4376-9f81-df9f3559dd29,ultra-de-gredos,Ultra de Gredos,Marcha,2026-09-19,9,,Hoyos del Espino,Ávila,https://www.orycronsport.com/competiciones/41930,https://www.trailrunningcal.com/es/e/ultra-de-gredos,,,,Walk of 9 km within the event; no dedicated track and no matching recording found.,Never assign a race track to the walk. Short course. Retry after the race.,,
found,fcfd98b9-1f62-4f39-814b-919a5f06b927,ultra-de-gredos,Ultra de Gredos,Media Maratón de Gredos,2026-09-19,26,,Hoyos del Espino,Ávila,https://www.orycronsport.com/competiciones/41930,https://www.trailrunningcal.com/es/e/ultra-de-gredos,https://es.wikiloc.com/rutas-carrera-por-montana/media-maraton-de-gredos-2026-250921835,official,medium,"ultratrailgredos.com/media-maraton-de-gredos embeds this Wikiloc route (id 250921835, 'Media Maraton de Gredos 2026', 18.86 km / 472 m). Official site headline is 20 km. DB says 26 km.","Parsed track ~18.9 km vs production 26 km = -27.5%, past the 20% gate. Catalogue distance is overstated (official headline 20 km).",,"skipped: track is ~19 km / official headline 20 km vs production 26 km (-27.5%, past gate); catalogue distance needs a fix first"
found,7c628404-ef57-468d-a1be-d6acf4e74bb0,vitoria-gasteiz-trail,Vitoria-Gasteiz Trail,Trail,2026-09-19,16,650,Vitoria-Gasteiz,Araba,https://vitoriatrail.com/,https://www.trailrunningcal.com/es/e/vitoria-gasteiz-trail,https://www.strava.com/routes/3250407770815293240,official,high,"The official site embeds this Strava route on vitoriatrail.com/distancias/trail-16k, matching 16 km / 650 m in the DB.",blocked: track is a Strava route (3250407770815293240); Strava requires login to export GPX.,,
found,3ff396b6-ba0b-4556-a0b9-045a248fb4b0,vitoria-gasteiz-trail,Vitoria-Gasteiz Trail,Marcha,2026-09-19,16,,Vitoria-Gasteiz,Araba,https://vitoriatrail.com/,https://www.trailrunningcal.com/es/e/vitoria-gasteiz-trail,https://www.strava.com/routes/3468961451592204542,official,high,"The official site embeds this Strava route on vitoriatrail.com/distancias/marcha-16k, matching 16 km in the DB (elevation not stored).",blocked: track is a Strava route (3468961451592204542); Strava requires login to export GPX and this browser is not signed in.,,
found,e0ea2c20-da38-4ffa-8d65-483bebf43031,vitoria-gasteiz-trail,Vitoria-Gasteiz Trail,Trail,2026-09-19,26,1300,Vitoria-Gasteiz,Araba,https://vitoriatrail.com/,https://www.trailrunningcal.com/es/e/vitoria-gasteiz-trail,https://www.strava.com/routes/3250420897916869432,official,high,"The official site embeds this Strava route on vitoriatrail.com/distancias/trail-26k, matching 26 km / 1300 m in the DB.",blocked: track is a Strava route (3250420897916869432); Strava requires login to export GPX.,,
,d2230a50-77f0-4af6-878d-e77f22da2c67,carrera-trail-ciudad-de-chinchilla,Carrera Trail Ciudad de Chinchilla,,2026-09-20,16,405,Chinchilla de Monte-Aragón,Albacete,https://deportes.dipualba.es/InscripcionesPruebas/Nuevo/1218,https://www.trailrunningcal.com/es/e/carrera-trail-ciudad-de-chinchilla,,,,,,,
not_found,318e32bc-f146-439a-8544-c80e0623fa07,cross-trail-la-triasica,Cross Trail La Triásica,Marcha,2026-09-20,8,200,Colunga,Asturias,https://inscripciones.empa-t.com/inscripcion/iii-cross-trail-la-triasica-2026/,https://www.trailrunningcal.com/es/e/cross-trail-la-triasica,,,,Walk of 8 km within the event; no dedicated track. official_url is an empa-t registration page with no track.,Never assign a race track to the walk. Retry after the race.,,
not_found,3775b99b-a184-4b13-8171-31dd55e7bf92,cross-trail-la-triasica,Cross Trail La Triásica,Velociraptor,2026-09-20,8,200,Colunga,Asturias,https://inscripciones.empa-t.com/inscripcion/iii-cross-trail-la-triasica-2026/,https://www.trailrunningcal.com/es/e/cross-trail-la-triasica,,,,Velociraptor 8/200; no candidate. Wikiloc 'La Triasica' results are the 'Reto la Triasica Nocturna' hiking routes (a different night challenge); no recording of the Cross Trail race course.,III edition; empa-t registration.,,skipped: no race recording; only nocturna-challenge routes
not_found,4001b84b-f030-4ad7-b951-68c99875602c,cross-trail-la-triasica,Cross Trail La Triásica,T-Rex,2026-09-20,15,400,Colunga,Asturias,https://inscripciones.empa-t.com/inscripcion/iii-cross-trail-la-triasica-2026/,https://www.trailrunningcal.com/es/e/cross-trail-la-triasica,,,,"T-Rex 15/400; no candidate. Same - only 'Reto la Triasica Nocturna' hiking routes on Wikiloc, none the 15 km T-Rex course.",III edition; empa-t registration.,,skipped: no race recording
not_found,eae1fe31-212c-4e9a-89a7-45b504f0a493,cursa-de-la-vaca,Cursa de la Vaca,Marcha,2026-09-20,5,20,Vallfogona de Balaguer,Lleida,https://www.cansallebres.cat/,https://www.trailrunningcal.com/es/e/cursa-de-la-vaca,,,,"Walk over the same 5 km course as the short race, which itself has no track (see row 230).",Retry after the race.,,
not_found,a47ed08e-7f72-4ba6-9d63-1edda99c518f,cursa-entreparets-de-vilafranca,Cursa Entreparets de Vilafranca,,2026-09-20,14,,Vilafranca,Castellón,https://www.lligacastellonord.com/curses/vilafranca/,https://www.trailrunningcal.com/es/e/cursa-entreparets-de-vilafranca,,,,"14K short course; official site embeds only the 25K track (tracedetrail 207896 = 25.3 km, row 233). All 'Entreparets' Wikiloc recordings (incl. id 147332881) are the ~25 km course; no 14 km recording.",Lliga Castello Nord event; the 25K row (233) is applied.,,skipped: only the 25K course is recorded
needs_review,3b905d2e-4676-4a84-9e7d-281f8ea70a02,cxm-sierras-de-coin,CxM Sierras de Coín,Marcha,2026-09-20,10,400,Coín,Málaga,https://www.dorsalchip.es/carrera/2026/9/20/CxM_Sierras_de_Coin_2026.aspx,https://www.trailrunningcal.com/es/e/cxm-sierras-de-coin,,,,"Marcha 10/400 = same figures as the Starter 10k race (row 235, applied).",Walk almost certainly shares the Starter 10k course; copy track_geometry from row 235 (id 82babae4-de4e-4a6c-a2eb-d585712b4da7) after confirming they match.,,needs_review: shares row 235 Starter course; geometry ready to copy
needs_review,0cff9dc9-4e85-4a57-83a3-d8d051f65668,cxm-trail-villa-de-algar,CxM Trail Villa de Algar,Marcha,2026-09-20,9,169,Algar,Cádiz,https://www.runnink.com/evento/viii-cxm-trail-villa-de-algar/107,https://www.trailrunningcal.com/es/e/cxm-trail-villa-de-algar,,,,Marcha 9/169; walk row. Race siblings (rows 239/240 = 24K/13K) are different courses; no dedicated 9 km marcha track.,runnink.com registration.,,"needs_review: walk row, no matching track"
not_found,329386a6-cb59-4b98-8b7e-f45aeea3f5f6,izeta-mendi-lasterketa-solidarioa,Izeta Mendi Lasterketa Solidarioa,Trail,2026-09-20,6,420,Aia,Gipuzkoa,https://inscripciones.kronoak.com/es/evento/izeta-mendi-lasterketa-solidarioa-2026,https://www.trailrunningcal.com/es/e/izeta-mendi-lasterketa-solidarioa,,,,"Trail 6/420; no candidate. 'I. Izeta Bikote Mistoen Mendi Lasterketa Solidarioa' - mixed-pairs solidarity race, 6.4 km / 420 m accessible route through the orchards at Izeta cider house. No Wikiloc track.",First edition (2023 origin); pairs format; kronoak registration.,,"skipped: pairs solidarity race, no track"
not_found,647f3759-4a59-4084-b8d4-e35c64facf7b,izeta-mendi-lasterketa-solidarioa,Izeta Mendi Lasterketa Solidarioa,Marcha,2026-09-20,6,420,Aia,Gipuzkoa,https://inscripciones.kronoak.com/es/evento/izeta-mendi-lasterketa-solidarioa-2026,https://www.trailrunningcal.com/es/e/izeta-mendi-lasterketa-solidarioa,,,,"Walk over the same 6 km course as the race, which itself has no track (see row 242).",Retry after the race.,,
needs_review,66a39233-95fd-4fa5-8395-ed49f17b07fd,la-sertoriana,La Sertoriana,Marcha,2026-09-20,14,100,Huesca,Huesca,https://carreralasertoriana.com/,https://www.trailrunningcal.com/es/e/la-sertoriana,,,,"Walk over the same 14 km Decurion course, with identical figures in the DB; the site publishes one recorrido per race and none for the walk.",The track is the one assigned to row 244. Never assign the same file to both rows.,,
not_found,9e686b70-3e76-4674-a5a7-3ab34ac09014,trail-de-la-jovada,Trail de la Jovada,Marcha,2026-09-20,13,360,Vall d'Alcalà,Alicante,https://crono4sports.es/reglamentos/2478-reglamento.pdf,https://www.trailrunningcal.com/es/e/trail-de-la-jovada,,,,"Walk over the same 13 km course as the short race, which itself has no track (see row 252).",Never assign a race track to the walk. Retry after the race.,,
not_found,1448ecea-bf47-439b-8b09-0a1bd2a0a209,trail-de-la-jovada,Trail de la Jovada,,2026-09-20,13,360,Vall d'Alcalà,Alicante,https://crono4sports.es/reglamentos/2478-reglamento.pdf,https://www.trailrunningcal.com/es/e/trail-de-la-jovada,,,,"13 km; no candidate. Official site has no track; only generic Alcala de la Jovada routes on Wikiloc, none the race course.",II edition.,,skipped: no organizer track
not_found,028142c9-def7-4acb-8690-efe98708ffb4,trail-de-la-jovada,Trail de la Jovada,,2026-09-20,21,620,Vall d'Alcalà,Alicante,https://crono4sports.es/reglamentos/2478-reglamento.pdf,https://www.trailrunningcal.com/es/e/trail-de-la-jovada,,,,21 km; no candidate. II Trail de la Jovada official site (lavalldalcala.es) has no track; actual race distances are 13 km and 25 km (DB's 21 km unclear). Only generic Alcala de la Jovada hiking/MTB routes on Wikiloc.,crono4sports reglamento PDF only.,,skipped: no organizer track; distance mismatch with published 13/25 km
not_found,78bd7d28-cfab-4ea9-b63e-a5591adf5a4d,trail-dos-indios-castelo-de-vitres,Trail dos Indios - Castelo de Vitres,TRAILIÑO,2026-09-20,9,450,Boiro,A Coruña,https://pasarela.321go.es/Carrera/Detail/559-xtraildosindioscastelodevitres,https://www.trailrunningcal.com/es/e/trail-dos-indios-castelo-de-vitres,,,,"TRAILINO 9.5/450; no candidate. Wikiloc 'Trail dos Indios ... 2024. Recorrido corto' (id 182902159) measures 14.63 km / 665 m = the 15 km TRAIL course (row 256, applied), not the 9.5 km trailino.",321go registration; confirms PROCEDURE's 'ruta curta is the 16 km race' warning.,,"skipped: 'corto' recording is the 15km course, not the trailino"
not_found,bd3cb75a-4d34-4ec7-8be9-2f7276d111fa,trail-gabi-rasillo-esles-pozos-de-noja,Trail Gabi Rasillo Esles - Pozos de Noja,Trail,2026-09-20,20,850,Esles,Cantabria,https://gedsports.com/race/ii-trail-gabi-rasillo-esles-pozos-de-noja,https://www.trailrunningcal.com/es/e/trail-gabi-rasillo-esles-pozos-de-noja,,,,Trail 20/850; no candidate. Only a generic 'Esles-Pozos de Noja-Esles' hiking loop on Wikiloc (id 35046420). Event distances are 23/14/17/8 km per press; the DB's 20 km is unclear.,II edition; gedsports registration. Row 257 (Marcha) points here.,,skipped: no race recording; only a generic hiking loop
needs_review,adce3329-9e8c-4051-bf2c-555be294e07c,trail-gabi-rasillo-esles-pozos-de-noja,Trail Gabi Rasillo Esles - Pozos de Noja,Marcha,2026-09-20,20,820,Esles,Cantabria,https://gedsports.com/race/ii-trail-gabi-rasillo-esles-pozos-de-noja,https://www.trailrunningcal.com/es/e/trail-gabi-rasillo-esles-pozos-de-noja,,,,"Marcha 20/820; walk row. Sibling Trail (row 258, 20/850) is also unrecorded. Only a generic 'Esles-Pozos de Noja-Esles' hiking loop on Wikiloc (id 35046420).","II edition; gedsports; event distances are 23/14/17/8 km, the DB's 20 km is unclear.",,needs_review: walk row; sibling also unrecorded
not_found,8fc66c07-39be-4d63-bdcc-1030b401b2ad,trail-luciana-horcavacas,Trail Luciana-Horcavacas,Marcha,2026-09-20,12,250,Luciana,Ciudad Real,https://carreras.dxtchiprun.es/carrera/trail-luciana-horcavacas-2026,https://www.trailrunningcal.com/es/e/trail-luciana-horcavacas,,,,"Marcha 12/250; no candidate. Same generic Luciana hiking routes, none a 12 km walk course.",See row 259.,,skipped: only generic hiking loops
not_found,6aa60314-9517-41c8-9c2e-b933ff520b5d,trail-luciana-horcavacas,Trail Luciana-Horcavacas,Trail Corto,2026-09-20,16,550,Luciana,Ciudad Real,https://carreras.dxtchiprun.es/carrera/trail-luciana-horcavacas-2026,https://www.trailrunningcal.com/es/e/trail-luciana-horcavacas,,,,"Trail Corto 16/550; no candidate. Wikiloc has only generic Luciana hiking loops (Camino de los Pilones / Barranco de Horca de Vaca, ~14-16 km); none the race course.",PHI Grupo Polideportivo organizes; dxtchiprun timing.,,skipped: only generic hiking loops
not_found,ebc51ad4-ec54-47d7-a0e7-fef21df4efed,trail-luciana-horcavacas,Trail Luciana-Horcavacas,Trail Largo,2026-09-20,24,900,Luciana,Ciudad Real,https://carreras.dxtchiprun.es/carrera/trail-luciana-horcavacas-2026,https://www.trailrunningcal.com/es/e/trail-luciana-horcavacas,,,,Trail Largo 24/900; no candidate. No Wikiloc recording of the long course; only generic ~14-16 km Luciana loops.,See row 259.,,skipped: no long-course recording
not_found,c8ea345e-c58c-456a-b859-89f1d889f5f6,trail-pico-cueto,Trail Pico Cueto,Trail Pico Cueto,2026-09-20,12,1050,Boñar,León,https://inscripciones.runvasport.es/inscripcion/trail-pico-cueto-1/?lang=es,https://www.trailrunningcal.com/es/e/trail-pico-cueto,,,,Trail Pico Cueto 12/1050; no candidate. Wikiloc has only generic Pico Cueto ascent routes (~16 km via PRC-LE 55); the 12 km race course isn't recorded.,runvasport registration.,,skipped: only generic summit-ascent routes
not_found,fa6f74f2-fead-42a5-9499-bb267e7f45c1,uharte-arakil-beriain-km-bertikala,Uharte Arakil – Beriain Km Bertikala,,2026-09-20,5,1023,Uharte Arakil,Navarra,https://uhartearakil-beriain.com/,https://www.trailrunningcal.com/es/e/uharte-arakil-beriain-km-bertikala,,,,Km Bertikala 5/1023 = kilometro vertical. Cheap-reject category (vertical).,uhartearakil-beriain.com; KV format.,,skipped: vertical (KV)
needs_review,67293c56-5960-453f-9b9f-116cb7d19190,ultra-de-gredos,Ultra de Gredos,Marcha,2026-09-20,16,,Navarredonda de Gredos,Ávila,https://www.orycronsport.com/competiciones/41930,https://www.trailrunningcal.com/es/e/ultra-de-gredos,,,,Ultra de Gredos Marcha 16 km; walk row. The Gredos race distances (43/33/26/9 km) are all recorded; the 16 km marcha is not one of them.,orycronsport registration.,,"needs_review: walk row, no matching race track"
needs_review,fe513765-66af-45ee-b7fe-ededab9556d8,villanera-trail-y-marcha,Villanera Trail y Marcha,Marcha,2026-09-20,8,,Villena,Alicante,https://www.avsports.es,https://www.trailrunningcal.com/es/e/villanera-trail-y-marcha,,,,"Marcha 8 km = same figures as row 265 (Villanera 8 km, not_found).",Walk row; the 2026 'Trail y Marcha' format has no recorded track (row 265 also unresolved).,,needs_review: walk row; no track for the 2026 format
not_found,87f33cad-2e7e-481d-ab3f-1bca74d0e8fb,villanera-trail-y-marcha,Villanera Trail y Marcha,,2026-09-20,8,,Villena,Alicante,https://www.avsports.es,https://www.trailrunningcal.com/es/e/villanera-trail-y-marcha,,,,"8 km; no candidate. The only Wikiloc recording, 'Villanera trail 2025' (id 202827490), is the older 20.25 km / 908 m course. 2026 is a new 'Trail y Marcha' format (8 km + 14 km).",avsports.es unreachable from this environment.,,skipped: only the old 20km course is recorded
not_found,d2eca83b-21a4-44e8-8596-963bb85504bb,villanera-trail-y-marcha,Villanera Trail y Marcha,,2026-09-20,14,,Villena,Alicante,https://www.avsports.es,https://www.trailrunningcal.com/es/e/villanera-trail-y-marcha,,,,14 km; no candidate. Same - the 2025 Wikiloc track is 20.25 km; no 14 km recording for the new 2026 format.,See row 265.,,skipped: only the old 20km course is recorded
not_found,efbb8c5b-b0a0-44cd-8fb9-c50ef4e6d235,trail-jalance,Trail Jalance,Sprint Trail,2026-09-23,12,629,Jalance,Valencia,https://amidasports.com/trail-jalance-2026/,https://www.trailrunningcal.com/es/e/trail-jalance,,,,Sprint Trail 12/629; official site amidasports.com/trail-jalance-2026 links 'Descargar GPX Sprint' but SPRINT_TRAIL_JALANCE.gpx 404s (dead link). The Trail 21k and Marcha 6k are applied (rows 269/270).,Broken organizer GPX link; retry a later pass in case it is fixed.,,skipped: organizer GPX link is broken (404)
not_found,fe6dc59c-910f-41ce-8674-b7420f3c0a74,archidona-trail-contra-el-alzheimer,Archidona Trail Contra el Alzheimer,Mini Trail,2026-09-26,10,500,Archidona,Málaga,https://www.dorsalchip.es/carrera/2026/3/8/XII_Archidona_Trail_Contra_el_Alzheimer.aspx,https://www.trailrunningcal.com/es/e/archidona-trail-contra-el-alzheimer,,,,"Mini Trail 10/500; no candidate. Only the Trail corto 14 km and Trail largo 24 km courses are recorded (rows 272/273, applied); the mini shares the route with the Cadete category but has no dedicated recording.",XII edition; dorsalchip registration.,,skipped: no dedicated mini-course recording
not_found,0841948a-d0b3-48dd-a3e7-83c2a7922c07,azkotrail,Azkotrail,Recorrido corto,2026-09-26,7,250,Peralta,Navarra,https://www.rockthesport.com/es/evento/vi-azkotrail-2026,https://www.trailrunningcal.com/es/e/azkotrail,,,,"Recorrido corto 7/250; no candidate. All Wikiloc Azko Trail recordings (id 186751101 15.85 km, id 82312263 15.1 km) are the ~15 km long course (row 277, applied); no 7 km short-course recording.",VI edition; rockthesport registration.,,skipped: only the ~15km long course is recorded
needs_review,2be33bab-35aa-442b-bcc4-e832062133c8,azkotrail,Azkotrail,Marcha,2026-09-26,7,190,Peralta,Navarra,https://www.rockthesport.com/es/evento/vi-azkotrail-2026,https://www.trailrunningcal.com/es/e/azkotrail,,,,Marcha 7/190; walk row. The corto 7 km course (row 275) also has no recording.,See row 275.,,needs_review: walk row; no track for the short course
not_found,e312cdc1-f0c7-4311-90de-eb37a8024985,basatrail-mendi-lasterketa,Basatrail Mendi Lasterketa,Corta,2026-09-26,8,430,Astigarraga,Gipuzkoa,https://inscripciones.kronoak.com/es/evento/basatrail-mendi-lasterketa,https://www.trailrunningcal.com/es/e/basatrail-mendi-lasterketa,,,,Corta 8/430; no candidate. No Wikiloc recording of Basatrail Mendi Lasterketa; only generic Astigarraga hiking/cycling routes.,kronoak registration; Basque race.,,skipped: no race recording
not_found,fc75c0d3-f115-4f5a-b455-4c9491180023,basatrail-mendi-lasterketa,Basatrail Mendi Lasterketa,Larga,2026-09-26,17,760,Astigarraga,Gipuzkoa,https://inscripciones.kronoak.com/es/evento/basatrail-mendi-lasterketa,https://www.trailrunningcal.com/es/e/basatrail-mendi-lasterketa,,,,Larga 17/760; no candidate. Same - no Basatrail recording on Wikiloc.,kronoak registration.,,skipped: no race recording
not_found,00137526-52db-4a6e-ae10-da5e363d17a3,cnt-cross-trail,CÑT Cross Trail,Promoción,2026-09-26,12,450,Cañete la Real,Málaga,https://www.dorsalchip.es/carrera/2026/9/26/IX_CNT_Cross_Trail.aspx,https://www.trailrunningcal.com/es/e/cnt-cross-trail,,,,Promocion 12/450; no candidate. Only the 26 km CROSS TRAIL course is recorded on Wikiloc (id 84699248 = row 283); no 12 km promocion recording.,IX edition; dorsalchip registration.,,skipped: only the 26km course is recorded
not_found,a3a696a8-84ac-4b18-a922-7c5800e90871,cronotrail-jarapalos-tralhileros,Cronotrail Jarapalos Tralhileros,Crono Corta Jarapalos,2026-09-26,8,,Alhaurín de la Torre,Málaga,https://www.dorsalchip.es/carrera/2026/9/26/I_CRONOTRAIL_JARAPALOS_TRALHILEROS.aspx,https://www.trailrunningcal.com/es/e/cronotrail-jarapalos-tralhileros,,,,Crono Corta 8 km; first edition (I CRONOTRAIL JARAPALOS TRALHILEROS); no track on dorsalchip; no Wikiloc recording.,I edition.,,"skipped: I edition, no track"
not_found,c91ff184-1a3b-4c26-b71c-48de2660a92b,cronotrail-jarapalos-tralhileros,Cronotrail Jarapalos Tralhileros,Crono Jarapalos,2026-09-26,14,718,Alhaurín de la Torre,Málaga,https://www.dorsalchip.es/carrera/2026/9/26/I_CRONOTRAIL_JARAPALOS_TRALHILEROS.aspx,https://www.trailrunningcal.com/es/e/cronotrail-jarapalos-tralhileros,,,,Crono Jarapalos 14/718; first edition; no track on dorsalchip; no Wikiloc recording.,I edition.,,"skipped: I edition, no track"
,97f03829-89e5-43b0-8ced-7569e9512d99,cxm-picu-turbina,CxM Picu Turbina,,2026-09-26,12,1034,Rozagás,Asturias,https://picuturbina.com/,https://www.trailrunningcal.com/es/e/cxm-picu-turbina,,,,,,,
not_found,9f640bfe-98b7-4881-9a17-e2912762e14d,trail-del-mampodre,Trail del Mampodre,Peña Hoguera Speedtrail,2026-09-26,7,300,Maraña,León,https://inscripciones.empa-t.com/inscripcion/ix-trail-mampodre-2026/,https://www.trailrunningcal.com/es/e/trail-del-mampodre,,,,"Pena Hoguera Speedtrail 7/300; no candidate. Wikiloc Mampodre recordings (id 233535021, 133794532) are the ~19 km main course (row 301, applied); the 'Pena Hoguera' Wikiloc route (id 173581798) is a generic hiking loop. No dedicated speedtrail recording.",New 7 km speed variant; official wix site is stale (2017). empa-t registration.,,skipped: no speedtrail recording; only the main-course track exists
needs_review,c2097193-c63b-412b-8391-ae3ab5ddf7cd,trail-indiano,Trail Indiano,Marcha,2026-09-26,12,489,Somao,Asturias,https://inscripciones.empa-t.com/inscripcion/iv-trail-indiano-2026/,https://www.trailrunningcal.com/es/e/trail-indiano,,,,Walk of 12 km within the event; no dedicated track. The only recordings are the 13 K and 21 K races.,"The closest candidate is the track assigned to row 302 (13.31 km / 574 m), whose distance is nearer this walk than the 16 km race. Never assign the same file to both rows; confirm the two courses with the organizer.",,
found,733cac14-832c-4eb7-876a-d1980abd2133,trail-indiano,Trail Indiano,Trail Indiano,2026-09-26,16,558,Somao,Asturias,https://inscripciones.empa-t.com/inscripcion/iv-trail-indiano-2026/,https://www.trailrunningcal.com/es/e/trail-indiano,https://es.wikiloc.com/rutas-carrera-por-montana/trail-indiano-13-k-2024-180721468,wikiloc,medium,"Wikiloc 'Trail Indiano 13 K 2024': 13.31 km / 574 m vs 16 km / 558 m in the DB. Elevation matches almost exactly; distance is 17% short, inside the +-20% rule.","Rejected: 'Trail Indiano 21 K 2024' (158894952) is 31% over. The near-exact elevation suggests the DB distance of 16 km may be wrong, or the course grew after 2024.",,
not_found,bce4431a-c78b-4ccb-a19f-af6b102970db,trail-la-pomar,Trail La Pomar,La Pomar,2026-09-26,12,800,Langreo,Asturias,https://inscripciones.empa-t.com/inscripcion/trail-la-pomar-2026/,https://www.trailrunningcal.com/es/e/trail-la-pomar,,,,"La Pomar 12/800; no candidate. Only generic Langreo routes on Wikiloc ('Senda de Langreo AS-42', 'Trail Minero de Langreo'); none the race course.",empa-t registration.,,skipped: no race recording
not_found,627147d8-a9bc-46d7-9bf8-d0e321d7de0e,trail-pico-almonga,Trail Pico Almonga,Trail,2026-09-26,10,600,Cervera de Pisuerga,Palencia,https://inscripciones.runvasport.es/inscripcion/vi-trail-pico-almonga/,https://www.trailrunningcal.com/es/e/trail-pico-almonga,,,,"Trail 10/600; no candidate. Only generic Pico Almonga ascent routes and an old (~2014) 'Carrera de montana Ascencion al Pico Almonga' recording (id 7071275, >4yr); no current race-specific track.",VI edition; Club Montana Ribera Pisuerga; runvasport registration.,,skipped: only generic/old ascent routes
needs_review,93d68a22-ac51-4975-9339-17988dad21df,trail-pie-del-hombre,Trail Pie del Hombre,Marcha,2026-09-26,8,,Molina de Aragón,Guadalajara,https://www.rockthesport.com/es/evento/trail-pie-del-hombre-molina-aragon,https://www.trailrunningcal.com/es/e/trail-pie-del-hombre,,,,Marcha 8 km; walk row. No recording of any current Pie del Hombre course.,See row 306.,,"needs_review: walk row, no track"
not_found,7b333f04-539a-4913-8f0a-1a2063fe34c1,trail-pie-del-hombre,Trail Pie del Hombre,Sprint Trail,2026-09-26,12,500,Molina de Aragón,Guadalajara,https://www.rockthesport.com/es/evento/trail-pie-del-hombre-molina-aragon,https://www.trailrunningcal.com/es/e/trail-pie-del-hombre,,,,"Sprint Trail 12/500; no candidate. Only an old 'Recorrido largo I Trail Pie del Hombre 2015' recording on Wikiloc (id 9955755, >4yr); the current 7th edition is 15 km + 8 km, no match.",Club de Montana El Huso; rockthesport registration.,,skipped: only a >4yr-old edition recording
not_found,cfa1a780-7df4-4850-b2b0-c2a36356439d,trail-pie-del-hombre,Trail Pie del Hombre,Las Sendas del Huso,2026-09-26,18,900,Molina de Aragón,Guadalajara,https://www.rockthesport.com/es/evento/trail-pie-del-hombre-molina-aragon,https://www.trailrunningcal.com/es/e/trail-pie-del-hombre,,,,Las Sendas del Huso 18/900; no candidate. Same - only the >4yr-old 2015 recording; no match for an 18 km course.,See row 306.,,skipped: only a >4yr-old edition recording
not_found,30c2065f-475c-4c53-9b06-35b4942f4f33,ultrartesanos,Ultrartesanos,Cross,2026-09-26,8,60,Torrejoncillo,Cáceres,https://www.ultrartesanos.com/,https://www.trailrunningcal.com/es/e/ultrartesanos,,,,Cross 8/60; no candidate. Same event - no published track; ficha tecnica stats only.,See row 311.,,skipped: organizer withholds the track
needs_review,e1d2989b-86da-4f43-a198-831b7166f9d4,ultrartesanos,Ultrartesanos,Marcha,2026-09-26,18,410,Torrejoncillo,Cáceres,https://www.ultrartesanos.com/,https://www.trailrunningcal.com/es/e/ultrartesanos,,,,Marcha 18/410; walk row. Same event - no published track.,See row 311.,,needs_review: walk row; organizer withholds the track
not_found,90316fd6-dab7-4e5a-bfcf-c2c210168090,ultrartesanos,Ultrartesanos,Trail,2026-09-26,22,673,Torrejoncillo,Cáceres,https://www.ultrartesanos.com/,https://www.trailrunningcal.com/es/e/ultrartesanos,,,,Trail 22/673; no candidate. Same event - no published track; ficha tecnica stats only.,See row 311.,,skipped: organizer withholds the track
not_found,1ef8744c-721a-440d-b3d4-647937b520ef,ultrartesanos,Ultrartesanos,ArteTrail,2026-09-26,35,1602,Torrejoncillo,Cáceres,https://www.ultrartesanos.com/,https://www.trailrunningcal.com/es/e/ultrartesanos,,,,"ArteTrail 35/1602; no candidate. Official site publishes only ficha tecnica stats (35.7 km / 1602 m, exact DB match); the track is deliberately withheld until race day (route crosses private farms) and the 2025 track post 404s. Old Wikiloc editions (id 114593561, 10933195) are >4yr / different courses.",XVIII edition; ultrartesanos.com / ChipSerena.,,skipped: organizer withholds the track until race day
not_found,017d2630-1015-4c90-8965-55cdeae3611a,asaltamontes-female,Asaltamontes Female,Relevos por equipos,2026-09-27,2,87,O Grove,Pontevedra,https://www.321go.es/Carrera/Detail/558-carrerafemeninaporequiposyrelevosasaltamontesfemale2026?lang=en,https://www.trailrunningcal.com/es/e/asaltamontes-female,,,,Team relay over a 2 km lap; almost nobody uploads a lap that short and official_url is a 321go registration page.,"Lap format under 5 km. If a track is ever needed, it is a single ~2 km loop in O Grove.",,
needs_review,be182c7f-51d8-4ded-9d35-b92c9311f8ef,cursa-bacus,Cursa Bacus,Marcha,2026-09-27,5,,Vilafranca del Penedès,Barcelona,https://correvinyes.verdu.red/cursa-bacus-2026/,https://www.trailrunningcal.com/es/e/cursa-bacus,,,,Marcha 5 km = same as row 319.,Walk version of the 5 km cursa (row 319); neither has a published track.,,needs_review: walk row; no track for the cursa either
not_found,2540611d-220c-4846-a981-81f8a3c88e3d,cursa-bacus,Cursa Bacus,,2026-09-27,5,,Vilafranca del Penedès,Barcelona,https://correvinyes.verdu.red/cursa-bacus-2026/,https://www.trailrunningcal.com/es/e/cursa-bacus,,,,"5 km; no candidate. Cursa Bacus (Correvinyes) is a flat 5/10 km cursa+caminada through Vilafranca del Penedes vineyards; no elevation in the DB, no track published on correvinyes.verdu.red.",Local road/vineyard race.,,"skipped: flat vineyard cursa, no track"
needs_review,ec2ce94b-6111-436e-8f23-875c75c6e973,cursa-bacus,Cursa Bacus,Marcha,2026-09-27,10,,Vilafranca del Penedès,Barcelona,https://correvinyes.verdu.red/cursa-bacus-2026/,https://www.trailrunningcal.com/es/e/cursa-bacus,,,,Marcha 10 km = same as row 320.,Walk version of the 10 km cursa (row 320); neither has a published track.,,needs_review: walk row; no track for the cursa either
not_found,28d099be-704d-4ad4-9a8a-c5baa55c74c9,cursa-bacus,Cursa Bacus,,2026-09-27,10,,Vilafranca del Penedès,Barcelona,https://correvinyes.verdu.red/cursa-bacus-2026/,https://www.trailrunningcal.com/es/e/cursa-bacus,,,,10 km; no candidate. Same flat Cursa Bacus vineyard course; no track published.,Local road/vineyard race.,,"skipped: flat vineyard cursa, no track"
not_found,d285f068-0103-46a9-ad32-be0a88f67d0d,cursa-matonera,Cursa Matonera,Marcha,2026-09-27,9,320,Marganell,Barcelona,https://www.marganell.cat/cursa-matonera,https://www.trailrunningcal.com/es/e/cursa-matonera,,,,Caminada Llarga 9.5/320; no candidate. Same - only the 4 km family route is published; no 9.5 km walk track.,See row 324.,,skipped: only the 4km family route is published
not_found,1468d90c-31e6-4498-a67d-b8478081641a,cursa-matonera,Cursa Matonera,,2026-09-27,12,400,Marganell,Barcelona,https://www.marganell.cat/cursa-matonera,https://www.trailrunningcal.com/es/e/cursa-matonera,,,,"Corredors 12.5/400; no candidate. marganell.cat links only the 4 km Caminada Familiar Wikiloc (id 142306004 = row 323, applied); no track for the 12.5 km race. Wikiloc search returns only the family route and generic Marganell/Montserrat routes.",6th edition; cronosports registration.,,skipped: only the 4km family route is published
not_found,1cf4a33c-f146-4878-9c98-eb3594002f42,cxm-bunyola-xtrem,CxM Bunyola Xtrem,Bunyola Trail Xtrem,2026-09-27,9,500,Bunyola,Illes Balears,https://www.elitechip.net/index.php?idcomp=7596063&zwshow=compdet,https://www.trailrunningcal.com/es/e/cxm-bunyola-xtrem,,,,Bunyola Trail Xtrem 9/500; no candidate. MTB name-collision - all 'Bunyola Xtrem' Wikiloc hits are mountain-biking-trails; the CxM running race has no dedicated recording; only generic Serra de Tramuntana routes.,elitechip registration.,,"skipped: BTT name-collision, no running recording"
not_found,53b7acee-e74b-43a6-88f4-e322ae1a280a,cxm-bunyola-xtrem,CxM Bunyola Xtrem,Bunyola Trail Xtrem,2026-09-27,19,1000,Bunyola,Illes Balears,https://www.elitechip.net/index.php?idcomp=7596063&zwshow=compdet,https://www.trailrunningcal.com/es/e/cxm-bunyola-xtrem,,,,Bunyola Trail Xtrem 19/1000; no candidate. Same BTT name-collision; no dedicated running recording.,elitechip registration.,,"skipped: BTT name-collision, no running recording"
not_found,d606afbc-85c3-4c91-9f79-1e35a3205c07,cxm-macael-marmol,CxM Macael Mármol,Marcha,2026-09-27,14,634,Macael,Almería,https://inscripciones.fedme.es/es/evento/iii-copa-de-espana-en-linea-y-campeonato-de-espana-para-ciegos-en-linea-de-carreras-por-montana-maca?auto=1&cmp=1&frm=1&tit=1,https://www.trailrunningcal.com/es/e/cxm-macael-marmol,,,,"Walk over the same 14 km PROMO course, which itself has no track (see row 331).",Never assign a race track to the walk. Retry after the race.,,
not_found,ae0c1e96-b977-44f0-8882-bc6c9d605b69,cxm-macael-marmol,CxM Macael Mármol,Prueba PROMO,2026-09-27,14,634,Macael,Almería,https://inscripciones.fedme.es/es/evento/iii-copa-de-espana-en-linea-y-campeonato-de-espana-para-ciegos-en-linea-de-carreras-por-montana-maca?auto=1&cmp=1&frm=1&tit=1,https://www.trailrunningcal.com/es/e/cxm-macael-marmol,,,,"Prueba PROMO 14/634; no candidate. Same event as rows 328/329/330 - only 'CxM Macael Marmol Trail 2022' (id 117921538, ~27 km older course) on Wikiloc; no 14 km PROMO recording; 2026 is a changed 'en linea' format.",FEDME registration. Row 332 (Marcha) shares this course.,,skipped: no 14km-course recording
not_found,a5d32ca7-9c58-475e-8923-9ce82d46a6c0,cxm-macael-marmol,CxM Macael Mármol,Campeonato Nacional de CxM para Ciegos,2026-09-27,24,1368,Macael,Almería,https://inscripciones.fedme.es/es/evento/iii-copa-de-espana-en-linea-y-campeonato-de-espana-para-ciegos-en-linea-de-carreras-por-montana-maca?auto=1&cmp=1&frm=1&tit=1,https://www.trailrunningcal.com/es/e/cxm-macael-marmol,,,,Campeonato Nacional CxM para Ciegos 24/1368 = same course as row 328. No dedicated recording.,Shares the 24 km Promesas course (row 328).,,skipped: shares row 328 course; no recording
not_found,401a9fff-c257-43ae-b57a-71ff04877121,cxm-macael-marmol,CxM Macael Mármol,Copa España Promesas,2026-09-27,24,1368,Macael,Almería,https://inscripciones.fedme.es/es/evento/iii-copa-de-espana-en-linea-y-campeonato-de-espana-para-ciegos-en-linea-de-carreras-por-montana-maca?auto=1&cmp=1&frm=1&tit=1,https://www.trailrunningcal.com/es/e/cxm-macael-marmol,,,,"Copa Espana Promesas 24/1368; no candidate. Row 329 (Copa Espana y SNS 27/1614) is applied; 2026 is 'III Copa de Espana en Linea' (point-to-point, changed format). No 24 km track found; only 'CxM Macael Marmol Trail 2022' (id 117921538) which is the older ~27 km course.",FEDME registration.,,skipped: no 24km-course recording; 2026 format changed to point-to-point
,b5f30411-e6b9-42fd-b68f-d708f82c232f,iv-copa-trail-paterna-del-madera,IV Copa Trail Paterna del Madera,Copa Trail,2026-09-27,34,1626,Paterna del Madera,Albacete,https://deportes.dipualba.es/deportes/FichaPrueba/1288,https://www.trailrunningcal.com/es/e/iv-copa-trail-paterna-del-madera,,,,,,,
not_found,be6a7d16-96f3-4bc3-be4e-6fc0724012b0,kv-de-bielsa,KV de Bielsa,"Itinerario Absoluto, Juvenil y Junior",2026-09-27,6,1071,Bielsa,Huesca,https://grantrailsobrarbe.com/i-kv-bielsa/,https://www.trailrunningcal.com/es/e/kv-de-bielsa,,,,"I KV Bielsa 6/1071 = kilometro vertical, first edition. Cheap-reject category (vertical).",grantrailsobrarbe.com.,,"skipped: vertical (KV), first edition"
not_found,5c12fc1a-b6c1-49aa-b387-a0f0d123fab4,lo-trail-de-sec,Lo Trail de Secà,Marcha,2026-09-27,7,,Juncosa,Lleida,https://www.instagram.com/lotraildeseca/,https://www.trailrunningcal.com/es/e/lo-trail-de-sec,,,,Marcha 7 km; no candidate. Same - no Lo Trail de Sec recording on Wikiloc.,Walk row; Instagram-only.,,skipped: no track
not_found,432f526c-79d9-4c7d-8bfb-14f0483fb5f1,lo-trail-de-sec,Lo Trail de Secà,,2026-09-27,13,400,Juncosa,Lleida,https://www.instagram.com/lotraildeseca/,https://www.trailrunningcal.com/es/e/lo-trail-de-sec,,,,"13/400; no candidate. No Wikiloc route for 'Lo Trail de Sec' / 'Lo Trail de Seca' (Juncosa, Les Garrigues); only generic Juncosa hiking/enduro routes. Instagram-only official presence.",Local Catalan race.,,skipped: no race recording; Instagram-only
needs_review,a4c71a5b-c8c4-47fb-ab45-283719720700,lo-trail-rocallaura,Lo Trail Rocallaura,Marcha,2026-09-27,12,500,Rocallaura,Lleida,https://www.instagram.com/lo_trail_rocallaura/,https://www.trailrunningcal.com/es/e/lo-trail-rocallaura,,,,"Walk over the same 12 km course as the race, with identical figures in the DB; neither has a track (see row 340).","No candidate exists yet. Resolve row 340 first, then this walk shares that course.",,
not_found,8ce966e4-a60d-4c52-9612-2d3eb660836b,lo-trail-rocallaura,Lo Trail Rocallaura,,2026-09-27,12,500,Rocallaura,Lleida,https://www.instagram.com/lo_trail_rocallaura/,https://www.trailrunningcal.com/es/e/lo-trail-rocallaura,,,,12/500; no candidate. No Wikiloc route for 'Lo Trail Rocallaura'; only generic Rocallaura / Serra del Tallat routes. Instagram-only official presence.,Local Catalan race. Row 341 (Marcha) already needs_review.,,skipped: no race recording; Instagram-only
not_found,e1e2d420-a56a-4559-b742-9bc052262320,lo-trail-rocallaura,Lo Trail Rocallaura,,2026-09-27,21,750,Rocallaura,Lleida,https://www.instagram.com/lo_trail_rocallaura/,https://www.trailrunningcal.com/es/e/lo-trail-rocallaura,,,,21/750; no candidate. Same - no Lo Trail Rocallaura recording on Wikiloc.,Instagram-only.,,skipped: no race recording; Instagram-only
not_found,df90adff-c34b-47e9-b87e-ae682d06f8a5,medio-kilometro-vertical-el-rosario,Medio Kilómetro Vertical El Rosario,,2026-09-27,2,490,Sámano,Cantabria,https://www.fcatle.com/calendario/,https://www.trailrunningcal.com/es/e/medio-kilometro-vertical-el-rosario,,,,2 km half-vertical with 490 m of gain; official_url is a federation calendar page with no track and no matching recording was found.,"Vertical race well under 5 km: few recordings, lots of noise. Retry after the race.",,
found,107fac16-2438-4d37-8e99-f3801620a0e4,murtrail,Murtrail,La llarga,2026-09-27,20,1070,Martorelles,Barcelona,https://www.cemm.cat/murtrail-2026/,https://www.trailrunningcal.com/es/e/murtrail,https://es.wikiloc.com/rutas-carrera-por-montana/murtrail-llarga-2026-276658101,official,high,"The official cemm.cat/murtrail-2026 links this Wikiloc track as the 2026 llarga course, matching 20 km / 1070 m in the DB.",Organizer-vouched track for the current edition. The site also keeps the 2025 versions linked: wikiloc.com/running-trails/murtrail-llarga-2025-199140473.,,skipped: Wikiloc route id 276658101 deleted (404); CSV gpx_url no longer resolves
needs_review,0b7cea94-f6b4-40e4-a950-5aad87f484c6,pena-de-los-buitres-cxm-trail,Peña de los Buitres CXM Trail,Marcha,2026-09-27,11,600,Pegalajar,Jaén,https://sportmaniacs.com/es/services/inscription/v-petildea-de-los-buitres-cxm-trail,https://www.trailrunningcal.com/es/e/pena-de-los-buitres-cxm-trail,,,,"Walk over the same 11 km course as the Open, with identical figures in the DB; no separate track exists.",The track is the one assigned to row 347. Never assign the same file to both rows.,,
found,58dcce4d-2717-4b50-96bd-dfefb8f7b109,pena-de-los-buitres-cxm-trail,Peña de los Buitres CXM Trail,Open,2026-09-27,11,600,Pegalajar,Jaén,https://sportmaniacs.com/es/services/inscription/v-petildea-de-los-buitres-cxm-trail,https://www.trailrunningcal.com/es/e/pena-de-los-buitres-cxm-trail,https://www.wikiloc.com/trail-running-trails/pegalajar-104105710,wikiloc,medium,Wikiloc 'Pena de los Buitres (Trail Corto) - Pegalajar': 7.51 mi = 12.08 km / 1617 ft = 493 m vs 11 km / 600 m in the DB. The route name states it is the event's short course.,Distance is 10% over and elevation 18% short. official_url is a sportmaniacs registration page with no track.,,
not_found,04b6974c-c064-4ac9-b022-1cc7c3896a25,pujada-al-castell-de-montesa,Pujada al Castell de Montesa,,2026-09-27,8,150,Montesa,Valencia,https://multiesport.es/event/2026-xvii-pujada-al-castell-de-montesa,https://www.trailrunningcal.com/es/e/pujada-al-castell-de-montesa,,,,"8/150; no candidate. XVII edition popular cursa to the Castell de Montesa; only generic Montesa Castle hiking routes on Wikiloc, none the race course.",multiesport timing.,,skipped: only generic castle-hiking routes
not_found,8caab618-5d24-49c8-9538-d5c24a7f5af9,pujada-al-mont,Pujada al Montí,III Monti Express,2026-09-27,10,450,Onda,Castellón,https://sportmaniacs.com/en/services/inscription/xxi-pujada-al-monti-2026,https://www.trailrunningcal.com/es/e/pujada-al-mont,,,,"III Monti Express 10/450; no candidate. The Express is new (introduced 2024); only the ~20 km main course is recorded (row 352, 'Pujada al Monti d'Onda 2024', id 170564192). No dedicated Express recording.",XXI edition; sportmaniacs registration.,,skipped: no Express-course recording
found,ed29f082-1764-4a1e-9dc3-49ba56a836ad,pujada-al-mont,Pujada al Montí,XXI Pujada al Montí,2026-09-27,20,991,Onda,Castellón,https://sportmaniacs.com/en/services/inscription/xxi-pujada-al-monti-2026,https://www.trailrunningcal.com/es/e/pujada-al-mont,https://ca.wikiloc.com/rutes-cursa-de-muntanya/trail-xiv-pujada-al-monti-onda-16982896,wikiloc,medium,Wikiloc 'Trail XIV Pujada al Monti-Onda': 18.75 km / 724 m vs 20 km / 991 m in the DB. Loop from Onda over the Monti in the Sierra de Espadan.,Recorded at the XIV edition; the queue row is the XXI. Alternative: wikiloc.com/trail-running-trails/pujada-al-monti-onda-4525499. Elevation is 724 m vs 991 m in the DB.,,
not_found,d558dfcc-03c8-4f79-bee7-f6c0327a74a8,pujada-al-mont,Pujada al Montí,II Pujada a Monti,2026-09-27,30,1500,Onda,Castellón,https://sportmaniacs.com/en/services/inscription/xxi-pujada-al-monti-2026,https://www.trailrunningcal.com/es/e/pujada-al-mont,,,,II Pujada a Monti 30/1500; no candidate. Only the ~20 km main course is recorded (row 352); no 30 km long-variant recording on Wikiloc.,See row 350.,,skipped: no 30km-variant recording
not_found,4bee0eb7-55bb-416c-b364-a77006ddd7a0,puntallana-cabra-trail,Puntallana Cabra Trail,KV El Corcho,2026-09-27,5,1028,Puntallana,Santa Cruz de Tenerife,https://puntallanacabratrail.com/,https://www.trailrunningcal.com/es/e/puntallana-cabra-trail,,,,KV El Corcho 5/1028 = kilometro vertical. Cheap-reject category (vertical).,puntallanacabratrail.com.,,skipped: vertical (KV)
not_found,ec979670-e225-411f-9b85-043e7ab92a48,trail-desierto-de-gorafe,Trail Desierto de Gorafe,Puntal Trail,2026-09-27,11,244,Gorafe,Granada,https://repositorio.global-tempo.com/carreras.php?id=3084,https://www.trailrunningcal.com/es/e/trail-desierto-de-gorafe,,,,"Puntal Trail 11/244; no candidate. Same - I edition, only generic Gorafe hiking routes (the 'Puntal de Don Diego' hiking loop is a signposted route, not the race).",global-tempo registration.,,"skipped: I edition, only generic routes"
not_found,20eaec5b-d5e5-4e95-b158-918c61382968,trail-desierto-de-gorafe,Trail Desierto de Gorafe,Colorado Trail,2026-09-27,30,935,Gorafe,Granada,https://repositorio.global-tempo.com/carreras.php?id=3084,https://www.trailrunningcal.com/es/e/trail-desierto-de-gorafe,,,,"Colorado Trail 30/935; no candidate. I edition; only generic Gorafe badlands hiking routes on Wikiloc (GR-A 426, 'Desierto de los Colorados'); no race-specific recording.",global-tempo registration.,,"skipped: I edition, only generic badlands routes"
needs_review,6c19df09-3d0c-41e2-8a50-64dbc63e4372,trail-las-montanas,Trail Las Montañas,Marcha,2026-09-27,12,,Villamartín,Cádiz,https://www.runnink.com/evento/trail-las-monta-as/96,https://www.trailrunningcal.com/es/e/trail-las-montanas,,,,Marcha 12 km; walk row. No race recording for any Trail las Montanas course.,See row 358.,,"needs_review: walk row, no track"
not_found,31a3e7bf-5a2d-4cdc-85e2-71c13890f08b,trail-las-montanas,Trail Las Montañas,Trail Corto,2026-09-27,12,600,Villamartín,Cádiz,https://www.runnink.com/evento/trail-las-monta-as/96,https://www.trailrunningcal.com/es/e/trail-las-montanas,,,,Trail Corto 12/600; no candidate. Only generic Villamartin / Ermita las Montanas / Castillo de Matrera hiking routes on Wikiloc; none the race course.,runnink registration.,,skipped: only generic sanctuary-hiking routes
not_found,c9f5cc08-096c-46d9-b9db-7974ffde5da6,trail-las-montanas,Trail Las Montañas,Trail Largo,2026-09-27,23,1200,Villamartín,Cádiz,https://www.runnink.com/evento/trail-las-monta-as/96,https://www.trailrunningcal.com/es/e/trail-las-montanas,,,,Trail Largo 23/1200; no candidate. Same - only generic Villamartin hiking routes.,runnink registration.,,skipped: only generic hiking routes
not_found,010ad76c-8622-4544-ba98-6f301ef9f8a2,trail-senders-del-pened-s,Trail Senders del Penedès,,2026-09-27,5,53,Les Cabanyes,Barcelona,https://trailsendersdelpenedes.wordpress.com/,https://www.trailrunningcal.com/es/e/trail-senders-del-pened-s,,,,"5.5 km curta; no candidate. trailsendersdelpenedes.wordpress.com/recorreguts links only the Llarga 12.7 km Wikiloc (id 19775453, applied to row 364); no 5.5 km short-course track.",Small flat solidarity race.,,skipped: only the long course is linked
needs_review,c433fa92-9346-4ee1-9c1c-e58d2b14aa9a,trail-senders-del-pened-s,Trail Senders del Penedès,Marcha,2026-09-27,5,53,Les Cabanyes,Barcelona,https://trailsendersdelpenedes.wordpress.com/,https://www.trailrunningcal.com/es/e/trail-senders-del-pened-s,,,,"Marcha 5/53 = same as row 361 (Trail Senders curta 5.5 km, not_found).",Walk row; the 5.5 km curta course has no published track.,,needs_review: walk row; no track for the curta
needs_review,8455e1c3-d9b9-43c0-ad1f-4f82f8283063,trail-senders-del-pened-s,Trail Senders del Penedès,Marcha,2026-09-27,12,144,Les Cabanyes,Barcelona,https://trailsendersdelpenedes.wordpress.com/,https://www.trailrunningcal.com/es/e/trail-senders-del-pened-s,,,,"Marcha 12/144 = same figures as row 364 (12.7 km Llarga, applied from Wikiloc id 19775453).",Walk shares the 12.7 km Llarga course; copy track_geometry from row 364 (id d56d9e71-2d4c-4aa5-9fe5-99cd35200d4c).,,needs_review: shares row 364 course; geometry ready to copy
found,46ac0ccd-f87f-4e85-912a-6db2e5b86151,trail-terras-do-mandeo,Trail Terras do Mandeo,Trail Largo,2026-09-27,21,1000,Betanzos,A Coruña,https://ccnorte.com/evento/detalle/id/3318/12-trail-terras-do-mandeo,https://www.trailrunningcal.com/es/e/trail-terras-do-mandeo,https://www.wikiloc.com/trail-running-trails/trail-terras-do-mandeo-2017-18162495,wikiloc,medium,Wikiloc 'Trail Terras do Mandeo 2017': 14.4 mi = 23.17 km / 2953 ft = 900 m vs 21 km / 1000 m in the DB. Loop from Betanzos up the Rio Mandeo.,Recorded at the 2017 edition; the queue row is the 12th. Alternative: es.wikiloc.com/rutas-carrera-por-montana/trail-terras-do-mandeo-2016-13569482.,,
,add8ef31-9371-4cbe-9d28-5039e8c4717f,x-carrera-trail-paterna-del-madera,X Carrera Trail Paterna del Madera,,2026-09-27,19,1009,Paterna del Madera,Albacete,https://deportes.dipualba.es/InscripcionesPruebas/Nuevo/1212,https://www.trailrunningcal.com/es/e/x-carrera-trail-paterna-del-madera,,,,,,,
found,2f32dfc3-b25e-4987-9109-b41c5e373c22,califa-mountain-festival,Califa Mountain Festival,CxM - La Nocturna,2026-10-02,15,700,Cerro Muriano,Córdoba,https://califamountainfestival.com/,https://www.trailrunningcal.com/es/e/califa-mountain-festival,https://es.wikiloc.com/rutas-carrera-por-montana/califa-mountain-festival-etapa-1-nocturna-cerro-muriano-185562601,wikiloc,medium,Wikiloc 'Califa Mountain Festival. Etapa 1. Nocturna. Cerro Muriano': 13.45 km / 704 m vs 15 km / 700 m in the DB. Elevation matches almost exactly and the route name states the nocturnal stage.,Corrects the earlier not_found on this row: the official site has no track but the festival's stages are all recorded on Wikiloc. Alternative: wikiloc.com/trail-running-trails/etapa-1-califa-mountain-festival-nocturna-147890093.,,
not_found,e8c65e6f-e534-4ade-ba21-44102f0dec14,salomon-ultra-pirineu,Salomon Ultra Pirineu,LMNPKV,2026-10-02,5,860,La Molina,Girona,https://ultrapirineu.com/es/,https://www.trailrunningcal.com/es/e/salomon-ultra-pirineu,,,,"LMNPKV 5/860 = Nit KV (kilometro vertical, La Molina). Cheap-reject category (vertical).",ultrapirineu.com.,,skipped: vertical (KV)
not_found,fed4ef8b-19a7-4987-b089-f4560d238c92,sanabria-glaciar-ultra-trail,Sanabria Glaciar Ultra Trail,Maraton Trail,2026-10-02,43,1400,San Martín de Castañeda,Zamora,https://smartchip.es/view.php?id=2053,https://www.trailrunningcal.com/es/e/sanabria-glaciar-ultra-trail,,,,Maraton Trail 43/1400; no candidate. Same name collision; no dedicated 'Sanabria Glaciar' 43 km recording.,smartchip registration.,,skipped: name-collision; no recording
not_found,0900a70e-b8c4-491c-a4f1-3b27e269c5fb,sanabria-glaciar-ultra-trail,Sanabria Glaciar Ultra Trail,Ultra Trail,2026-10-02,70,2950,San Martín de Castañeda,Zamora,https://smartchip.es/view.php?id=2053,https://www.trailrunningcal.com/es/e/sanabria-glaciar-ultra-trail,,,,"Ultra Trail 70/2950; no candidate. Name collision - Wikiloc 'Ultra Sanabria' results are the multi-day 'Ultra Sanabria by Stages' (ultrasanabria.es), a different event. The single-day 'Sanabria Glaciar Ultra Trail' (smartchip) has no dedicated recording.",smartchip registration.,,skipped: name-collision with the stage race; no recording
not_found,77a7efb5-df23-4a28-983a-569e02ea3540,90k-camino-de-la-cruz,90K Camino de la Cruz,21K,2026-10-03,21,600,Caravaca de la Cruz,Murcia,https://90kcaminodelacruz.es/,https://www.trailrunningcal.com/es/e/90k-camino-de-la-cruz,,,,"21K = Bullas -> Caravaca segment of the Camino de la Cruz. The /21k page carries no Wikiloc embed (unlike /42k = row 379 applied, and /90k = row 377). No dedicated 21 km recording.",90kcaminodelacruz.es; the 21K is the final leg of the longer courses.,,"skipped: segment of the longer course, no dedicated track"
found,610760b1-2c96-4347-9b33-6b2d4790828a,90k-camino-de-la-cruz,90K Camino de la Cruz,90K,2026-10-03,91,2500,Caravaca de la Cruz,Murcia,https://90kcaminodelacruz.es/,https://www.trailrunningcal.com/es/e/90k-camino-de-la-cruz,https://www.wikiloc.com/hiking-trails/90k-camino-de-la-cruz-142215272,official,high,The official site embeds this Wikiloc track on 90kcaminodelacruz.es/90k: 56.93 mi = 91.60 km / 3389 ft = 1033 m vs 91 km / 2500 m in the DB. Distance matches exactly.,"Organizer-vouched track, one way along the Camino de la Vera Cruz to Caravaca. Elevation is 1033 m vs 2500 m in the DB, which likely sums ascent and descent; review the DB figure.",,"skipped: Wikiloc track is hand-drawn on a map, not GPS-recorded (elevation 1033m vs DB 2500m confirms)"
needs_review,876db6d1-8454-48f4-a48e-81242b18bdf2,a-nocturna-do-xeoparque,A Nocturna do Xeoparque,Marcha,2026-10-03,8,400,San Clodio,Lugo,https://quirogatrail.es/a-nocturna-do-xeoparque/,https://www.trailrunningcal.com/es/e/a-nocturna-do-xeoparque,,,,Marcha/Andaina 8/400; walk row. The event's 8 K page embeds the 9.78 km Carreirina track (row 381); no separate 8 km andaina recording.,Walk shares (roughly) the Carreirina course; check before copying.,,needs_review: walk row; no dedicated andaina track
not_found,70cda138-3da2-4033-8569-a830f42d40c1,a-tota-castanya,A Tota Castanya,Moscatell,2026-10-03,5,60,Gurb,Barcelona,https://www.instagram.com/atotacastanya,https://www.trailrunningcal.com/es/e/a-tota-castanya,,,,Moscatell 5/60; no candidate. III edition chestnut-festival fun run; no Wikiloc track; atotacastanyagurb.cat recorreguts page carries profile images only.,Instagram-only official presence.,,"skipped: fun-run, no track"
not_found,dc103e5c-886a-4749-b416-ffe350d92a48,a-tota-castanya,A Tota Castanya,Castanyada,2026-10-03,15,560,Gurb,Barcelona,https://www.instagram.com/atotacastanya,https://www.trailrunningcal.com/es/e/a-tota-castanya,,,,Castanyada 15/560 (press says 13 km); no candidate. Same - no Wikiloc recording; recorreguts page is images only.,Chestnut-festival fun run.,,"skipped: fun-run, no track"
found,f5f0e06a-98a7-4750-8bde-868d7da5470a,anboto-kilometro-bertikala,Anboto Kilometro Bertikala,,2026-10-03,3,1092,Atxondo,Bizkaia,https://inscripciones.kronoak.com/es/evento/xvii-anboto-kilometro-bertikala?auto=1&cmp=1&frm=1,https://www.trailrunningcal.com/es/e/anboto-kilometro-bertikala,https://www.wikiloc.com/hiking-trails/anboto-km-vertical-anboto-kilometro-bertikala-desde-arrazola-atxondo-2079490,wikiloc,medium,"Wikiloc 'Anboto km vertical / Anboto kilometro bertikala | Desde Arrazola, Atxondo': 5.15 mi = 8.29 km / 3576 ft = 1090 m vs 3 km / 1092 m in the DB. Elevation matches almost exactly.","Recorded out and back, so the 8.29 km covers the 3 km climb from Arrazola to Anboto plus the descent. Same pattern as Carrera Vertical Abantos and Untzillaitz Zuzen. XVII edition; official_url is a kronoak registration page.",,
not_found,28dbf771-321d-450d-878f-e21eaf482593,backyard-ultra-curillas,Backyard Ultra Curillas,Backyard Ultra,2026-10-03,6,90,Curillas,León,https://backyardultracurillas.com/,https://www.trailrunningcal.com/es/e/backyard-ultra-curillas,,,,Backyard ultra: a repeated 6 km lap run hourly until one runner remains. Almost nobody uploads the lap track.,"Lap format. If a track is ever needed, it is a single ~6 km loop in Curillas.",,
needs_review,8de0a0fa-66e4-47ce-91e3-ec12c203ae74,benemerita-trail,BENEMÉRITA TRAIL,Marcha,2026-10-03,12,630,Alfacar,Granada,https://benemeritatrail.es/novedades/,https://www.trailrunningcal.com/es/e/benemerita-trail,,,,Marcha 12/630 = same figures as the Open 12K (row 387). The official Drive file is labelled 'Open 12 / Sendero 12'.,Walk shares the Open 12K course; copy track_geometry from row 387 (id 6b4db134-13f2-4b9f-a103-2c4d77427e72).,,needs_review: shares row 387 course; geometry ready to copy
needs_review,726e9a01-1bd1-480c-95e1-36b185dcd5e4,califa-mountain-festival,Califa Mountain Festival,Mini CxM - La Califita,2026-10-03,13,500,Cerro Muriano,Córdoba,https://califamountainfestival.com/,https://www.trailrunningcal.com/es/e/califa-mountain-festival,,,,"Wikiloc 'Califa Mountain Festival. Etapa 3' (185719075) is 11.25 km / 436 m, which could be either this Mini CxM (13 km / 500 m) or the CxM La Crono (12 km / 700 m) in row 435. The festival's Etapa 1 and Etapa 2 are already assigned to rows 372 and 391.",Revised from found: the two remaining races overlap in range and the stage name does not tell them apart. Candidates: wikiloc.com/trail-running-trails/califa-mountain-festival-etapa-3-185719075 and wikiloc.com/trail-running-trails/etapa-3-califa-mountain-festival-116447043. Confirm the stage-to-race mapping with the organizer.,,
found,723c77e0-6ac3-4a76-8855-91cc04276da0,califa-mountain-festival,Califa Mountain Festival,CxM - La Califa,2026-10-03,24,1000,Cerro Muriano,Córdoba,https://califamountainfestival.com/,https://www.trailrunningcal.com/es/e/califa-mountain-festival,https://es.wikiloc.com/rutas-carrera-por-montana/cerro-muriano-116324854,wikiloc,medium,Wikiloc 'Carrera de la Califa Mountain Festival de Cordoba 2022': 27.05 km / 827 m vs 24 km / 1000 m in the DB. Loop from Cerro Muriano in the Sierra de Cordoba.,"Distance is 13% over, inside the +-20% rule. This is the festival's main stage; separate file from the Nocturna in row 372.",,
not_found,6020431a-e6bc-4b81-b996-bd814895ad55,cxm-ciudad-de-valverde,CxM Ciudad de Valverde,Marcha,2026-10-03,11,390,Valverde del Camino,Huelva,https://inscripciones.croniussport.es/inscripcion/xii-cxm-ciudad-de-valverde/?lang=es,https://www.trailrunningcal.com/es/e/cxm-ciudad-de-valverde,,,,"Marcha 11/390; walk row. XII edition; only the X-edition (2024) 'Ruta Larga' (id 178234529, 36.8 km) is recorded on Wikiloc - doesn't match the 2026 26/15/11 km courses.",croniussport registration.,,needs_review: walk row; only an out-of-range old-edition track exists
not_found,7994e750-5127-4de6-8628-646e8baaf0ba,cxm-ciudad-de-valverde,CxM Ciudad de Valverde,CXM TRAIL CORTO,2026-10-03,15,750,Valverde del Camino,Huelva,https://inscripciones.croniussport.es/inscripcion/xii-cxm-ciudad-de-valverde/?lang=es,https://www.trailrunningcal.com/es/e/cxm-ciudad-de-valverde,,,,"CXM TRAIL CORTO 15/750; no candidate. XII edition; only the X-edition (2024) 'Ruta Larga' (id 178234529, 36.8 km) is on Wikiloc - doesn't match the 2026 15 km short course.",croniussport registration.,,skipped: only an out-of-range old-edition track
not_found,c05fca56-c7e8-43a3-b665-56d97ef08a6e,cxm-ciudad-de-valverde,CxM Ciudad de Valverde,CXM TRAIL LARGO,2026-10-03,26,1600,Valverde del Camino,Huelva,https://inscripciones.croniussport.es/inscripcion/xii-cxm-ciudad-de-valverde/?lang=es,https://www.trailrunningcal.com/es/e/cxm-ciudad-de-valverde,,,,"CXM TRAIL LARGO 26/1600; no candidate. Same - the X-edition (2024) 'Ruta Larga' measures 36.8 km / 967 m, not the 2026 26 km / 1600 m course.",croniussport registration.,,skipped: only an out-of-range old-edition track
not_found,015b07aa-7b10-49d3-8f4c-77ac2f943e38,desafio-meracho-trail,Desafío Meracho Trail,Speed Trail,2026-10-03,15,981,Mirones,Cantabria,https://www.gedsports.com/race/desafio-meracho-trail-2026,https://www.trailrunningcal.com/es/e/desafio-meracho-trail,,,,"Speed Trail 15/981; no candidate. The only Wikiloc reference ('Desafio Meracho 12k', id 220797002) is deleted (404); the organizer's Wikiloc account holds only old San Raul / Galizano routes.",gedsports registration.,,skipped: only-referenced track is deleted
needs_review,7e854905-67d4-4b1b-a2eb-e98ae9683439,desafio-meracho-trail,Desafío Meracho Trail,Parejas,2026-10-03,32,2360,Mirones,Cantabria,https://www.gedsports.com/race/desafio-meracho-trail-2026,https://www.trailrunningcal.com/es/e/desafio-meracho-trail,,,,"Parejas 32/2360 = same figures as row 398 (blank, individual 32 km).",Pairs format sharing the 32 km course; no track for that course anyway.,,needs_review: pairs row; no track for the shared course
not_found,aa780b9d-940f-4725-8162-9d73678f19a2,desafio-meracho-trail,Desafío Meracho Trail,,2026-10-03,32,2360,Mirones,Cantabria,https://www.gedsports.com/race/desafio-meracho-trail-2026,https://www.trailrunningcal.com/es/e/desafio-meracho-trail,,,,32/2360; no candidate. Same as row 396 - no live Meracho recording on Wikiloc (12k route deleted).,gedsports registration.,,skipped: no live recording
needs_review,93bc03c2-ebed-458f-bc5e-0f224abca975,la-burrica-trail,La Burrica Trail,Marcha,2026-10-03,13,621,María,Almería,https://www.cruzandolameta.es/ver/la-burrica-trail-vi-cxm-sierra-de-maria-los-velez-2026---2612/,https://www.trailrunningcal.com/es/e/la-burrica-trail,,,,Marcha 13/621 = same figures as row 401 (Minitrail Ruta Corta).,Walk shares the short course; no track for it (only the Ruta Larga is recorded).,,needs_review: walk row; no short-course track
not_found,a475ac99-6cfe-480d-a805-5a81597d8b91,la-burrica-trail,La Burrica Trail,Minitrail Ruta Corta,2026-10-03,13,621,María,Almería,https://www.cruzandolameta.es/ver/la-burrica-trail-vi-cxm-sierra-de-maria-los-velez-2026---2612/,https://www.trailrunningcal.com/es/e/la-burrica-trail,,,,Minitrail Ruta Corta 13/621; no candidate. Only the Ruta Larga 2024 track (id 176897946) exists on Wikiloc; no short-course recording; generic 'Alto de la Burrica' hiking loops rejected (signposted-mountain).,cruzandolameta registration. Row 400 (Marcha) shares this course.,,skipped: no short-course recording
not_found,52510223-80e3-441b-b442-437c2ad2eff9,pena-prieta-skyrace,Peña Prieta SkyRace,Peña Prieta SkyRace,2026-10-03,36,,Vega de Liébana,Cantabria,https://camberas.com/race/ii-pena-prieta-skyrace,https://www.trailrunningcal.com/es/e/pena-prieta-skyrace,,,,Pena Prieta SkyRace 36 km; no candidate. Wikiloc 'Pena Prieta Sky Race 36km - 2.600 m+' (id 225137436) is deleted (404); II edition; camberas.com / uno.es registration; no other recording found.,Only referenced track is gone.,,skipped: only-referenced track is deleted
not_found,bdafa817-b7f5-4d8c-8606-d63e021c75c7,santxikorrota,Santxikorrota,CORTA·MOTZA,2026-10-03,7,82,Arguedas,Navarra,https://web.rockthesport.com/es/event/santxikorrota26-herri-lasterketa,https://www.trailrunningcal.com/es/e/santxikorrota,,,,CORTA 7/82; no candidate. Same flat Santxikorrota course; no track.,Flat road race.,,"skipped: flat road race, no track"
not_found,09c2b401-0d08-4a68-9bec-399566c48254,santxikorrota,Santxikorrota,LARGA·LUZEA,2026-10-03,21,133,Arguedas,Navarra,https://web.rockthesport.com/es/event/santxikorrota26-herri-lasterketa,https://www.trailrunningcal.com/es/e/santxikorrota,,,,LARGA 21/133; no candidate. Santxikorrota is a flat 'herri lasterketa' town road race (133 m over 21 km); no track published; rockthesport registration.,"Flat road/greenway race (Arguedas, Bardenas).",,"skipped: flat road race, no track"
,8e756e8f-1093-4e00-a8ed-4809b4c2a1ea,sport-night-camponaraya,Sport Night Camponaraya,Marcha,2026-10-03,13,146,Camponaraya,León,https://sportnightcamponaraya.com/,https://www.trailrunningcal.com/es/e/sport-night-camponaraya,,,,,,,
,7b10f94b-c7cc-4942-ae8a-4eea7ea48600,sport-night-camponaraya,Sport Night Camponaraya,Corredores,2026-10-03,13,146,Camponaraya,León,https://sportnightcamponaraya.com/,https://www.trailrunningcal.com/es/e/sport-night-camponaraya,,,,,,,
needs_review,61c6d5ff-b1a2-45c3-ab70-f7523b5f9821,trail-el-calero,Trail El Calero,Marcha,2026-10-03,8,295,Barruelo de Santullán,Palencia,https://inscripciones.runvasport.es/inscripcion/iii-trail-el-calero/?lang=es,https://www.trailrunningcal.com/es/e/trail-el-calero,,,,"Marcha 8/295; walk row. Only the ~26 km long-trail Wikiloc ('Trail Minero el Calero', id 177052718, 26.59 km) exists; no 8 km short-course recording.",runvasport registration. Row 419 is the matching 8 km race.,,needs_review: walk row; no short-course track
not_found,ab547ea9-cfc1-4bdf-9fa6-9da58333dc65,trail-el-calero,Trail El Calero,Trail corto,2026-10-03,8,295,Barruelo de Santullán,Palencia,https://inscripciones.runvasport.es/inscripcion/iii-trail-el-calero/?lang=es,https://www.trailrunningcal.com/es/e/trail-el-calero,,,,"Trail corto 8/295; no candidate. Wikiloc 'Trail Minero el Calero' (id 177052718) measures 26.59 km / 969 m = the 25 km long trail, not the 8.4 km short course.",III edition; runvasport registration.,,skipped: only the long-course recording exists
needs_review,57b7d741-90db-4e0d-b35f-05ab045d2495,trail-san-miguel-de-abona,Trail San Miguel de Abona,Parejas,2026-10-03,11,444,Aldea Blanca,Santa Cruz de Tenerife,https://www.canaryrun.com/carrera/trail-san-miguel-de-abona-2026/,https://www.trailrunningcal.com/es/e/trail-san-miguel-de-abona,,,,Parejas 11/444 = same as row 421 (Individual).,Pairs sharing the individual course (row 421).,,needs_review: pairs row; see row 421
needs_review,6b843b26-6343-442a-98ff-0189421ea08f,trail-san-miguel-de-abona,Trail San Miguel de Abona,Individual,2026-10-03,11,444,Aldea Blanca,Santa Cruz de Tenerife,https://www.canaryrun.com/carrera/trail-san-miguel-de-abona-2026/,https://www.trailrunningcal.com/es/e/trail-san-miguel-de-abona,https://es.wikiloc.com/wikiloc/view.do?id=112621941,wikiloc,medium,"Wikiloc 'Trail circular San Miguel de Abona' (id 112621941, 13.53 km / 537 m). +23% vs DB 11 km - past the wikiloc-search gate. But press describes the real 2026 course as ~13.8 km / 574 m, so the DB's 11 km looks understated.",canaryrun.com; IX edition. Needs a catalogue-distance check before applying.,,needs_review: track is +23% vs a likely-understated DB distance
needs_review,73287b54-6e00-49b8-be73-012ee89c4516,trail-solidari-ciutat-d-alcoi,Trail Solidari Ciutat d'Alcoi,Marcha,2026-10-03,18,821,Alcoi,Alicante,https://www.trailsolidarialcoi.org/,https://www.trailrunningcal.com/es/e/trail-solidari-ciutat-d-alcoi,https://es.wikiloc.com/rutas-senderismo/trail-solidari-ciutat-dalcoi-2024-modalidad-marxa-187203711,wikiloc,low,"Wikiloc 'Trail Solidari Ciutat d'Alcoi 2024 (Modalidad Marxa)': 22.02 km / 594 m vs 18 km / 821 m in the DB. Distance is 22% over, just outside the +-20% rule, and elevation 28% short, but the route name states this event and this modality exactly.","The walk distance has varied by edition. Confirm the 2026 marxa length before use; if it is 22 km, this file is right.",,
not_found,452cbc55-04e7-4eb2-ab84-10a89d67cd0c,trail-valdivielso-los-pepiteros,Trail Valdivielso Los Pepiteros,Los Pepiteros,2026-10-03,21,1000,Puente Arenas de Valdivielso,Burgos,https://idjinscripciones.burgos.es/inscripcion/i-trail-valdivielso-los-pepiteros/,https://www.trailrunningcal.com/es/e/trail-valdivielso-los-pepiteros,,,,Los Pepiteros 21/1000; no candidate. I edition; idjinscripciones (Diputacion de Burgos) registration only; no Wikiloc recording.,First edition.,,"skipped: I edition, no track"
needs_review,d71cf6b4-c51f-48a9-bef8-427cf3a3f027,califa-mountain-festival,Califa Mountain Festival,Marcha,2026-10-04,10,,Cerro Muriano,Córdoba,https://califamountainfestival.com/,https://www.trailrunningcal.com/es/e/califa-mountain-festival,,,,Marcha 10 km; walk row. Race siblings (rows 372/391 = 15/24 km) are different courses; no dedicated 10 km marcha track.,califamountainfestival.com; walk row.,,"needs_review: walk row, no matching track"
needs_review,4275d6ec-977c-48e5-8502-5298948c7319,califa-mountain-festival,Califa Mountain Festival,CxM - La Crono,2026-10-04,12,700,Cerro Muriano,Córdoba,https://califamountainfestival.com/,https://www.trailrunningcal.com/es/e/califa-mountain-festival,,,,"Wikiloc 'Califa Mountain Festival. Etapa 3' (185719075) is 11.25 km / 436 m, which could be this CxM La Crono (12 km / 700 m) or the Mini CxM La Califita (13 km / 500 m) in row 392. Stages 1 and 2 are already assigned to rows 372 and 391.",Two races of the same event fall in overlapping ranges and the stage name does not tell them apart. Candidates: wikiloc.com/trail-running-trails/califa-mountain-festival-etapa-3-185719075 and ...-116447043. Confirm with the organizer.,,
not_found,35a25b3c-beb7-4eb7-9b5a-febca546abbd,carrera-y-marcha-de-rabosa,Carrera y Marcha de Rabosa,Trail Bolón,2026-10-04,8,200,Elda,Alicante,https://www.runatica.com/event/xv-carrera-marcha-rabosa-elda-2026,https://www.trailrunningcal.com/es/e/carrera-y-marcha-de-rabosa,,,,Trail Bolon 8/200; no candidate. XV edition local Elda race (runatica); Wikiloc 'Rabosa' matches are the CATI-RABOSA event in Castellon (different place - geography collision per PROCEDURE).,Row 441 (Marcha Bolon) shares this course.,,skipped: no race recording; Rabosa name-collision with Cati (Castellon)
needs_review,a10fa4c6-c8fc-42b8-8070-508629bbe9f0,carrera-y-marcha-de-rabosa,Carrera y Marcha de Rabosa,Marcha Bolón,2026-10-04,8,200,Elda,Alicante,https://www.runatica.com/event/xv-carrera-marcha-rabosa-elda-2026,https://www.trailrunningcal.com/es/e/carrera-y-marcha-de-rabosa,,,,Marcha Bolon 8/200 = same as row 437 (Trail Bolon).,Walk row; that course has no recording anyway.,,needs_review: walk row; no track
not_found,9c2ba2fb-b252-4532-be5f-c347f69d1aed,carrera-y-marcha-de-rabosa,Carrera y Marcha de Rabosa,Marcha Pocico,2026-10-04,15,500,Elda,Alicante,https://www.runatica.com/event/xv-carrera-marcha-rabosa-elda-2026,https://www.trailrunningcal.com/es/e/carrera-y-marcha-de-rabosa,,,,"Walk over the same 15 km Pocico course as the race, which itself has no track (see row 439).",Never assign a race track to the walk. official_url is a runatica registration page. Retry after the race.,,
not_found,878af6a5-6ba1-42a9-9165-addecde6fe68,carrera-y-marcha-de-rabosa,Carrera y Marcha de Rabosa,Trail Pocico,2026-10-04,15,500,Elda,Alicante,https://www.runatica.com/event/xv-carrera-marcha-rabosa-elda-2026,https://www.trailrunningcal.com/es/e/carrera-y-marcha-de-rabosa,,,,"No recording matches 15 km / 500 m for the Trail Pocico; the Elda hits are hiking routes over Camara and Bolon, and the Cati-Rabosa files belong to a different event.",official_url is a runatica registration page with no track. Retry after the race.,,
not_found,5be0a514-e278-4378-b40d-5bf2a442268f,carrera-y-marcha-de-rabosa,Carrera y Marcha de Rabosa,Trail Camara,2026-10-04,21,875,Elda,Alicante,https://www.runatica.com/event/xv-carrera-marcha-rabosa-elda-2026,https://www.trailrunningcal.com/es/e/carrera-y-marcha-de-rabosa,,,,Trail Camara 21/875; no candidate. Same - no Elda Rabosa recording on Wikiloc; CATI-RABOSA hits are the Castellon event.,runatica registration.,,skipped: no race recording; name-collision
not_found,895c6d04-0378-4033-b51a-9a1bcff64b39,kom-trail-del-corredor,Kom Trail del Corredor,Kom 12,2026-10-04,11,375,Llinars del Vallès,Barcelona,https://komtrail.blogspot.com,https://www.trailrunningcal.com/es/e/kom-trail-del-corredor,,,,Kom 12 (11.3 km); no candidate. Only KOM 21 tracks on Wikiloc (id 6553340 etc.); komtrail.blogspot has no track link; no short-course recording.,Centre Excursionista Llinars; row 446 (Kom 24) applied.,,skipped: only the KOM 21 course is recorded
found,7a6d7e9c-0d1e-4d64-a890-67eaf0a0b85a,kom-trail-del-corredor,Kom Trail del Corredor,Kom 24,2026-10-04,23,785,Llinars del Vallès,Barcelona,https://komtrail.blogspot.com,https://www.trailrunningcal.com/es/e/kom-trail-del-corredor,https://es.wikiloc.com/rutas-carrera-por-montana/kom-21-2019-trail-del-corredor-montnegre-38671668,wikiloc,medium,"Wikiloc 'KOM 21 - 2019, Trail del Corredor - Montnegre': the organizer states 21.2 km / 977 m for this course vs 23 km / 785 m in the DB. Loop from Llinars del Valles to the Santuari del Corredor.",The race is now branded Kom 24 but the course is the same Corredor loop. Alternative: es.wikiloc.com/rutas-carrera-por-montana/kom-21-trail-del-corredor-montnegre-6553340. komtrail.blogspot.com publishes no track.,,
not_found,8fbe8218-4da8-4aca-84a5-97e30672f642,mansolea-trail,Mansolea Trail,Carrera Larga,2026-10-04,20,1300,Pimiango,Asturias,https://inscripciones.empa-t.com/inscripcion/iii-mansolea-trail-2026/inscripcion_datos/?lang=es,https://www.trailrunningcal.com/es/e/mansolea-trail,,,,"Carrera Larga 20/1300; no candidate. Only the Corta (12 km, id 192755668) is recorded on Wikiloc (used by rows 448/449); no Larga recording.",III edition; empa-t registration.,,skipped: only the short-course recording exists
needs_review,6be7d804-834b-4d09-9990-da4de4394d1f,marxa-dels-termes,Els Termes,La Curta,2026-10-04,14,558,Arenys de Munt,Barcelona,https://www.marxadelstermes.com/,https://www.trailrunningcal.com/es/e/marxa-dels-termes,,,,"Duplicate DB entry: same event, same La Curta race and figures as row 451, both under the event_slug marxa-dels-termes.",The track is the one assigned to row 451. Never assign the same file to both rows; the two catalogue entries should probably be merged.,,
needs_review,dbac4f6f-7d79-4c1e-9fb0-88458db43d09,marxa-dels-termes,Els Termes,La Llarga,2026-10-04,21,844,Arenys de Munt,Barcelona,https://www.marxadelstermes.com/,https://www.trailrunningcal.com/es/e/marxa-dels-termes,,,,"Duplicate DB entry: same event, same La Llarga race and figures as row 453.",The track is the one assigned to row 453. Never assign the same file to both rows; merge the two catalogue entries.,,
not_found,047641a6-b201-4ae6-aa0c-ca790a75b871,montpedro-trail-la-roia,Montpedró Trail,La Seroneta,2026-10-04,8,200,Ivars de Noguera,Lleida,https://lamontpedro.home.blog,https://www.trailrunningcal.com/es/e/montpedro-trail-la-roia,,,,La Seroneta 8/200; no candidate. Only the 24 km (row 457) and 15 km (row 458) courses are recorded; no 8 km recording; lamontpedro.home.blog has no track for this distance.,"Ivars de Noguera, Lleida.",,skipped: only the longer courses are recorded
not_found,118f829b-d043-406a-a75c-9b5303040bfa,montpedro-trail-la-roia,Montpedró Trail,Marcha,2026-10-04,8,200,Ivars de Noguera,Lleida,https://lamontpedro.home.blog,https://www.trailrunningcal.com/es/e/montpedro-trail-la-roia,,,,"Walk over the same 8 km Seroneta course, which itself has no track (see row 455).",Never assign a race track to the walk. Retry after the race.,,
found,855d3517-bdd0-477a-872c-976c6885bb34,montpedro-trail-la-roia,Montpedró Trail,La Roia,2026-10-04,15,650,Ivars de Noguera,Lleida,https://lamontpedro.home.blog,https://www.trailrunningcal.com/es/e/montpedro-trail-la-roia,https://www.wikiloc.com/trail-running-trails/trail-montpedro-19k-ivars-de-noguera-148155816,wikiloc,medium,"Wikiloc 'Trail Montpedro 19k, Ivars de Noguera': 11.05 mi = 17.78 km / 1991 ft = 607 m vs 15 km / 650 m in the DB. Loop via the Ermita de Sant Salvador and the Cova de Salga.","Distance is 19% over, just inside the +-20% rule. The organizer describes La Roia as the ~20 km circuit, so this is the right course; the DB figure of 15 km may be low.",,
found,7e7da3a5-24f0-42d7-9b0b-1aa059370293,montpedro-trail-la-roia,Montpedró Trail,La Montpedró,2026-10-04,24,1200,Ivars de Noguera,Lleida,https://lamontpedro.home.blog,https://www.trailrunningcal.com/es/e/montpedro-trail-la-roia,https://es.wikiloc.com/rutas-carrera-por-montana/montpedro-trail-l-22815013,wikiloc,medium,Wikiloc 'Montpedro Trail L': 27.83 km / 1308 m vs 24 km / 1200 m in the DB. Loop from Ivars de Noguera over Montpedro; the L in the name marks the long course.,"Distance is 16% over, inside the +-20% rule. The organizer has run this circuit at 24-28 km depending on the year.",,
,3bb5685a-2c37-40d2-9282-752021736881,roncesvalles-zubiri,Roncesvalles-Zubiri,Media Maratón Trail,2026-10-04,21,314,Roncesvalles,Navarra,https://roncesvalleszubiri.com/,https://www.trailrunningcal.com/es/e/roncesvalles-zubiri,,,,,,,
not_found,33780bee-0336-4fdf-a9ea-8cddcec0a2ed,sanabria-glaciar-ultra-trail,Sanabria Glaciar Ultra Trail,Sprint Trail,2026-10-04,16,398,San Martín de Castañeda,Zamora,https://smartchip.es/view.php?id=2053,https://www.trailrunningcal.com/es/e/sanabria-glaciar-ultra-trail,,,,"Sprint Trail 16/398; no candidate. Name collision - Wikiloc 'Ultra Sanabria' results are the multi-day 'Ultra Sanabria by Stages' (ultrasanabria.es), a different event. The single-day 'Sanabria Glaciar Ultra Trail' (smartchip) has no dedicated recording.",smartchip registration.,,skipped: name-collision with the stage race; no recording
not_found,8258e716-e42e-48bc-af51-e82fb0684beb,sanabria-glaciar-ultra-trail,Sanabria Glaciar Ultra Trail,Adventure Trail,2026-10-04,20,792,San Martín de Castañeda,Zamora,https://smartchip.es/view.php?id=2053,https://www.trailrunningcal.com/es/e/sanabria-glaciar-ultra-trail,,,,Adventure Trail 20/792; no candidate. Same name collision.,smartchip registration.,,skipped: name-collision; no recording
needs_review,0f2bb743-c63e-4f77-8ed4-fb2b640ae4f4,sprint-trail-senyera,Sprint Trail Senyera,Marcha,2026-10-04,8,250,Senyera,Valencia,https://web.rockthesport.com/es/event/sprint-trail-senyera-2026,https://www.trailrunningcal.com/es/e/sprint-trail-senyera,,,,"Marcha 8/250; walk row. The 13 km Sprint course (row 469, applied) is the competitive course.",The 8 km Sender walk shares part of the course.,,needs_review: walk row; see row 469
needs_review,daeca086-d183-4f47-b70d-c13133bc4a96,trail-cortes-de-pall-s,Trail Cortes de Pallás,Marcha,2026-10-04,9,,Cortes de Pallás,Valencia,https://amidasports.com/trail-cortes-de-pallas-2026/,https://www.trailrunningcal.com/es/e/trail-cortes-de-pall-s,,,,"Marcha 9 km; walk row. Shares (roughly) the Sprint 10K course (row 474, applied).",amidasports.com; walk row.,,needs_review: walk row; see row 474
found,1b32572d-4db8-431d-8f1a-931739aab3e1,trail-cortes-de-pall-s,Trail Cortes de Pallás,Trail,2026-10-04,21,909,Cortes de Pallás,Valencia,https://amidasports.com/trail-cortes-de-pallas-2026/,https://www.trailrunningcal.com/es/e/trail-cortes-de-pall-s,https://es.wikiloc.com/rutas-senderismo/trail-cortes-de-pallas-191370233,wikiloc,medium,"Wikiloc 'Trail cortes de Pallas': 24.92 km / 1637 m vs 21 km / 909 m in the DB. Loop from the church of Cortes de Pallas past the three waterfalls, Castillo de Ruaya and Paso de la Franca.","Distance is 19% over, just inside the +-20% rule, and elevation is well above the DB figure. The official amidasports page links the same Google Drive folder that 404s for Trail Jalance. Verify before use.",,
needs_review,bb4cdbd9-e95f-40e5-b5e2-47dbd3b562ff,trail-de-alconchel,Trail de Alconchel,Marcha,2026-10-04,10,300,Alconchel,Badajoz,https://ayuntamientodealconchel.es/evento/x-trail-de-alconchel-2026/,https://www.trailrunningcal.com/es/e/trail-de-alconchel,,,,Marcha 10/300; walk row. No race recording for any Trail de Alconchel course.,See rows 476/477.,,needs_review: walk row; no track
not_found,ab43f3f5-13a5-449b-ba4e-126bb3dd60e1,trail-de-alconchel,Trail de Alconchel,Trail Corto,2026-10-04,12,350,Alconchel,Badajoz,https://ayuntamientodealconchel.es/evento/x-trail-de-alconchel-2026/,https://www.trailrunningcal.com/es/e/trail-de-alconchel,,,,Trail Corto 12/350; no candidate. Same - no race-specific recording.,X edition.,,skipped: no race recording
not_found,4df5c657-f56c-4892-befd-32c0f40a7a7d,trail-de-alconchel,Trail de Alconchel,Trail Largo,2026-10-04,21,700,Alconchel,Badajoz,https://ayuntamientodealconchel.es/evento/x-trail-de-alconchel-2026/,https://www.trailrunningcal.com/es/e/trail-de-alconchel,,,,"Trail Largo 21/700; no candidate. X edition; only generic Alconchel MTB/hiking routes on Wikiloc, none the race course; ayuntamientodealconchel.es has a reglamento PDF only.",Ayuntamiento de Alconchel.,,skipped: no race recording
needs_review,c87d6197-1103-42f0-a9e5-f5ca47d249e7,trail-el-yelmo,Trail El Yelmo,Marcha,2026-10-04,17,800,Segura de la Sierra,Jaén,https://deportime.es/events/xviii-carrera-trail-el-yelmo-2026/,https://www.trailrunningcal.com/es/e/trail-el-yelmo,,,,Marcha 17/800 = same figures as row 480 (Trail Corto). Shares the short course.,See row 480 (official Wikiloc id 201453965).,,needs_review: walk row; see row 480
found,3130ef8e-0d10-4ab8-a2ef-6aad070fe1e4,trail-el-yelmo,Trail El Yelmo,Trail Largo,2026-10-04,27,1600,Segura de la Sierra,Jaén,https://deportime.es/events/xviii-carrera-trail-el-yelmo-2026/,https://www.trailrunningcal.com/es/e/trail-el-yelmo,https://www.wikiloc.com/trail-running-trails/ix-carrera-de-montana-fia-el-yelmo-segura-wireless-13016284,wikiloc,medium,"Wikiloc 'IX Carrera de Montana FIA El Yelmo - Segura Wireless': 15.73 mi = 25.31 km / 3665 ft = 1117 m vs 27 km / 1600 m in the DB. One way, high point 1786 m, matching the Yelmo summit at 1809 m.","Corrects the earlier not_found on this row: the race is recorded under its older FIA El Yelmo / Segura Wireless name, not under Trail El Yelmo. Recorded at the IX edition; the queue row is the XVIII.",,
needs_review,dcfbd4c4-bd80-4b05-aac5-a5d27f0a2b00,trail-faro-de-budino,Trail Faro de Budiño,Marcha,2026-10-04,8,300,O Porriño,Pontevedra,https://www.321go.es/Carrera/Detail/564-vtrailfarodebudio,https://www.trailrunningcal.com/es/e/trail-faro-de-budino,,,,Andaina 8/300; walk row. See row 482 - that course has no recording anyway.,321go registration.,,needs_review: walk row; see row 482
not_found,b4e4a8ea-a885-40db-aa9a-d4b041ea04ab,trail-faro-de-budino,Trail Faro de Budiño,Trail,2026-10-04,16,600,O Porriño,Pontevedra,https://www.321go.es/Carrera/Detail/564-vtrailfarodebudio,https://www.trailrunningcal.com/es/e/trail-faro-de-budino,,,,"Trail 16/600; no candidate. 321go registration only (reglamento PDF, no track). All Wikiloc 'Faro de Budiño' hits are hiking/MTB routes of the Faro landmark (name-shares-the-mountain), none is the race course. Small local Galician race with no organizer site.","V edition; O Porriño, Pontevedra.",,skipped: no race recording; only landmark hiking/MTB routes
,830b12de-f18a-4290-866d-82121524777f,trail-monte-castelo,Trail Monte Castelo,Marcha,2026-10-04,10,350,Burela,Lugo,https://sportmaniacs.com/es/races/i-trail-monte-castelo-2026,https://www.trailrunningcal.com/es/e/trail-monte-castelo,,,,,,,
,52768304-82b4-4307-ac08-825238931e2a,trail-monte-castelo,Trail Monte Castelo,Trail Monte Castelo,2026-10-04,15,900,Burela,Lugo,https://sportmaniacs.com/es/races/i-trail-monte-castelo-2026,https://www.trailrunningcal.com/es/e/trail-monte-castelo,,,,,,,
needs_review,f9ba3c4e-b9d3-4ac7-85f3-2d36559cd359,trail-pozo-de-los-moros,Trail Pozo de los Moros,Marcha,2026-10-04,14,,Bornos,Cádiz,https://inscripciones.croniussport.es/inscripcion/x-cxm-trail-pozo-los-moros/,https://www.trailrunningcal.com/es/e/trail-pozo-de-los-moros,,,,"Marcha 14 km; walk row, same figures as row 487 (Carrera corta 14). Distinct from the recorded 12 km caminata (row 486). No recording for the 14 km course anyway.",croniussport registration.,,needs_review: walk row; see row 487
not_found,ae67b1a8-f3c4-439c-9093-9835bf52efc4,trail-pozo-de-los-moros,Trail Pozo de los Moros,Carrera corta,2026-10-04,14,500,Bornos,Cádiz,https://inscripciones.croniussport.es/inscripcion/x-cxm-trail-pozo-los-moros/,https://www.trailrunningcal.com/es/e/trail-pozo-de-los-moros,,,,"Carrera corta 14/500; no candidate. Only the long course is recorded (CXM Pozo Moros 2024 id 155289549 ~20 km, used by row 488; and 'V TRAIL POZO LOS MOROS' id 86890557 = 22.44 km = also the long course) plus the 12 km caminata (id 155439227, row 486). No 14 km short-course recording.",X edition; croniussport registration.,,skipped: only the long-course recording exists
needs_review,e1f3075b-c7b6-4015-87fa-f7027630449d,trofeo-pico-cueto,Trofeo Pico Cueto,Relevos de 3,2026-10-04,6,250,Pravia,Asturias,https://trofeopicocueto.com/,https://www.trailrunningcal.com/es/e/trofeo-pico-cueto,,,,"Relevos de 3, 6/250. Relay-only event: teams of 3 each run the same ~6 km circuit, there is no individual race distance. trofeopicocueto.com publishes only a profile image + reglamento PDF, no track, no Wikiloc embed.","Pravia, Asturias; Club de Atletismo Pravia.",,"needs_review: relay-only event, no track published, no individual sibling row"
found,8a178561-7298-4589-9e18-329eb71a2749,bizkaia-kopa-trail,Bizkaia Kopa Trail,Trail,2026-10-10,10,368,Arrieta,Bizkaia,https://bizkaiakopatrail.com/,https://www.trailrunningcal.com/es/e/bizkaia-kopa-trail,https://es.wikiloc.com/rutas-prueba-combinada/bkt-arrieta-10k-180095085,wikiloc,medium,"Wikiloc 'BKT ARRIETA 10K', in the same organizer-uploaded series as the BKT Trapagaran and BKT Morga tracks that bizkaiakopatrail.com links for its other stages. The route name states the stage and the 10 km distance, matching this row.","The route page redirects to a Wikiloc login, so the distance and D+ could not be read; verify after downloading. The official site links the other stages but not Arrieta.",,
needs_review,5385c9e6-e300-433d-9e9d-5e3b14b09a11,bizkaia-kopa-trail,Bizkaia Kopa Trail,Marcha,2026-10-10,10,368,Arrieta,Bizkaia,https://bizkaiakopatrail.com/,https://www.trailrunningcal.com/es/e/bizkaia-kopa-trail,,,,"Walk over the same 10 km course as the Trail, with identical figures in the DB; the series publishes one track per stage distance.",The track is the one assigned to row 501. Never assign the same file to both rows.,,
found,c8f09db3-7c53-4d34-8a48-55737e7f160a,bizkaia-kopa-trail,Bizkaia Kopa Trail,Trail,2026-10-10,20,685,Arrieta,Bizkaia,https://bizkaiakopatrail.com/,https://www.trailrunningcal.com/es/e/bizkaia-kopa-trail,https://es.wikiloc.com/rutas-prueba-combinada/bkt-arrieta-20k-180103737,wikiloc,medium,"Wikiloc 'BKT ARRIETA 20K', same organizer-uploaded series as the BKT tracks linked from bizkaiakopatrail.com. The name states the stage and the 20 km distance, matching this row.","The route page redirects to a Wikiloc login, so the stats could not be read; verify after downloading.",,
needs_review,fca1192c-5709-4130-b99d-fff57ff5d75e,bizkaia-kopa-trail,Bizkaia Kopa Trail,Marcha,2026-10-10,20,685,Arrieta,Bizkaia,https://bizkaiakopatrail.com/,https://www.trailrunningcal.com/es/e/bizkaia-kopa-trail,,,,"Walk over the same 20 km course as the Trail, with identical figures in the DB.",The track is the one assigned to row 502. Never assign the same file to both rows.,,
not_found,0cc8835d-1e93-4a5e-bf7b-53fa86214f9f,desafio-boquin-vertical-race,Desafío Boquín Vertical Race,VERTICAL,2026-10-10,3,500,Icod de los Vinos,Santa Cruz de Tenerife,https://inscripciones.ascensotiming.es/inscripcion/desafio-boquin-vertical-race-2026/?lang=es,https://www.trailrunningcal.com/es/e/desafio-boquin-vertical-race,,,,3 km vertical with 500 m of gain; official_url is an ascensotiming registration page with no track and no matching recording found.,"Vertical race well under 5 km: few recordings. Retry after the race, and expect any recording to include the descent.",,
not_found,7e57781a-8a71-45f8-9d05-13201d72ad7a,espaseta-backyard-ultra,Espaseta Backyard Ultra,Espaseta Backyard Bellpuig - 6K,2026-10-10,6.7,,Bellpuig,Lleida,https://sites.google.com/view/espasetabackyardbellpuig/normativa-espaseta?authuser=0,https://www.trailrunningcal.com/es/e/espaseta-backyard-ultra,,,,Backyard ultra: a repeated 6.7 km lap run hourly until one runner remains. Almost nobody uploads the lap track; official_url is a Google Sites rules page.,"Lap format. If a track is ever needed, it is a single ~6.7 km loop in Bellpuig.",,
needs_review,49151f6b-314d-4123-9566-d6e7908ca270,granuja-xtreme,Granuja Xtreme,Marcha,2026-10-10,12,500,Pradoluengo,Burgos,https://www.granujaxtreme.com/,https://www.trailrunningcal.com/es/e/granuja-xtreme,,,,"'Pícara (Marcha)' 12 km / +500 m: explicitly a walk ('una forma mas llevadera... sin ir a competir'), own course distinct from the 27 km/16 km races (rows 511/512). granujaxtreme.com/recorrido/3 states the figures but hosts no track; no Wikiloc recording; no individual sibling at this distance.","Pradoluengo, Burgos; buscametas registration.",,"needs_review: walk row (Pícara marcha), no track published, no individual sibling"
not_found,eb83bdaa-e539-4b52-a552-80a59f78b252,la-xafonada,La Xafonada,,2026-10-10,12,700,Odèn,Lleida,https://www.oden.cat/home/xafonada/,https://www.trailrunningcal.com/es/e/la-xafonada,,,,"12 km / 700 m circular, Circuit Fer. oden.cat/home/xafonada carries only a Google Maps embed (no track); circuitfer.cat links straight back to it; no Wikiloc recording of the race (only generic Cambrils/Odèn hiking routes).","Cambrils del Pirineu, Odèn, Lleida; small Catalan local race.",,skipped: no track on the organizer pages; no race recording
needs_review,e9ded46f-b8f3-441a-98e6-c4f3531d8c10,siyasa-gran-trail,Siyasa Gran Trail,Marcha,2026-10-10,15,500,Cieza,Murcia,https://siyasagrantrail.es/,https://www.trailrunningcal.com/es/e/siyasa-gran-trail,,,,Marcha 15/500 = same figures as row 515 (Promo Siyasa Trail). Shares that course.,See row 515 (Wikiloc id 114777707).,,needs_review: walk row; see row 515
needs_review,2da45c5c-1258-4db0-9730-7fe600de70e0,siyasa-gran-trail,Siyasa Gran Trail,Gran Maratón Siyasa,2026-10-10,42,2300,Cieza,Murcia,https://siyasagrantrail.es/,https://www.trailrunningcal.com/es/e/siyasa-gran-trail,https://www.wikiloc.com/trail-running-trails/siyasa-gran-trail-2024-gran-maraton-51-k-189598021,wikiloc,low,"Wikiloc 'Siyasa Gran Trail 2024 - Gran Maraton 51 k': 31.66 mi = 50.94 km / 7943 ft = 2421 m vs 42 km / 2300 m in the DB. Elevation is close but distance is 21% over, just outside the +-20% rule.","The 2024 Gran Maraton was 51 km while the DB stores 42 km for 2026, so the course was shortened. Verify the current length before use.",,
needs_review,617872ea-ebc6-4c24-bf90-2275265a7c29,trail-pueblos-blancos,Trail Pueblos Blancos,Marcha,2026-10-10,17,450,Setenil de las Bodegas,Cádiz,https://trailpueblosblancos.com/,https://www.trailrunningcal.com/es/e/trail-pueblos-blancos,,,,Marcha 17/450 = same figures as row 519 (Mini Trail).,See row 519 - no recording exists for that course anyway.,,needs_review: walk row; see row 519
not_found,06327df1-e06d-4f08-b88c-b078f0ce5d97,trail-pueblos-blancos,Trail Pueblos Blancos,Mini Trail Pueblos Blancos,2026-10-10,17,450,Setenil de las Bodegas,Cádiz,https://trailpueblosblancos.com/,https://www.trailrunningcal.com/es/e/trail-pueblos-blancos,,,,Mini Trail 17/450; no matching recording. In 2025 the event's 'Mini Trail' was 35 km (Wikiloc id 234455661) and the senderismo was 12.4 km (id 235462217); the 2024 race measured 55 km (id 192871741). The 17 km Mini Trail is a new-for-2026 shorter distance with no recording. Editions reshuffle distances yearly.,"Setenil de las Bodegas, Cadiz.",,skipped: no matching-distance recording; course changes each edition
not_found,2c161785-195c-451f-8513-45812902cbf7,ultra-trail-serra-de-montsant,OTSO Ultra Trail Serra de Montsant,Marathon Serra de Montsant,2026-10-10,45,2343,Ulldemolins,Tarragona,https://www.naturetime.es/en/ultra-trail-serra-montsant-4,https://www.trailrunningcal.com/es/e/ultra-trail-serra-de-montsant,,,,Marathon Serra de Montsant 44/45 km; no candidate. naturetime.es links Wikiloc tracks only for the 25 km/11 km/7 km. Only the 63 km Ultra course is recorded (Wikiloc 'Ultra Montsant 2025' id 235607387 = row 525); the 44 km Marathon shortcuts some Ultra loops and has no separate recording.,"Ulldemolins, Tarragona; OTSO UTSM Costa Daurada.",,skipped: only the 63 km Ultra course is recorded
needs_review,91070b37-998b-47fd-9239-9a4eed5d70e2,ultra-trail-serra-de-montsant,OTSO Ultra Trail Serra de Montsant,Montsant Stage Run,2026-10-10,88,4733,Ulldemolins,Tarragona,https://www.naturetime.es/en/ultra-trail-serra-montsant-4,https://www.trailrunningcal.com/es/e/ultra-trail-serra-de-montsant,,,,"naturetime.es states '88KM - MONTSANT STAGE RUN (63KM + 25KM)' - a 2-day aggregate of the 63 km Ultra (row 525, applied) plus the 25 km Trail. No single file for the sum.","Components: row 525 (Ultra 63 km) + the 25 km Trail (Wikiloc id 145717681, linked by the organizer).",,needs_review: stage aggregate; see row 525 + the 25 km course
found,c7a74e73-67ae-4005-a65c-95a023c95723,urdazubiko-kontrabandisten-lasterketa,Urdazubiko Kontrabandisten Lasterketa,Gaueko Lanak,2026-10-10,11,650,Urdazubi / Urdax,Navarra,https://pyreneeschrono.fr/evenement/urdazubiko-kontrabandisten-lasterketa/,https://www.trailrunningcal.com/es/e/urdazubiko-kontrabandisten-lasterketa,https://eu.wikiloc.com/ibilbide-mendi-lasterketak/urdazubiko-kontrabandisten-lasterketa-gaueko-lanak-2019-39266340,wikiloc,medium,"Wikiloc 'Urdazubiko kontrabandisten lasterketa: Gaueko Lanak 2019': 9.65 km / 485 m vs 11 km / 650 m in the DB. The organizer describes Gaueko Lanak as a 9.5 km night race with 500 m of gain, matching this file rather than the DB figure.",Distance is 12% short of the DB but matches the organizer's own description; the catalogue figure looks high.,,
needs_review,d7edd84a-ae1e-4a6f-a86f-3288da588d61,urdazubiko-kontrabandisten-lasterketa,Urdazubiko Kontrabandisten Lasterketa,Gaueko Lanak + Maratoi erdia,2026-10-10,32,1700,Urdazubi / Urdax,Navarra,https://pyreneeschrono.fr/evenement/urdazubiko-kontrabandisten-lasterketa/,https://www.trailrunningcal.com/es/e/urdazubiko-kontrabandisten-lasterketa,,,,"Combined entry: this row is the Gaueko Lanak (9.65 km) plus the Maratoi erdia (21.29 km) run as one classification, and 32 km / 1700 m in the DB is close to their sum.",The two component tracks are the files assigned to rows 526 and 527. There is no single combined file; decide with Ruben whether this row should hold one of them or be merged.,,
not_found,f263dcd4-2322-4bbd-94ed-94fb6018926f,zubietako-mendi-lasterketa,Zubietako Mendi Lasterketa,,2026-10-10,12,640,Zubieta,Navarra,https://inscripcion.kirolprobak.com/inscripcion/ii-zubietako-mendi-lasterketa/?lang=es,https://www.trailrunningcal.com/es/e/zubietako-mendi-lasterketa,,,,"12 km / 640 m; no candidate. II edition (first run 11 Oct 2025); kirolprobak registration only, no organizer site; no Wikiloc recording under the race name (only other Navarra/Basque towns' mendi lasterketak).","Zubieta, Navarra.",,"skipped: I/II edition, no track, no recording"
not_found,e07ac447-3ea2-4bc1-a5e5-f81916297634,campionat-maqui-castelltallat,Cursa Muntanya Castelltallat,,2026-10-11,5,150,Castelltallat,Barcelona,https://www.campionatmaqui.cat/cursa-castelltallat-14km-5km/,https://www.trailrunningcal.com/es/e/campionat-maqui-castelltallat,,,,5 km / 150 m; no candidate. The short popular option has no Wikiloc recording; campionatmaqui.cat publishes no track.,Same event as row 530.,,skipped: no recording for the 5 km option
not_found,ba750eca-5578-420c-92bc-9498d27f618d,campionat-maqui-castelltallat,Cursa Muntanya Castelltallat,,2026-10-11,14,300,Castelltallat,Barcelona,https://www.campionatmaqui.cat/cursa-castelltallat-14km-5km/,https://www.trailrunningcal.com/es/e/campionat-maqui-castelltallat,,,,"14.5 km / 300 m; no in-window candidate. campionatmaqui.cat hosts no track. Wikiloc: 'Castelltallat Campionat Maqui' (id 86636903) recorded Oct 2021 = 14.66 km / 401 m (>4 yrs); 'Cursa castelltallat 2018' (id 29601769) older still. The organizer states the course 'adds new sections each year' ('La feréstega'), so an old edition can't be trusted.",XV edition; Castelltallat (Sant Mateu de Bages).,,skipped: only recordings are >4 yrs old and the course changes yearly
needs_review,6b0a4cb2-478c-42d5-90f5-3fe8287b8d31,cursa-de-tivissa,Cursa de Tivissa,Marcha,2026-10-11,8,644,Tivissa,Tarragona,https://www.cursativissa.cat/cursa,https://www.trailrunningcal.com/es/e/cursa-de-tivissa,,,,Marcha 8/644 = same course as row 532 (route titled 'Cursa Exprés i Marxa per Muntanya de Tivissa').,See row 532 (official Wikiloc id 280369609).,,needs_review: walk row; see row 532
found,4c5813fe-6b49-4322-bb38-4d08c5a3684b,cursa-de-tivissa,Cursa de Tivissa,Cursa Absoluta,2026-10-11,19,970,Tivissa,Tarragona,https://www.cursativissa.cat/cursa,https://www.trailrunningcal.com/es/e/cursa-de-tivissa,https://www.wikiloc.com/trail-running-trails/cursa-de-muntanya-de-tivissa-8251331,wikiloc,medium,"Wikiloc 'Cursa de Muntanya de Tivissa': 14.04 mi = 22.59 km / 4055 ft = 1236 m vs 19 km / 970 m in the DB. Loop from Tivissa via Sant Blai, Coll del Ventall and La Tossa.","Distance is 19% over, just inside the +-20% rule; the course has varied by edition. Alternative: ca.wikiloc.com/rutes-cursa-de-muntanya/7a-cursa-de-muntanya-de-tivissa-3495634.",,
needs_review,32cc31c7-9ace-4d8c-942d-e51e3fdd8c41,cursa-serra-de-les-fites,Serra de les Fites,Marcha,2026-10-11,13,350,La Pobla de Massaluca,Tarragona,https://serradelesfites.org/,https://www.trailrunningcal.com/es/e/cursa-serra-de-les-fites,,,,Marxa 13/350 = same course as row 535 (route titled 'Cursa SDLF Curta i Marxa').,See row 535 (official Wikiloc id 271836964).,,needs_review: walk row; see row 535
found,4d0f62f7-433b-4a3a-bbd3-e3fea2b5ea70,cursa-serra-de-les-fites,Serra de les Fites,Cursa Llarga,2026-10-11,25,1100,La Pobla de Massaluca,Tarragona,https://serradelesfites.org/,https://www.trailrunningcal.com/es/e/cursa-serra-de-les-fites,https://www.wikiloc.com/running-trails/cursa-serra-de-les-fites-47619244,wikiloc,medium,Wikiloc 'Cursa Serra de les Fites': 13.65 mi = 21.96 km / 2638 ft = 804 m vs 25 km / 1100 m in the DB. Loop from la Pobla de Massaluca over the Serra de les Fites.,Distance is 12% short and elevation 27% short; the route name matches the event but states no edition. Verify before use.,,
not_found,50ce7a70-be9f-4546-8288-8c2f7244a480,endino-trail,Endino Trail,Trail,2026-10-11,13,,Suano,Cantabria,https://www.gedsports.com/race/endino-trail-2026,https://www.trailrunningcal.com/es/e/endino-trail,,,,"Trail 13 km; no candidate. The 2026 Endino Trail has only a 22 km Trail (row 541), a 13 km Andarines march (row 542) and a kids' peque-trail - no 13 km trail race. This row appears to duplicate the 13 km Andarines.","Suano, Cantabria; gedsports registration. Likely a catalogue duplicate of row 542.",,skipped: no 13 km trail race in the event
needs_review,a6f657b2-6c7b-4fb4-90af-01ef795cd3d3,endino-trail,Endino Trail,Marcha,2026-10-11,13,631,Suano,Cantabria,https://www.gedsports.com/race/endino-trail-2026,https://www.trailrunningcal.com/es/e/endino-trail,,,,Marcha 13/631 = the Andarines 13 km march; follows part of the 22 km Trail course (row 541). No dedicated 13 km recording found.,See row 541 (official Wikiloc id 139146325) for the full course.,,needs_review: walk row; partial of row 541 course
not_found,424b4401-37a2-4f71-bcae-4c00c2f87e47,espaseta-backyard-ultra,Espaseta Backyard Ultra,Espaseta Backyard Bellpuig Caminada - 6K,2026-10-11,6.7,,Bellpuig,Lleida,https://sites.google.com/view/espasetabackyardbellpuig/normativa-espaseta?authuser=0,https://www.trailrunningcal.com/es/e/espaseta-backyard-ultra,,,,"Walk over the same 6.7 km backyard lap as the race, which itself has no track (see row 509).",Lap format. Retry after the race.,,
not_found,90be4599-e44e-4570-b715-a0d536423e99,trail-arona,Trail Arona,Carrera,2026-10-11,10,647,Arona,Santa Cruz de Tenerife,https://inscripciones.chronotrackcanarias.com/inscripcion/i-trail-arona-2026/,https://www.trailrunningcal.com/es/e/trail-arona,,,,"Carrera 10/647; no candidate. I edition (I Trail Arona 2026 - Memorial Oscar Hernandez), point-to-point Valle San Lorenzo -> Arona. Gesport Canarias registration only, no organizer site, no Wikiloc recording of the race.","Arona, Tenerife; first edition.",,"skipped: I edition, no site, no recording"
not_found,86f2a3ca-6639-41b4-ab9c-1befc5a53359,trail-monte-comado,Trail Monte Comado,Trail,2026-10-11,17,1000,Barreiros,Lugo,https://ccnorte.com/evento/detalle/id/3220/x-trail-monte-comado,https://www.trailrunningcal.com/es/e/trail-monte-comado,,,,"Trail 17/1000; no candidate. The X-edition event runs a 12 km course (organizer's own Wikiloc id 146362559 = 12.11 km / 701 m) and a 26 km course; there is no 17 km course. The only 17 km-distance Wikiloc route (id 108857615, 17.49 km / 633 m, rec. 2022) is a generic hiking route with a mismatched elevation profile.","Barreiros/San Miguel de Reinante, Lugo; ccnorte registration, no track.",,skipped: no 17 km course in the event; only-fit route is generic hiking
found,28226adb-addd-46b8-91da-529ab5f65db3,trail-puerta-del-infierno,Trail Puerta del Infierno,Marcha,2026-10-11,9,400,Fuertescusa,Cuenca,https://timingrace.com/formulario-inscripci/2026-ix-trail-puerta-del-infierno/,https://www.trailrunningcal.com/es/e/trail-puerta-del-infierno,https://es.wikiloc.com/rutas-senderismo/fuertescusa-trail-puerta-del-infierno-2024-senderista-190387863,wikiloc,medium,Wikiloc 'Fuertescusa Trail puerta del infierno 2024 senderista': 10.97 km / 390 m vs 9 km / 400 m in the DB. Elevation matches almost exactly and the route name states the event's senderista modality.,"Distance is 22% over, just outside the +-20% rule, but the near-exact elevation and the explicit modality name make this the walk's own file. The DB's 9 km may be low.",,
not_found,28b33311-94b0-43b6-972c-194474a68ccb,trail-puerta-del-infierno,Trail Puerta del Infierno,Trail,2026-10-11,15,950,Fuertescusa,Cuenca,https://timingrace.com/formulario-inscripci/2026-ix-trail-puerta-del-infierno/,https://www.trailrunningcal.com/es/e/trail-puerta-del-infierno,,,,"Trail 15/950; no candidate. Only the ~25-26 km long course (Wikiloc 'Trail Puerta del Infierno 2024' id 190323218 = 25.03 km / 1337 m, = row 552) and the ~9 km senderista (row 550) are recorded; no 15 km medium-course recording.","Fuertescusa, Cuenca; Club Deportivo el Costeron; timingrace registration.",,skipped: only the long course and the senderista are recorded
needs_review,5cb77717-2462-4849-a18d-e7e00ba1915c,brama-stage-run,Brama Stage Run,Brama Stage Run - 60K,2026-10-16,60,3200,Ribes de Freser,Girona,https://brama.run,https://www.trailrunningcal.com/es/e/brama-stage-run,,,,"Three-day stage race; 60 km / 3200 m is the aggregate of the shorter stage option, with no single file published.",Same organizer account as row 563: wikiloc.com/wikiloc/user.do?id=1843526.,,
needs_review,ee524d7d-1910-4f1d-95bc-6fef0f316501,brama-stage-run,Brama Stage Run,Brama Stage Run - 80K,2026-10-16,80,4400,Ribes de Freser,Girona,https://brama.run,https://www.trailrunningcal.com/es/e/brama-stage-run,,,,"Three-day stage race; 80 km / 4400 m is an aggregate, with no single file published.",Same organizer account as row 563: wikiloc.com/wikiloc/user.do?id=1843526.,,
needs_review,11fdfb0c-6b5a-4b13-b68a-0aff1a5edaab,brama-stage-run,Brama Stage Run,Brama Stage Run - 100K,2026-10-16,100,6100,Ribes de Freser,Girona,https://brama.run,https://www.trailrunningcal.com/es/e/brama-stage-run,,,,"Brama Stage Run is a three-day stage race and the 100 km / 6100 m in the DB is the aggregate of its stages; the organizer publishes one Wikiloc file per stage, not one for the total.","Organizer's Wikiloc account: wikiloc.com/wikiloc/user.do?id=1843526 (BiFree Sports), which holds the per-stage tracks. Decide with Ruben whether a stage race should hold one file per stage or none.",,
needs_review,63a59e67-4cd4-4929-85f8-3960fd5c6eb3,aramotz-mendi-lasterketa,Aramotz Mendi Lasterketa,Marcha,2026-10-17,15,800,Amorebieta-Etxano,Bizkaia,https://inscripciones.kronoak.com/es/evento/aramotz-mendi-lasterketa-2026,https://www.trailrunningcal.com/es/e/aramotz-mendi-lasterketa,https://es.wikiloc.com/wikiloc/view.do?id=210281383,official,high,"Mendi Martxa 15/800; walk row with its own dedicated 15 km course (distinct from the 12K/22K races). aramotzmendilasterketa.eus/es/mendi-martxa-2 embeds Wikiloc 'ARAMOTZ MENDI MARTXA 2026' (id 210281383, author ZORNOTZA MENDI TALDEA); page states 15 km / 800 m = DB exactly. Parsed 14.77 km.",Track extracted to data/gpx/aramotz-martxa-15k.gpx; race_id 63a59e67-4cd4-4929-85f8-3960fd5c6eb3. Not applied per the walk-row rule.,,"needs_review: walk row; official track extracted, ready for manual apply"
not_found,33de1148-ae78-43fd-b7bf-369e319fd280,backyard-costa-brava,Backyard Costa Brava,Backyard Costa Brava Palamós - 7K,2026-10-17,6.7,170,Palamós,Girona,https://www.instagram.com/backyardcostabrava/,https://www.trailrunningcal.com/es/e/backyard-costa-brava,,,,Backyard ultra: a repeated 6.7 km lap run hourly until one runner remains. The event has only an Instagram profile and almost nobody uploads the lap track.,"Lap format. If a track is ever needed, it is a single ~6.7 km loop in Palamos.",,
not_found,e8647da4-88ef-4de4-b19e-f55ef1ed7b31,cursa-i-caminada-dia-de-la-dona-rural,Cursa i caminada Dia de la Dona Rural,,2026-10-17,7,150,Riudecanyes,Tarragona,https://webtretzesports.wixsite.com/caminadadonarural,https://www.trailrunningcal.com/es/e/cursa-i-caminada-dia-de-la-dona-rural,,,,7 km course with 150 m of gain; the official wixsite publishes no track and no Wikiloc recording matches under the Dia de la Dona Rural name.,Very short course in Riudecanyes. Retry after the race.,,
not_found,54633cd1-6432-4e50-95a1-27c35281574a,cursa-i-caminada-dia-de-la-dona-rural,Cursa i caminada Dia de la Dona Rural,Marcha,2026-10-17,7,150,Riudecanyes,Tarragona,https://webtretzesports.wixsite.com/caminadadonarural,https://www.trailrunningcal.com/es/e/cursa-i-caminada-dia-de-la-dona-rural,,,,"Walk over the same 7 km course as the cursa, with identical figures in the DB; the wixsite page publishes no track and no matching recording was found.",Very short course. Never assign a race track to the walk. Retry after the race.,,
needs_review,10c897f3-61eb-487a-975a-619cbecb32a7,la-desertica,La Desértica,Marcha Equipos,2026-10-17,71,1632,Almería,Almería,https://www.ladesertica.es/,https://www.trailrunningcal.com/es/e/la-desertica,,,,"Teams format over the same 71 km course as the individual Marcha, with identical figures in the DB.","Neither row has a track yet: ladesertica.es links only one unlabelled Google Drive file (drive.google.com/file/d/1uqvwns-d19bytupEGi9wYsfJ9qoZ_KwH/view), most likely the reglamento. Check that file, and if it is the course, assign it to row 586.",,
not_found,9c8cd39a-466f-47bb-bdab-6a6af5b82458,la-desertica,La Desértica,Marcha Individual,2026-10-17,71,1632,Almería,Almería,https://www.ladesertica.es/,https://www.trailrunningcal.com/es/e/la-desertica,,,,"The official ladesertica.es links a single unlabelled Google Drive file, which is not identified as a track, and no Wikiloc recording matches 71 km / 1632 m under the La Desertica name.","VIII edition, a 71 km desert crossing from Almeria. Check the Drive file by hand: drive.google.com/file/d/1uqvwns-d19bytupEGi9wYsfJ9qoZ_KwH/view.",,
found,3f72bbfa-e028-441c-822f-a26d80986a53,la-nocturna-trinxavambes,La Nocturna Trinxavambes,Trail 21km,2026-10-17,21,1000,Vallromanes,Barcelona,https://misports.cat/curses/nocturna-trinxavambes/,https://www.trailrunningcal.com/es/e/la-nocturna-trinxavambes,https://www.wikiloc.com/hiking-trails/la-nocturnatrinxavambes-2026-la-llarga-definitiva-269880486,official,high,"The official misports.cat page embeds this Wikiloc track, titled 'LA NOCTURNATRINXAVAMBES 2026. LA LLARGA DEFINITIVA': 13.21 mi = 21.26 km / 2907 ft = 886 m vs 21 km / 1000 m in the DB.","Organizer-vouched track for the current 2026 edition, marked definitiva.",,"skipped: Wikiloc track is hand-drawn on a map, not GPS-recorded"
,aaa3f9ad-4bd2-4890-9913-d23966805f54,marcha-cueva-del-gato,Marcha Cueva del Gato,Marcha Corta,2026-10-17,26,966,Benaoján,Málaga,https://www.dorsalchip.es/carrera/2026/10/17/13_Edicion_Marcha_Cueva_del_Gato.aspx,https://www.trailrunningcal.com/es/e/marcha-cueva-del-gato,,,,,,,
,a70627da-b00f-4d62-b282-55ef146afcbf,marcha-cueva-del-gato,Marcha Cueva del Gato,Marcha Larga,2026-10-17,43,1379,Benaoján,Málaga,https://www.dorsalchip.es/carrera/2026/10/17/13_Edicion_Marcha_Cueva_del_Gato.aspx,https://www.trailrunningcal.com/es/e/marcha-cueva-del-gato,,,,,,,
not_found,09e151e4-a4fc-4b8c-a9eb-2cc02eeea2d8,ruta-de-las-canteras-murcia-trail,Ruta de las Canteras Murcia Trail,Marcha,2026-10-17,10,751,Fortuna,Murcia,https://www.alcanzatumeta.es/ruta-de-las-canteras-murcia-trail-2026/,https://www.trailrunningcal.com/es/e/ruta-de-las-canteras-murcia-trail,,,,"Walk over the same 10 km course as the Trail, with identical figures in the DB; the alcanzatumeta.es page publishes no track and no matching recording was found.",Never assign a race track to the walk. Retry after the race.,,
needs_review,e77b6c56-5dc8-4f13-aa05-018f03e8820e,ruta-de-las-canteras-murcia-trail,Ruta de las Canteras Murcia Trail,Relevos,2026-10-17,20,,Fortuna,Murcia,https://www.alcanzatumeta.es/ruta-de-las-canteras-murcia-trail-2026/,https://www.trailrunningcal.com/es/e/ruta-de-las-canteras-murcia-trail,,,,Relevos 20 km; relay format (a split of a longer course). No individual course row at 20 km and no relay recording on Wikiloc.,"Fortuna, Murcia; alcanzatumeta registration.",,needs_review: relay row; no matching individual course or recording
found,c44c3849-b8c8-4bb2-bf5d-79579df2feb4,teneguia-trail,Teneguía Trail,Distancia larga,2026-10-17,25,1200,Los Canarios,Santa Cruz de Tenerife,https://inscripciones.chronotrackcanarias.com/inscripcion/teneguia-trail-2026/,https://www.trailrunningcal.com/es/e/teneguia-trail,https://www.wikiloc.com/trail-running-trails/teneguia-trail-2024-31k-runnun-app-160635323,wikiloc,medium,Wikiloc 'Teneguia trail 2024 - 31k': 19.41 mi = 31.23 km / 5433 ft = 1656 m vs 25 km / 1200 m in the DB. Loop from Los Canarios via the Faro de Fuencaliente and the Mirador del Teneguia.,"Distance is 25% over, outside the +-20% rule, but it is the event's only long course; the DB's 25 km may be an older or shortened edition. Verify before use.",,
needs_review,1b24cacf-f7e1-44af-aac1-cbbb33427ea1,trail-buciero-escal,Trail Buciero Escal,Marcha,2026-10-17,13,733,Santoña,Cantabria,https://trailbuciero.com/,https://www.trailrunningcal.com/es/e/trail-buciero-escal,https://es.wikiloc.com/wikiloc/view.do?id=267659183,official,high,"Marcha 'Trailuco Andarín' 13/733; walk row with its own dedicated course. trailbuciero.com/trailuco-andarin/ embeds Wikiloc 'Trail Buciero Santoña - Circuito Andarín 2026' (id 267659183, author aemtrasmiera = organizing club); page states 13.4 km / 733 m = DB near-exact. Parsed 13.0 km.",Track extracted to data/gpx/trail-buciero-andarin-13k.gpx; race_id 1b24cacf-f7e1-44af-aac1-cbbb33427ea1. Not applied per the walk-row rule.,,"needs_review: walk row; official track extracted, ready for manual apply"
needs_review,2ed228f5-6171-4be6-8b51-7d3289a4d2db,trail-la-cangrexa,Trail La Cangrexa,Marcha,2026-10-17,10,250,Barcia,Asturias,https://inscripciones.empa-t.com/inscripcion/trail-la-cangrexa-2026/,https://www.trailrunningcal.com/es/e/trail-la-cangrexa,,,,"Marcha 10/250; walk row. Small local Asturian race (empa-t registration, no organizer site). Wikiloc has only the generic signposted 'Ruta de la Cangrexa' coastal PR routes, none the race course.","Barcia (Valdés), Asturias. See row 613 for the Speed Trail (competitive course).",,"needs_review: walk row; small local race, no recording"
not_found,821a7aa5-dcd7-4f29-a2ad-7144a1708a4e,trail-la-cangrexa,Trail La Cangrexa,Speed Trail de la Cangrexa,2026-10-17,14,650,Barcia,Asturias,https://inscripciones.empa-t.com/inscripcion/trail-la-cangrexa-2026/,https://www.trailrunningcal.com/es/e/trail-la-cangrexa,,,,"Speed Trail 14/650; no candidate. Wikiloc has only the signposted 'Ruta de la Cangrexa' coastal PR route (a hiking route developed by the Ayuntamiento de Valdés + Grupo de Montaña El Estoupo), not the race course. empa-t registration, no organizer site.","Barcia (Valdés), Asturias. Row 612 (Marcha) is the walk sibling.",,"skipped: only the signposted PR hiking route exists, not the race"
not_found,dbd107e6-651a-45c8-929c-e0fa8e2cf37f,trail-las-rozasrun,Trail Las RozasRun,Trail Familiar,2026-10-17,5,85,Las Rozas de Madrid,Madrid,https://mmxe.tyrproducciones.com/,https://www.trailrunningcal.com/es/e/trail-las-rozasrun,,,,Trail Familiar 5/85; = 1 lap of the same circuit as row 614. No track published.,Same event/circuit as row 614.,,"skipped: N-lap circuit format, no track published"
not_found,7e5a5811-aada-4af2-90b3-78e79826cfd5,trail-las-rozasrun,Trail Las RozasRun,Trail competitivo,2026-10-17,10,170,Las Rozas de Madrid,Madrid,https://mmxe.tyrproducciones.com/,https://www.trailrunningcal.com/es/e/trail-las-rozasrun,,,,"Trail competitivo 10/170; N-lap circuit format. 'Recorrido único para todas las distancias' - 5K = 1 lap, 10K = 2 laps, 21K = 4 laps (relay), 85 m per lap on a fast dirt circuit in La Dehesa de Navalcarbón. mmxe.tyrproducciones.com carries only a recorrido.jpg, no track.",Las Rozas de Madrid; tyrproducciones.,,"skipped: N-lap circuit format, no track published"
needs_review,d387b640-aba2-4f5d-a4d4-9f8333dc23c3,aragon-sur,Aragón Sur,Marcha,2026-10-18,17,450,Teruel,Teruel,https://grupoalpinojavalambre.com/aragonsur/page/as2026.html,https://www.trailrunningcal.com/es/e/aragon-sur,,,,Marcha 17/450 = same figures as row 625 (Clásica 17/450). Shares that course.,See row 625 (official .gpx.zip).,,needs_review: walk row; see row 625
not_found,ec3c9c87-3ef2-4e93-b2a4-a6a506a2dc98,canon-do-sil-a-decana,Canón do Sil “A Decana”,,2026-10-18,7,370,Parada de Sil,Ourense,https://fedgalmon.gal/eventos/,https://www.trailrunningcal.com/es/e/canon-do-sil-a-decana,,,,7/370; no candidate. Same as row 636 - only the long course is recorded; no Mini Carrera Popular (7 km) recording.,"Parada de Sil, Ourense.",,skipped: only the 33 km long course is recorded
not_found,7a995150-1df2-4182-b80d-10285180df2d,canon-do-sil-a-decana,Canón do Sil “A Decana”,,2026-10-18,17,950,Parada de Sil,Ourense,https://fedgalmon.gal/eventos/,https://www.trailrunningcal.com/es/e/canon-do-sil-a-decana,,,,"17/950; no candidate. Only the ~33 km long course is recorded on Wikiloc ('Trail Canon do Sil 2021' id 87263057 = row 635; 'XVI Trail Canon do Sil' id 150694573). No Media (17 km) recording; the PR-G 98 signposted route is a different, longer course (per PROCEDURE). Organizer publishes no tracks (fedgalmon.gal).","Parada de Sil, Ourense; Carreira Cañón do Sil - A Decana.",,skipped: only the 33 km long course is recorded
not_found,883a3265-c5ac-42ee-b025-98b14ed8b79b,cxm-miranda-de-ebro,CxM Miranda de Ebro,Marcha,2026-10-18,15,600,Miranda de Ebro,Burgos,https://inscripciones.fclm.com/es/evento/campeonato-de-castilla-y-leon-de-carreras-por-montana-en-linea-por-clubes-cxm-miranda-de-ebro?auto=1&frm=0&stop=0&tit=1,https://www.trailrunningcal.com/es/e/cxm-miranda-de-ebro,,,,"The Marcha row carries the same 15 km / 600 m figures as the Trail Popular, so the DB holds no distinct walk course and nothing identifies a separate track.",Never assign the race track to the walk. Retry when the organizer publishes the walk course.,,
needs_review,3ab866d6-3007-48ca-95a7-dee425ea809f,desafio-cucon,Desafío Cucón,Marcha,2026-10-18,7,,Fuencaliente,Ciudad Real,https://carreras.dxtchiprun.es/carrera/desafio-cucon-2026,https://www.trailrunningcal.com/es/e/desafio-cucon,,,,Marcha 7 km; the 7.5 km 'Senderismo Cucón' hiking route. No dedicated recording; the event's trail courses are the 13 km short (row 653) and 29 km long (row 654).,"Fuencaliente, Ciudad Real; dxtchiprun registration.",,"needs_review: walk row; 7.5 km senderismo, no recording"
needs_review,0a1a7c8f-0dc2-42ae-ae62-1c3f94a1c7f3,desafio-cucon,Desafío Cucón,Marcha,2026-10-18,13,500,Fuencaliente,Ciudad Real,https://carreras.dxtchiprun.es/carrera/desafio-cucon-2026,https://www.trailrunningcal.com/es/e/desafio-cucon,,,,"Marcha 13/500 = same figures as row 653 (Mini Desafío 13/500, applied). The Senderismo Cucón 13 km follows the Mini Desafío short course.",See row 653 (Wikiloc 'recorrido corto Desafío Cucón 2024').,,needs_review: walk row; see row 653
needs_review,69a96d3a-5cf2-46c9-b817-64433bbdd77e,dubra-trail-subida-o-castelo-de-portomeiro,Dubra Trail - Subida O Castelo de Portomeiro,Marcha,2026-10-18,12,450,Val do Dubra,A Coruña,https://inscripciones.empa-t.com/inscripcion/v-dubra-trail-subida-o-castelo-de-portomeiro-2026/?lang=es,https://www.trailrunningcal.com/es/e/dubra-trail-subida-o-castelo-de-portomeiro,,,,Marcha 12/450; walk row. No recording; see rows 655/656 for the trail courses (none has a usable track).,"Val do Dubra, A Coruña.",,needs_review: walk row; no track
needs_review,091415f4-8a0f-40a4-91bc-b185fbd0c3f5,dubra-trail-subida-o-castelo-de-portomeiro,Dubra Trail - Subida O Castelo de Portomeiro,Trail Curto,2026-10-18,14,700,Val do Dubra,A Coruña,https://inscripciones.empa-t.com/inscripcion/v-dubra-trail-subida-o-castelo-de-portomeiro-2026/?lang=es,https://www.trailrunningcal.com/es/e/dubra-trail-subida-o-castelo-de-portomeiro,https://es.wikiloc.com/rutas-carrera-por-montana/dubra-trail-curto-1oed-18401023,wikiloc,low,Wikiloc 'Dubra trail (curto) 1oed': 17.09 km / 719 m vs 14 km / 700 m in the DB. Elevation almost exact but the distance runs 22% over the row.,"First edition, run from Portomouro; the 2026 V edition starts at Portomeiro, so the course has probably changed. Verify before using.",,
not_found,07142caf-3671-41ff-9a87-66536787d00d,dubra-trail-subida-o-castelo-de-portomeiro,Dubra Trail - Subida O Castelo de Portomeiro,Trail Longo,2026-10-18,22,1000,Val do Dubra,A Coruña,https://inscripciones.empa-t.com/inscripcion/v-dubra-trail-subida-o-castelo-de-portomeiro-2026/?lang=es,https://www.trailrunningcal.com/es/e/dubra-trail-subida-o-castelo-de-portomeiro,,,,Trail Longo 22/1000; no candidate. Wikiloc has only generic Val do Dubra / Castelo de Portomeiro hiking routes (~16-17 km). No 22 km race recording. The event moved venue (Portomouro -> Portomeiro) so any pre-2023 recording is invalid (per PROCEDURE).,"V edition, Val do Dubra, A Coruña; empa-t registration; emesports.es carries no track.",,"skipped: no race recording; venue moved, old files invalid"
needs_review,d6ca7d4e-c3f3-43f1-bf67-d9025592c506,pujada-a-sant-nofre,Pujada a Sant Nofre,Marcha,2026-10-18,5,,Sant Joan,Illes Balears,https://www.elitechip.net/index.php?idcomp=7380265&zwprint=1&zwshow=compdet,https://www.trailrunningcal.com/es/e/pujada-a-sant-nofre,,,,Marcha 5 km; walk row. No recording for the short course (see row 665).,"Sant Joan, Mallorca.",,needs_review: walk row; no track
not_found,0958e277-1156-4c32-808a-38e5bec55e1d,pujada-a-sant-nofre,Pujada a Sant Nofre,Cursa,2026-10-18,7,200,Sant Joan,Illes Balears,https://www.elitechip.net/index.php?idcomp=7380265&zwprint=1&zwshow=compdet,https://www.trailrunningcal.com/es/e/pujada-a-sant-nofre,,,,"Cursa 7/200; no candidate. Only the long lap is recorded ('Pujada a Sant Nofre, volta llarga' id 41617881 = 12.95 km, used by row 666). No 'volta curta' (7 km) recording; only generic Puig de Sant Nofre hiking loops.","XIII edition, Sant Joan, Mallorca; elitechip registration, no organizer site.",,skipped: only the long lap is recorded
not_found,b8e3209e-b470-4450-8b33-a4a7796590fb,trail-de-la-contraviesa,Trail de la Contraviesa,Mini Trail Ruta del Gato,2026-10-18,12,600,Albuñol,Granada,https://mail.global-tempo.com/carreras.php?id=3204,https://www.trailrunningcal.com/es/e/trail-de-la-contraviesa,,,,"Mini Trail Ruta del Gato 12/600; no candidate. No dedicated Mini Trail recording. The signposted 'Ruta del Gato' is a hiking route, not the race (per PROCEDURE); the event's only trail recording is the ~28-30 km long course (id 183564810 / the one on row 672, which is hand-drawn). In 2024 the Mini Trail was only 9 km.","Albuñol, Granada; global-tempo registration.",,skipped: no Mini Trail recording; Ruta del Gato is a signposted hiking route
needs_review,35641a00-d5a1-4932-99d2-237dffea0cd2,trail-de-la-contraviesa,Trail de la Contraviesa,Marcha,2026-10-18,12,600,Albuñol,Granada,https://mail.global-tempo.com/carreras.php?id=3204,https://www.trailrunningcal.com/es/e/trail-de-la-contraviesa,,,,Marcha 12/600 = same figures as row 673 (Mini Trail Ruta del Gato). Shares that course.,See row 673.,,needs_review: walk row; see row 673
found,845ead36-f0f4-413e-88d3-8157c772b1f2,trail-de-la-contraviesa,Trail de la Contraviesa,Trail de la Contraviesa,2026-10-18,25,1200,Albuñol,Granada,https://mail.global-tempo.com/carreras.php?id=3204,https://www.trailrunningcal.com/es/e/trail-de-la-contraviesa,https://www.wikiloc.com/trail-running-trails/cxm-albunol-trail-de-la-contraviesa-183564810,wikiloc,medium,"Wikiloc 'CxM ALBUNOL TRAIL DE LA CONTRAVIESA': 17.5 mi = 28.2 km / 4934 ft = 1504 m vs 25 km / 1200 m in the DB. Loop from Albunol into the Sierra de la Contraviesa, 212-890 m.","The 2023 III edition track is 29.6 km / 1511 m, so the course has consistently measured longer than the catalogue's 25 km. official_url is only a global-tempo entry page.",,"skipped: Wikiloc track is hand-drawn on a map, not GPS-recorded"
not_found,aa030d12-4ba5-40fc-b9ec-f24ed04bba13,trail-desfiladero-del-ruecas,Trail Desfiladero del Ruecas,Marcha,2026-10-18,5,200,Cañamero,Cáceres,https://www.chipserena.es/en//web-evento/13358-i-trail-desfiladero-del-ruecas,https://www.trailrunningcal.com/es/e/trail-desfiladero-del-ruecas,,,,"Marcha 5/200; I edition, no track (see row 674).","Cañamero, Cáceres; first edition.",,"skipped: I edition, no track published"
not_found,a297be8d-6b3f-407e-8887-e464274272f6,trail-desfiladero-del-ruecas,Trail Desfiladero del Ruecas,Promo,2026-10-18,12,600,Cañamero,Cáceres,https://www.chipserena.es/en//web-evento/13358-i-trail-desfiladero-del-ruecas,https://www.trailrunningcal.com/es/e/trail-desfiladero-del-ruecas,,,,"Promo 12/600; I edition, no track (see row 674).","Cañamero, Cáceres; first edition.",,"skipped: I edition, no track published"
not_found,7e5ce862-1910-4285-ad65-1bea3cdad5ee,trail-desfiladero-del-ruecas,Trail Desfiladero del Ruecas,Trail,2026-10-18,21,1050,Cañamero,Cáceres,https://www.chipserena.es/en//web-evento/13358-i-trail-desfiladero-del-ruecas,https://www.trailrunningcal.com/es/e/trail-desfiladero-del-ruecas,,,,"Trail 21/1050; I edition (not yet held). fexme.com / redex promote it; chipserena is registration only, no track. Only generic 'Desfiladero del Ruecas' hiking routes on Wikiloc.","Cañamero, Cáceres; Villuercas Geopark; first edition.",,"skipped: I edition, no track published"
needs_review,8e5a5076-682a-46a0-89b8-ad1109c63069,trail-fem-sui,Trail FemSui,Marcha,2026-10-18,11,250,Sant Antoni de Vilamajor,Barcelona,https://www.femsui.cat,https://www.trailrunningcal.com/es/e/trail-fem-sui,,,,Caminada popular 11/250; walk row. femsui.cat is a minimal Google Sites with no recorreguts page and no track. No sibling course to point at.,"Sant Antoni de Vilamajor, Barcelona; Caminaires Vilamajor.",,needs_review: walk row; no track published
found,29997ac5-bf9a-414d-ac6a-892266c69d8a,trail-fem-sui,Trail FemSui,FemSui,2026-10-18,25,1400,Sant Antoni de Vilamajor,Barcelona,https://www.femsui.cat,https://www.trailrunningcal.com/es/e/trail-fem-sui,https://es.wikiloc.com/rutas-carrera-por-montana/sant-antoni-de-vilamajor-cursa-fem-sui-trail-117702774,wikiloc,medium,"Wikiloc 'Sant Antoni de Vilamajor, Cursa FEM SUI': 29.25 km / 1446 m vs 25 km / 1400 m in the DB. Elevation nearly exact; the loop climbs El Sui in the Montseny, 253-1305 m.","Earlier editions measured 29-30 km (the 2021 track is 30.2 km); femsui.cat now advertises 25 km / 1400 m, so the course was shortened. Verify against the 2026 profile.",,
needs_review,0693c20f-0a6a-431d-b3c3-f33c112ff3c6,trail-millares,Trail Millares,Marcha,2026-10-18,9,384,Millares,Valencia,https://amidasports.com/trail-millares-2026/,https://www.trailrunningcal.com/es/e/trail-millares,,,,"Marcha 9/384; walk row. amidasports.com/trail-millares-2026 serves only 'Descargar GPX · Trail 24k' (row 681, applied); no 9 km Marcha track.","Millares, Valencia.",,needs_review: walk row; see row 681 (different course)
found,cb179282-08fa-4d6e-bc0e-4c13e12f42c3,trail-millares,Trail Millares,Sprint Trail,2026-10-18,14,556,Millares,Valencia,https://amidasports.com/trail-millares-2026/,https://www.trailrunningcal.com/es/e/trail-millares,https://es.wikiloc.com/rutas-carrera-por-montana/sprint-trail-millares-2022-106170961,wikiloc,medium,Wikiloc 'Sprint Trail Millares 2022': 11.02 km / 545 m vs 14 km / 556 m in the DB. Elevation almost exact; the distance runs 21% short.,2022 edition of the Sprint; the course has since been lengthened to 14 km. Verify before using.,,
needs_review,e24d71bb-936e-4ec8-976b-7bfe611dabab,trail-no-limits,Trail No Limits,Marcha,2026-10-18,8,,Ponts,Lleida,https://sites.google.com/view/trailnolimitsponts,https://www.trailrunningcal.com/es/e/trail-no-limits,,,,Caminada popular 8 km; walk row. The 2024 recorreguts page embeds only the 23 km (id 147972538) and 13 km (id 143702556) courses; the 8 km Caminada has no embed or track.,"Ponts, Lleida; Runners No Limits.",,needs_review: walk row; no track for the 8 km course
not_found,4acbfbce-a2d4-476d-acd1-7d20e8995c47,trail-santa-b-rbara,Trail Santa Bárbara,Carrera de la Hongueta,2026-10-18,5,,Pina de Montalgrao,Castellón,https://cronorunner.com/evento.php?ref=540-2205,https://www.trailrunningcal.com/es/e/trail-santa-b-rbara,,,,"Carrera de la Hongueta 5 km; no candidate. No 5 km recording. The 'Oficial Speed Trail Santa Bárbara 2023' (id 153179356) is a different event (15.88 km one-way, altitude 258-793 m) - name collision.","Pina de Montalgrao, Castellón; short race.",,skipped: no 5 km recording; Speed Trail Santa Bárbara is a different event
not_found,244508e0-7062-4cff-a6ad-2a6144466397,trail-turdetania,Trail Turdetania,La Turdetanita,2026-10-18,24,850,Castilblanco de los Arroyos,Sevilla,https://inscripciones.tecnocrono.com/inscripcion/xvii-cxm-turdetania-trail-2026/,https://www.trailrunningcal.com/es/e/trail-turdetania,,,,"La Turdetanita 24/850; no candidate. Only the 50 km course is recorded (id 56006140 / id 9265593, both hand-drawn per row 688; 'Trail Turdetania 2024' id 147416168). No dedicated Turdetanita (24 km) recording.","Castilblanco de los Arroyos, Sevilla; tecnocrono registration.",,skipped: only the 50 km course is recorded (hand-drawn)
found,21d345d1-9c67-4530-9b49-108bfe2e5b58,trail-turdetania,Trail Turdetania,Trail Turdetania,2026-10-18,50,1400,Castilblanco de los Arroyos,Sevilla,https://inscripciones.tecnocrono.com/inscripcion/xvii-cxm-turdetania-trail-2026/,https://www.trailrunningcal.com/es/e/trail-turdetania,https://www.wikiloc.com/trail-running-trails/turdetania-on-track-56006140,wikiloc,medium,Wikiloc 'TURDETANIA ON TRACK': 32.59 mi = 52.45 km / 2726 ft = 831 m vs 50 km / 1400 m in the DB. Loop through the Sierra Norte de Sevilla.,"Distance fits the ultra; the DB elevation runs far above the recording, which suits this rolling terrain. Alternative: 'VI TRAIL TURDETANIA, oficial', wikiloc id 9265593.",,"skipped: both Wikiloc candidates (56006140 and 9265593) are hand-drawn on a map, not GPS-recorded"
needs_review,017fdc11-10d4-4415-86cb-952bffee7071,trail-y-senderismo-calar-de-la-santa,Trail y Senderismo Calar de la Santa,Marcha,2026-10-18,10,260,Calar de la Santa,Murcia,https://www.alcanzatumeta.es/trail-de-calar-de-la-santa/,https://www.trailrunningcal.com/es/e/trail-y-senderismo-calar-de-la-santa,,,,Marcha 10/260 = same figures as row 691 (Trail).,See row 691.,,needs_review: walk row; see row 691
not_found,914a5cd3-2f14-4eb9-9881-1dc080d8b386,trail-y-senderismo-calar-de-la-santa,Trail y Senderismo Calar de la Santa,Trail,2026-10-18,10,260,Calar de la Santa,Murcia,https://www.alcanzatumeta.es/trail-de-calar-de-la-santa/,https://www.trailrunningcal.com/es/e/trail-y-senderismo-calar-de-la-santa,,,,"Trail 10/260; no candidate. Wikiloc has only generic Calar de la Santa hiking routes (Cerro el Castellar loop ~10.5 km, pinturas rupestres ~14 km), none the race course.","Calar de la Santa (Moratalla), Murcia; alcanzatumeta registration, no organizer site.",,skipped: only generic Calar de la Santa hiking routes
not_found,70075836-3170-4547-ae0b-298cdd3dfdc0,backyard-sant-salvador,Backyard Sant Salvador,Backyard Sant Salvador,2026-10-23,7,125,Sant Salvador,Tarragona,https://naturaldfn.com/backyard-tarragona/,https://www.trailrunningcal.com/es/e/backyard-sant-salvador,,,,"Backyard format: a 7 km loop repeated hourly, so there is no course file to find.",Cheap rejection by format.,,
not_found,8ca44008-4de5-40c3-80ea-15b887d7d16a,anguiano-trail,Anguiano Trail,Trail Cumbres,2026-10-24,25,1500,Anguiano,La Rioja,https://www.avaibooksports.com/inscripcion/anguiano-trail-2026/?lang=es,https://www.trailrunningcal.com/es/e/anguiano-trail,,,,Trail Cumbres 25/1500; no candidate. Only the 15 km Trail Valles course is recorded ('I AnguianoTrail 15km' id 184019649 = row 697; 'ANGUIANO TRAIL 2024' id 182067225 = also 15 km). No Cumbres (24-25 km) recording; young event (I edition 2024).,"Anguiano, La Rioja; avaibooksports registration.",,skipped: only the 15 km course is recorded
,d8b8d023-9458-4828-8c94-7d7b5b839d74,arrankudiaga-zollo-trail-lasterketa,Arrankudiaga-Zollo Trail Lasterketa,Trail Herrikoia,2026-10-24,8,410,Arrankudiaga-Zollo,Bizkaia,https://sites.google.com/view/arrankudiaga-zollotraillasterk/,https://www.trailrunningcal.com/es/e/arrankudiaga-zollo-trail-lasterketa,,,,,,,
,96a94362-52b5-491d-a62e-d5dbcc6dfbc2,arrankudiaga-zollo-trail-lasterketa,Arrankudiaga-Zollo Trail Lasterketa,Mendi Maratoi Erdia,2026-10-24,21,970,Arrankudiaga-Zollo,Bizkaia,https://sites.google.com/view/arrankudiaga-zollotraillasterk/,https://www.trailrunningcal.com/es/e/arrankudiaga-zollo-trail-lasterketa,,,,,,,
not_found,c39c325a-202e-4af0-bc30-7a1b076d153a,backyard-ultra-dama-blanca,Backyard Ultra Dama Blanca,Equipos,2026-10-24,6,175,Aigües,Alicante,https://www.backyardultradamablanca.com/,https://www.trailrunningcal.com/es/e/backyard-ultra-dama-blanca,,,,"Backyard format: a 6 km loop repeated hourly, run here as a team classification, so there is no course file.",Cheap rejection by format.,,
not_found,f90a56eb-365d-49a7-82b8-006474ecc6b4,congost-trail-challenge,Congost Trail Challenge,Vertical del Tagamanent,2026-10-24,5,630,Aiguafreda,Barcelona,https://congosttrailchallenge.cat/,https://www.trailrunningcal.com/es/e/congost-trail-challenge,,,,"Vertical of 5 km with 630 m of gain, run at night, and the official page carries no track.","Cheap rejection by format, and the event is new for 2026.",,
not_found,921799b6-a96f-49e9-9994-c31dd462decf,cursa-des-teix,Cursa des Teix,Cursa des Teix,2026-10-24,16,1050,Valldemossa,Illes Balears,https://www.elitechip.net/index.php?idcomp=7380188&zwshow=compdet,https://www.trailrunningcal.com/es/e/cursa-des-teix,,,,"Cursa des Teix 16/1050; no candidate. elitechip registration only, no track; no Wikiloc recording of the race.","Valldemossa, Mallorca; Serra de Tramuntana.",,skipped: no race recording; elitechip registration only
needs_review,c38583ae-7b48-476b-aa98-c74e8861b493,cxm-alhama-trail,CxM Alhama Trail,Marcha,2026-10-24,16,550,Cervera del Río Alhama,La Rioja,https://www.lariberacm.es/cxm-alhamatrail/,https://www.trailrunningcal.com/es/e/cxm-alhama-trail,,,,"Marcha 16/550; walk row. lariberacm.es carries no track. See row 710 (Trail Larga, applied) - a different, longer course.","Cervera del Río Alhama, La Rioja.",,needs_review: walk row; no track
not_found,3f9ba59f-e8a9-48a5-a525-dcd74eac058d,ibiza-trail-maraton,Ibiza Trail Maratón,Starter,2026-10-24,11,300,Sant Antoni de Portmany,Illes Balears,https://ibizatrailmaraton.com/,https://www.trailrunningcal.com/es/e/ibiza-trail-maraton,,,,"Starter 11/300; no candidate. Only the Marathon (48 km, id 189582458) and Media (28 km) courses are recorded on Wikiloc; no Starter (11 km) recording.","Sant Antoni de Portmany, Ibiza.",,skipped: only the Marathon and Media courses are recorded
not_found,4364d0aa-da72-4419-8c27-9f4ab30efca0,la-dragonera-trail,La Dragonera Trail,Pyro,2026-10-24,1,15,Sant Fost de Campsentelles,Barcelona,https://www.ladragoneratrail.com/,https://www.trailrunningcal.com/es/e/la-dragonera-trail,,,,1 km children's race; no course file exists or is worth one.,Cheap rejection by distance.,,
found,e5b3677a-c12e-44dc-86eb-4a07f4da05f6,la-dragonera-trail,La Dragonera Trail,Smaug,2026-10-24,8,330,Sant Fost de Campsentelles,Barcelona,https://www.ladragoneratrail.com/,https://www.trailrunningcal.com/es/e/la-dragonera-trail,https://www.strava.com/routes/3436056496078259650,official,high,ladragoneratrail.com/smuag-8k embeds this Strava route for the 8K course; rewritten from the strava-embeds.com iframe to the strava.com route URL.,"blocked: track is a Strava route (3436056496078259650); Strava requires login. The two Drive folders linked on the official page hold only photos, no GPX.",,
found,0bb5f369-8894-4170-829b-7c5a634a66ac,la-dragonera-trail,La Dragonera Trail,Draco,2026-10-24,22,930,Sant Fost de Campsentelles,Barcelona,https://www.ladragoneratrail.com/,https://www.trailrunningcal.com/es/e/la-dragonera-trail,https://es.wikiloc.com/rutas-carrera-por-montana/la-dragonera-trail-22k-243867279,official,high,"ladragoneratrail.com/draco-22k embeds this Wikiloc route, titled 'La Dragonera Trail 22K', for the 22 km / 930 m row.",Organizer-vouched.,,skipped: Wikiloc route id 243867279 deleted (404); CSV gpx_url no longer resolves
needs_review,0b856b3d-1172-4f2e-98de-b0ff5028e897,leguas-serranas,Leguas Serranas,Marcha V Leguas Serranas,2026-10-24,25,1000,La Zarza,Badajoz,https://senderismolazarza.com/?p=8025,https://www.trailrunningcal.com/es/e/leguas-serranas,,,,Marcha V Leguas Serranas 25/1000; walk row. The 25 km shares the first 17 km and last 7 km of the 50 km hiking route (row 724); no dedicated 25 km recording.,"La Zarza / Zarza de Alange, Badajoz; senderismo event. See row 724.",,needs_review: walk row; see row 724
needs_review,8cc067fb-261e-4ef3-9dee-c66f95f57419,leguas-serranas,Leguas Serranas,Marcha X Leguas Serranas,2026-10-24,50,1800,La Zarza,Badajoz,https://senderismolazarza.com/?p=8025,https://www.trailrunningcal.com/es/e/leguas-serranas,https://es.wikiloc.com/wikiloc/view.do?id=188871728,wikiloc,high,"Marcha X Leguas Serranas 50/1800; walk row. Wikiloc 'X LEGUAS SERRANAS 2024. La Zarza andando al completo.' (id 188871728): 48.05 km / 1368 m vs DB 50 km / 1800 m (-3.9% dist, elev DB-high). The exact event course. Parsed 47.33 km.",Track extracted to data/gpx/leguas-serranas-50k.gpx; race_id 8cc067fb-261e-4ef3-9dee-c66f95f57419. Not applied per the walk-row rule.,,"needs_review: walk row; official-style recording extracted, ready for manual apply"
not_found,ac2c388a-f441-4b30-a3c0-bfaf65b07105,sobrescobio-redes-trail,Sobrescobio Redes Trail,Redes Xtreme,2026-10-24,49,3200,Ríoseco,Asturias,https://redestrail.com/,https://www.trailrunningcal.com/es/e/sobrescobio-redes-trail,,,,"Redes Xtreme 49/3200; no candidate. The Xtreme (49 km) distance is not run in 2026 - redestrail.com's 2026 program is the 31 km SOT Skyrace (row 729, applied) + the SST Speedtrail. No 49 km recording found for any edition (the 2023/2024 recordings all measure ~30 km).","Ríoseco (Sobrescobio), Asturias; Skyrunner World Series.",,skipped: the 49 km distance is not run in 2026
,6127b205-6a7d-483f-94ad-34c015bb8f56,trail-alajero,Trail Alajeró,,2026-10-24,9,400,Alajeró,Santa Cruz de Tenerife,https://inscripciones.conchipcanarias.com/inscripcion/ix-trail-alajero-2026/reglamento/?lang=es,https://www.trailrunningcal.com/es/e/trail-alajero,,,,,,,
,404b8458-245f-4708-b273-0bf6d3db13b7,trail-alajero,Trail Alajeró,,2026-10-24,16,1200,Alajeró,Santa Cruz de Tenerife,https://inscripciones.conchipcanarias.com/inscripcion/ix-trail-alajero-2026/reglamento/?lang=es,https://www.trailrunningcal.com/es/e/trail-alajero,,,,,,,
,cd9c0704-5ebe-4956-a403-4bf94f8ed7c7,cxm-el-ronquillo,CxM El Ronquillo,CxM Corta,2026-10-25,13,700,El Ronquillo,Sevilla,https://inscripciones.tecnocrono.com/inscripcion/iv-cxm-el-ronquillo/?lang=es,https://www.trailrunningcal.com/es/e/cxm-el-ronquillo,,,,,,,
not_found,5e821e14-0cfa-4261-8e5b-2289abca8052,escaldada-trail,Escaldada Trail,,2026-10-25,10,320,Súria,Barcelona,https://www.instagram.com/escaldatsdesuria/,https://www.trailrunningcal.com/es/e/escaldada-trail,,,,10/320; no candidate. Same as row 743.,"Súria, Barcelona.",,"skipped: Instagram-only event, no race recording"
not_found,0d7aaded-0558-4190-ab5f-9ef90f73516c,escaldada-trail,Escaldada Trail,,2026-10-25,21,840,Súria,Barcelona,https://www.instagram.com/escaldatsdesuria/,https://www.trailrunningcal.com/es/e/escaldada-trail,,,,21/840; no candidate. Escaldada Trail (Escaldats de Súria) is an Instagram-only event with no site; no Wikiloc recording of the race - only generic Súria hiking/training routes.,"Súria, Barcelona.",,"skipped: Instagram-only event, no race recording"
not_found,b8103f19-39cd-4699-8844-ecca4cea7f3e,kilometro-vertical-de-las-hurdes-tio-picho,Kilómetro Vertical de Las Hurdes - Tío Picho,Medio Kilómetro Vertical,2026-10-25,1,400,Ladrillar,Cáceres,https://inscripciones.fedme.es/es/evento/iv-copa-de-espana-kv-cxm-xii-kilometro-vertical-de-las-hurdes-tio-picho?auto=1&frm=1&tit=1,https://www.trailrunningcal.com/es/e/kilometro-vertical-de-las-hurdes-tio-picho,,,,Half vertical of 1 km; nothing to find.,Cheap rejection by format and distance.,,
not_found,3aee27da-f0eb-449d-933a-e11c98107fe0,kilometro-vertical-de-las-hurdes-tio-picho,Kilómetro Vertical de Las Hurdes - Tío Picho,Kilómetro Vertical,2026-10-25,3,1015,Ladrillar,Cáceres,https://inscripciones.fedme.es/es/evento/iv-copa-de-espana-kv-cxm-xii-kilometro-vertical-de-las-hurdes-tio-picho?auto=1&frm=1&tit=1,https://www.trailrunningcal.com/es/e/kilometro-vertical-de-las-hurdes-tio-picho,,,,Vertical kilometre of 3 km with 1015 m of gain; verticals are not recorded as courses and official_url is only the FEDME entry page.,Cheap rejection by format. IV Copa de Espana KV.,,
not_found,c3453d84-2b0e-42a0-9dab-d513ff8434ad,kilometro-vertical-de-las-hurdes-tio-picho,Kilómetro Vertical de Las Hurdes - Tío Picho,Marcha,2026-10-25,7,400,Ladrillar,Cáceres,https://inscripciones.fedme.es/es/evento/iv-copa-de-espana-kv-cxm-xii-kilometro-vertical-de-las-hurdes-tio-picho?auto=1&frm=1&tit=1,https://www.trailrunningcal.com/es/e/kilometro-vertical-de-las-hurdes-tio-picho,,,,"7 km walk at a vertical-kilometre event, with no track on the FEDME entry page and nothing recorded.",Retry after the race.,,
not_found,6fef784b-a9fb-4fde-a6b7-89b43a0a139f,l-alcalat-n-trail,L'Alcalatén Trail,Trail Curt,2026-10-25,13,600,L'Alcora,Castellón,https://cronoaddiction.es/carreras/lalcalaten-trail-lalcora,https://www.trailrunningcal.com/es/e/l-alcalat-n-trail,,,,"Trail Curt 13/600; no candidate. Only the MARXA short course is recorded ('MARXA MMM L'ALCORA versio curta' id 155229694 = 12.1 km / 255 m - a flatter walk profile), not the Trail Curt race.","L'Alcora, Castellón; cronoaddiction registration.",,skipped: only the flatter MARXA short course is recorded
not_found,bfff188b-769f-413c-81b3-53975761869d,l-alcalat-n-trail,L'Alcalatén Trail,Trail Llarg,2026-10-25,20,900,L'Alcora,Castellón,https://cronoaddiction.es/carreras/lalcalaten-trail-lalcora,https://www.trailrunningcal.com/es/e/l-alcalat-n-trail,,,,"Trail Llarg 20/900; no candidate. Only the 2017 'ALCORA - Trail Media maratón de montaña 21km +900m' (id 20190875) matches on figures, but it is >4 years old.","L'Alcora, Castellón.",,"skipped: only track is the 2017 edition, >4 years old"
needs_review,3289dfea-6dd2-446c-b773-764585a0567c,roures,Roures,Marcha,2026-10-25,11,530,Montblanc,Tarragona,https://alliberadrenalina.com/marxa-dels-roures/,https://www.trailrunningcal.com/es/e/roures,https://es.wikiloc.com/wikiloc/view.do?id=235049259,official,high,"Marcha 11/530; walk row. alliberadrenalina.com/roures-petita embeds Wikiloc 'Caminada dels ROURES 2025' (id 235049259, author C.E.Alliberadrenalina): 10.25 km / 525 m vs DB 11 km / 530 m (elev near-exact).",Track extracted to data/gpx/roures-caminada-11k.gpx; race_id 3289dfea-6dd2-446c-b773-764585a0567c. Not applied per the walk-row rule.,,"needs_review: walk row; official track extracted, ready for manual apply"
found,553efbb7-2918-46ff-8bef-d5daabfbb0d0,rural-trail,Rural Trail,La curta,2026-10-25,9,320,Bigues i Riells del Fai,Barcelona,https://ruraltrail.com/,https://www.trailrunningcal.com/es/e/rural-trail,https://ca.wikiloc.com/rutes-cursa-de-muntanya/rural-trail-2026-la-curta-272143776,official,high,ruraltrail.com links this route as 'Track La Curta' for the 9 km / 320 m row.,Current-edition tracks; the site also links La del Mig (272144173) and La Llarga (272144282).,,skipped: Wikiloc route id 272143776 deleted (404); CSV gpx_url no longer resolves
needs_review,568fdb01-9fb2-43e2-8e4d-1b100bc6354e,trail-de-bocairent,Trail de Bocairent,Marcha,2026-10-25,11,500,Bocairent,Valencia,https://web.rockthesport.com/es/event/xi-trail-de-bocairent,https://www.trailrunningcal.com/es/e/trail-de-bocairent,,,,Marcha 11/500; walk row. Distinct from the 13 km Sprint Trail (row 767); rockthesport registration; no dedicated marxa recording.,"Bocairent, Valencia. See rows 765/767 for the trail courses.",,needs_review: walk row; no track
needs_review,392ef1ae-8f75-4d93-bed9-439503f1ce14,trail-la-banyerenca,Trail La Banyerenca,Marcha,2026-10-25,10,,Banyeres del Penedès,Tarragona,https://www.instagram.com/banyerenca_trail,https://www.trailrunningcal.com/es/e/trail-la-banyerenca,,,,The Marcha carries the same figures as the race row and no separate walk course is published.,"See row 769, which holds the candidate track and the note about the DB distance.",,
needs_review,bf1d4f8f-86ec-46ac-b80a-6459ddeee89c,trail-la-banyerenca,Trail La Banyerenca,,2026-10-25,10,,Banyeres del Penedès,Tarragona,https://www.instagram.com/banyerenca_trail,https://www.trailrunningcal.com/es/e/trail-la-banyerenca,,,low,"Wikiloc 'La banyerenca 2024, 13km' (id 179676856) and 'La Banyerenca 2019 Cursa' (12.59 km / 108 m) are both about 13 km, while the DB row stores 10 km and no elevation - a 26% gap, outside the accepted range.","The organizer's own entry form calls it 'LA BANYERENCA - Cursa 13km', so the catalogue distance looks wrong rather than the track. Fix the DB figure and the 2024 track fits.",,
needs_review,d222a8ff-d01a-47db-a545-9543f8a355c8,trail-la-banyerenca,Trail La Banyerenca,Marcha,2026-10-25,18,,Banyeres del Penedès,Tarragona,https://www.instagram.com/banyerenca_trail,https://www.trailrunningcal.com/es/e/trail-la-banyerenca,,,,Marcha 18 = same figures as row 770.,See row 770.,,needs_review: walk row; see row 770
not_found,c65d5990-8c14-4458-96b1-2dec12cb248b,trail-la-banyerenca,Trail La Banyerenca,,2026-10-25,18,,Banyeres del Penedès,Tarragona,https://www.instagram.com/banyerenca_trail,https://www.trailrunningcal.com/es/e/trail-la-banyerenca,,,,"18 km; no candidate. Only 13 km recordings exist ('La banyerenca 2024, 13 km' id 179676856; 'La Banyerenca 2019 Cursa' id 35132824); no 18 km course recorded.","Banyeres del Penedès, Tarragona; Instagram-only event. Row 771 (Marcha 18) shares this.",,"skipped: only 13 km recordings exist, no 18 km course"
needs_review,88e06c3a-1191-4f05-9d98-77eea37f223e,trail-la-raya,Trail La Raya,Marcha,2026-10-25,9,,Alcañices,Zamora,https://www.smartchip.es/carrera.php?id=261025,https://www.trailrunningcal.com/es/e/trail-la-raya,,,,"Marcha 9 km; walk row. smartchip registration; no organizer track. See rows 772/774 (Trail Largo 27 km, Trail Corto 14 km - both applied).","Alcañices, Zamora.",,needs_review: walk row; see rows 772/774
needs_review,2a9a63be-2c89-4123-a951-fffc6a6d58e9,trail-y-senderismo-sierra-de-aras,Trail y Senderismo Sierra de Aras,Marcha,2026-10-25,14,,Lucena,Córdoba,https://deportime.es/events/iii-trail-y-senderismo-sierra-de-aras/,https://www.trailrunningcal.com/es/e/trail-y-senderismo-sierra-de-aras,,,,"Marcha 14 km; walk row. deportime registration; no organizer track. See row 776 (Trail Largo 22 km, applied).","Lucena, Córdoba; III edition.",,needs_review: walk row; see row 776
not_found,36c60725-e442-45c1-ab82-d3acba20a806,vertical-pico-la-cruz,Vertical Pico la Cruz,Kopa Euskadi KV,2026-10-25,2,,Galdames,Bizkaia,https://www.buscametas.com/evento/1107892245/vertical-pico-la-cruz-2026/,https://www.trailrunningcal.com/es/e/vertical-pico-la-cruz,,,,2 km Kopa Euskadi vertical kilometre; nothing to find.,Cheap rejection by format and distance.,,
not_found,0d693d54-6609-4312-948c-02addc016fe2,vertical-pico-la-cruz,Vertical Pico la Cruz,Carrera,2026-10-25,6,650,Galdames,Bizkaia,https://www.buscametas.com/evento/1107892245/vertical-pico-la-cruz-2026/,https://www.trailrunningcal.com/es/e/vertical-pico-la-cruz,,,,Vertical of 6 km with 650 m of gain up the Pico la Cruz; verticals are not recorded as courses and official_url is only the buscametas entry page.,Cheap rejection by format.,,
not_found,e43e72c1-726b-4a76-aadb-43acecc08d24,eurafrica-trail,Eurafrica Trail,Aurum Málaga Night Race,2026-10-30,16,539,Estación de Gaucín,Málaga,https://eurafricatrail.com/es/info-tecnica-y-reglamento/,https://www.trailrunningcal.com/es/e/eurafrica-trail,,,,"Aurum Málaga Night Race 16/539; no candidate. eurafricatrail.com carries no track; press says the 2026 Málaga stage 'debuts a new route'. The only Eurafrica Málaga recording (Wikiloc id 147021228, 25.09 km / 995 m, rec. 2023) is a different, longer prior route.","Estación de Gaucín, Málaga; semi-night stage of the 10th Eurafrica Trail.",,skipped: no track; 2026 stage debuts a new route
needs_review,18d0b13d-607a-434e-9998-01c9a428cb87,ultra-de-los-castillos,Ultra de los Castillos,Relevos,2026-10-30,100,,La Parra,Badajoz,https://ccnorte.com/evento/competicion-recorrido/ii-edicion-ultra-de-los-castillos-2026//c/16744,https://www.trailrunningcal.com/es/e/ultra-de-los-castillos,,,,Relevos 100 km; relay format over the same 100 km course as row 782 (Ultra). No separate track.,"La Parra, Badajoz. See row 782 (official GPX).",,needs_review: relay row; see row 782
not_found,6cf603dc-12dc-4b65-999d-e8c58d55fc53,aznaitin-360,Aznaitín 360,Kilómetro Vertical,2026-10-31,2,914,Albanchez de Mágina,Jaén,https://fadmes.es/calendario-fam/,https://www.trailrunningcal.com/es/e/aznaitin-360,,,,Vertical kilometre of 2 km with 914 m of gain; official_url is only the FAM calendar.,Cheap rejection by format.,,
needs_review,620ed5f2-3df5-4033-9d6c-bf927b3fa7ec,becerro-trail,Becerro Trail,Marcha,2026-10-31,12,300,Cuevas del Becerro,Málaga,https://www.dorsalchip.es/carrera/2026/10/31/V_Becerro_Trail.aspx,https://www.trailrunningcal.com/es/e/becerro-trail,,,,"Marcha 12/300; walk row. dorsalchip registration; no organizer track. See rows 784/786 (Trail Largo 25 km, Trail Corto 15 km - both applied).","Cuevas del Becerro, Málaga; V edition.",,needs_review: walk row; see rows 784/786
not_found,c4a90874-4357-4351-aa5d-e1f8e57f1c9f,pujada-a-la-penya-migjorn,Pujada a la Penya Migjorn,Maratón,2026-10-31,41,2030,Xixona,Alicante,https://inscripciones.mychip.es/es/evento/12a-pujada-a-la-penya-migjorn-xixona,https://www.trailrunningcal.com/es/e/pujada-a-la-penya-migjorn,,,,"Maratón 41/2030; no candidate. Only the V-edition (2016) race recording ('V Pujada a la Penya Migjorn' id 15536539, >4 years old) and ~12 km PR-CV 212 hiking loops exist; no in-window Maratón recording.","Xixona, Alicante; XII edition; mychip registration; Centre Excursionista de Xixona.",,skipped: only a >4-year-old edition and short hiking routes
needs_review,8551af9b-6bdd-4003-8c8d-0fe3947ed681,roca-parda-trail,Roca Parda Trail,Carrera de montaña,2026-10-31,25,1250,Cinctorres,Castellón,https://www.elsports.es/eventos-deportivos,https://www.trailrunningcal.com/es/e/roca-parda-trail,https://es.wikiloc.com/wikiloc/view.do?id=205705570,wikiloc,medium,"Carrera de montaña 25/1250. Wikiloc 'DINOMANIA TRAIL 2024 CINCTORRES 25 KILÓMETROS' (id 205705570): 24.51 km / 1240 m - near-exact figures and same locality (Cinctorres), but the event name differs (Dinomania vs Roca Parda). Possibly the same rebranded race.","Cinctorres, Castellón; elsports.es carries no track. Confirm Dinomania = Roca Parda before applying.",,needs_review: near-exact figures but event-name mismatch; confirm same race
,5419a2e3-0ada-4f85-99b0-043fbd514347,carrera-subida-al-cerro-de-la-degolla,Carrera Subida al Cerro de la Degollá,,2026-11-01,14,1000,Priego,Cuenca,https://www.circuitomontanadipucuenca.com/index.php/calendario/72-xiv-carrera-subida-al-cerro-de-la-degolla?date=2026-11-01-11-00,https://www.trailrunningcal.com/es/e/carrera-subida-al-cerro-de-la-degolla,,,,,,,
,54917aa5-c023-46ec-a8f3-6b34ae147740,cursa-serralats,Cursa i Caminada Serralats,,2026-11-01,18,700,Lavern,Barcelona,https://serralats.wordpress.com/,https://www.trailrunningcal.com/es/e/cursa-serralats,,,,,,,
,1364eff0-bf89-4444-8d9e-422035fe17a8,embun-monster-trail,Embún Monster Trail,,2026-11-01,11,600,Embún,Huesca,https://web.rockthesport.com/eu/event/ii-embun-monster-trail,https://www.trailrunningcal.com/es/e/embun-monster-trail,,,,,,,
,c428fa06-e286-4439-b408-3c1e06fd48ad,mallorca-by-utmb,Mallorca by UTMB®,Camins de s'Arxiduc,2026-11-01,26,1000,Valldemossa,Illes Balears,https://mallorca.utmb.world/es/,https://www.trailrunningcal.com/es/e/mallorca-by-utmb,,,,,,,
,c3316a42-b29a-496d-a50e-57b9d5890f33,suarias-blincapenas,Suarías Blincapeñas,Tasuguina,2026-11-01,10,800,Suarías,Asturias,https://www.suarias.com/Blincapenas/2026/inicio,https://www.trailrunningcal.com/es/e/suarias-blincapenas,,,,,,,
,1a8f9651-c32e-41c0-9fbe-56e0edecffef,suarias-blincapenas,Suarías Blincapeñas,Marcha,2026-11-01,15,1100,Suarías,Asturias,https://www.suarias.com/Blincapenas/2026/inicio,https://www.trailrunningcal.com/es/e/suarias-blincapenas,,,,,,,
,0ec2173e-ffd0-48ec-93c1-76dd5c0819db,suarias-blincapenas,Suarías Blincapeñas,Blincapeñas,2026-11-01,22,1825,Suarías,Asturias,https://www.suarias.com/Blincapenas/2026/inicio,https://www.trailrunningcal.com/es/e/suarias-blincapenas,,,,,,,
,97d5f7b4-b461-4fed-89ae-bc453cbd2e8f,tap-trail,Tap Trail,Marcha,2026-11-01,12,,Cassà de la Selva,Girona,https://curses.cat/taptrail2026/,https://www.trailrunningcal.com/es/e/tap-trail,,,,,,,
,3b5c9b69-05aa-4aa0-8b14-809eda6d42bc,tap-trail,Tap Trail,,2026-11-01,16,,Cassà de la Selva,Girona,https://curses.cat/taptrail2026/,https://www.trailrunningcal.com/es/e/tap-trail,,,,,,,
,61a8a68b-4316-4a33-9410-c7c8b4c506d6,tap-trail,Tap Trail,,2026-11-01,21,,Cassà de la Selva,Girona,https://curses.cat/taptrail2026/,https://www.trailrunningcal.com/es/e/tap-trail,,,,,,,
,0d2a969a-8e82-44ff-94f2-fdc94a3070ac,tap-trail,Tap Trail,,2026-11-01,31,,Cassà de la Selva,Girona,https://curses.cat/taptrail2026/,https://www.trailrunningcal.com/es/e/tap-trail,,,,,,,
,ded16766-4c3b-4691-a5b7-3e42f9485df8,trail-castillo-anzur,Trail Castillo Anzur,Minitrail,2026-11-01,15,465,Puente Genil,Córdoba,https://trailcastilloanzur.socialtrail.es/,https://www.trailrunningcal.com/es/e/trail-castillo-anzur,,,,,,,
,673f885b-cad1-4c97-9261-f7cec5c75fde,trail-castillo-anzur,Trail Castillo Anzur,Marcha,2026-11-01,17,295,Puente Genil,Córdoba,https://trailcastilloanzur.socialtrail.es/,https://www.trailrunningcal.com/es/e/trail-castillo-anzur,,,,,,,
,361cf9bd-6ace-4b7a-95dc-4f190bace42d,trail-castillo-anzur,Trail Castillo Anzur,Trail,2026-11-01,26,1175,Puente Genil,Córdoba,https://trailcastilloanzur.socialtrail.es/,https://www.trailrunningcal.com/es/e/trail-castillo-anzur,,,,,,,
,82dd171b-1b59-4eca-83a2-adb78e797685,trail-concello-de-arteixo,Trail Concello de Arteixo,Trail Mini,2026-11-01,11,530,Arteixo,A Coruña,https://ccnorte.com/evento/detalle/id/3044/xii-trail-cmp-concello-de-arteixo,https://www.trailrunningcal.com/es/e/trail-concello-de-arteixo,,,,,,,
,5af14fb9-4051-4169-9abf-68a4e438e643,trail-concello-de-arteixo,Trail Concello de Arteixo,Trail Curto,2026-11-01,16,970,Arteixo,A Coruña,https://ccnorte.com/evento/detalle/id/3044/xii-trail-cmp-concello-de-arteixo,https://www.trailrunningcal.com/es/e/trail-concello-de-arteixo,,,,,,,
,0d3371bb-000a-49b8-bfa4-a098addf2e0f,trail-concello-de-arteixo,Trail Concello de Arteixo,Trail Longo,2026-11-01,28,1900,Arteixo,A Coruña,https://ccnorte.com/evento/detalle/id/3044/xii-trail-cmp-concello-de-arteixo,https://www.trailrunningcal.com/es/e/trail-concello-de-arteixo,,,,,,,
,bb5ba2a8-5f94-4eec-bf8f-dcfcb06210e3,trail-de-bu-ol,Trail de Buñol,Marcha,2026-11-01,9,,Buñol,Valencia,https://inscripciones.mychip.es/es/evento/xi-trail-de-bunol/inscripcion/selecciona-tarifa,https://www.trailrunningcal.com/es/e/trail-de-bu-ol,,,,,,,
,1e562984-1bc2-4ed4-966f-58e717144e42,trail-de-bu-ol,Trail de Buñol,Trail,2026-11-01,12,436,Buñol,Valencia,https://inscripciones.mychip.es/es/evento/xi-trail-de-bunol/inscripcion/selecciona-tarifa,https://www.trailrunningcal.com/es/e/trail-de-bu-ol,,,,,,,
,5713c372-cf48-403a-a373-86733fb6b797,trail-de-bu-ol,Trail de Buñol,Trail,2026-11-01,21,786,Buñol,Valencia,https://inscripciones.mychip.es/es/evento/xi-trail-de-bunol/inscripcion/selecciona-tarifa,https://www.trailrunningcal.com/es/e/trail-de-bu-ol,,,,,,,
,7eb801e4-9472-4010-8e50-3be09f5f1015,trail-pe-a-rubia,Trail Peña Rubia,Marcha,2026-11-01,13,500,Villena,Alicante,https://multiesport.es/eventos-en-alicante/,https://www.trailrunningcal.com/es/e/trail-pe-a-rubia,,,,,,,
,24e73d58-6245-4a1f-a742-c65c034b3308,trail-pe-a-rubia,Trail Peña Rubia,SprinTrail,2026-11-01,15,780,Villena,Alicante,https://multiesport.es/eventos-en-alicante/,https://www.trailrunningcal.com/es/e/trail-pe-a-rubia,,,,,,,
,b1aaefe4-7d73-4e9a-9499-7d74ffc9fb57,trail-pe-a-rubia,Trail Peña Rubia,Trail,2026-11-01,21,1000,Villena,Alicante,https://multiesport.es/eventos-en-alicante/,https://www.trailrunningcal.com/es/e/trail-pe-a-rubia,,,,,,,
,11861ad4-287e-4adc-a1c8-8bebe9d9658f,trail-salvamontes,Trail Salvamontes,Trailiño,2026-11-01,10,365,Mos,Pontevedra,https://magmasports.es/gl/evento/iii-trail-salvamontes,https://www.trailrunningcal.com/es/e/trail-salvamontes,,,,,,,
,5e189578-3c47-4e3c-8e97-05794b733722,trail-salvamontes,Trail Salvamontes,Trail Salvamontes,2026-11-01,16,670,Mos,Pontevedra,https://magmasports.es/gl/evento/iii-trail-salvamontes,https://www.trailrunningcal.com/es/e/trail-salvamontes,,,,,,,
,5ec5e5c5-c0da-45e8-a5b0-02b1e9e6c4d6,vallalta-trail,Vallalta XTrail,Vallalta XTrail - 10K,2026-11-01,10,394,Sant Iscle de Vallalta,Barcelona,https://vallaltatrail.com/,https://www.trailrunningcal.com/es/e/vallalta-trail,,,,,,,
,81db885c-4374-4184-adaa-1b3d1cc6d3fb,vallalta-trail,Vallalta XTrail,Vallalta XTrail - 18K,2026-11-01,18,807,Sant Iscle de Vallalta,Barcelona,https://vallaltatrail.com/,https://www.trailrunningcal.com/es/e/vallalta-trail,,,,,,,
,c4fdfaee-6d6f-4089-95db-b5e0320531a0,almijara-trail,Almijara Trail,Mini Trail,2026-11-02,11,260,Nerja,Málaga,https://www.nerjaatletismo.com/almijara-trail/,https://www.trailrunningcal.com/es/e/almijara-trail,,,,,,,
,f39114e7-71ef-480b-b2cd-da9f98f34c5b,almijara-trail,Almijara Trail,Almijara Trail,2026-11-02,22,1100,Nerja,Málaga,https://www.nerjaatletismo.com/almijara-trail/,https://www.trailrunningcal.com/es/e/almijara-trail,,,,,,,
,f02f877c-e5fd-4d3e-9f62-188fab9630c9,360-the-challenge-gran-canaria,360º The Challenge Gran Canaria,360º The Challenge,2026-11-04,260,13000,Gáldar,Las Palmas,https://www.360thechallenge.com/,https://www.trailrunningcal.com/es/e/360-the-challenge-gran-canaria,,,,,,,
,a4475afe-6486-4ed1-b8c4-df794796d668,argente-trail-race,Argente Trail Race,,2026-11-07,12,,Argente,Teruel,https://www.trotealo.com/carreras/argente-trail-race,https://www.trailrunningcal.com/es/e/argente-trail-race,,,,,,,
,484aff94-c138-4e02-b3ac-27e1b9155149,argente-trail-race,Argente Trail Race,Marcha,2026-11-07,12,,Argente,Teruel,https://www.trotealo.com/carreras/argente-trail-race,https://www.trailrunningcal.com/es/e/argente-trail-race,,,,,,,
,8b39e58e-0c12-4033-8017-b2f6f0dae381,argente-trail-race,Argente Trail Race,,2026-11-07,21,,Argente,Teruel,https://www.trotealo.com/carreras/argente-trail-race,https://www.trailrunningcal.com/es/e/argente-trail-race,,,,,,,
,ae36bff2-5a6a-47bc-a76c-3bd2a2481a22,arico-trail,Arico Trail,Oleo Teide,2026-11-07,7,350,Arico,Santa Cruz de Tenerife,https://sportmaniacs.com/es/races/arico-trail-2026,https://www.trailrunningcal.com/es/e/arico-trail,,,,,,,
,996caaf9-f620-4291-a165-d92b03a99652,arico-trail,Arico Trail,Las Toscas,2026-11-07,12,750,Arico,Santa Cruz de Tenerife,https://sportmaniacs.com/es/races/arico-trail-2026,https://www.trailrunningcal.com/es/e/arico-trail,,,,,,,
,ac606ead-cb05-4737-aec1-7fed5a6a34f0,arico-trail,Arico Trail,Cumbres de Abona,2026-11-07,24,1400,Arico,Santa Cruz de Tenerife,https://sportmaniacs.com/es/races/arico-trail-2026,https://www.trailrunningcal.com/es/e/arico-trail,,,,,,,
,c8ee41ce-abf7-45bd-af79-cf1a7177a4a1,bee-backyard-trail-los-berrocales,BEE BACKYARD TRAIL LOS BERROCALES,Trail,2026-11-07,100,3600,Los Berrocales del Jarama,Madrid,https://beexperienceever.com/beebackyardtrail2026,https://www.trailrunningcal.com/es/e/bee-backyard-trail-los-berrocales,,,,,,,
,5adc1a74-2146-4b11-b1a5-5383c2e37962,cdm-nocturna-feria-de-mora,CdM Nocturna Feria de Mora,Marcha,2026-11-07,10,320,Mora de Rubielos,Teruel,https://runatica.com/event/vii-cdm-nocturna-feria-mora-de-rubielos-2026,https://www.trailrunningcal.com/es/e/cdm-nocturna-feria-de-mora,,,,,,,
,21642028-9616-4464-82f1-8ad76d0c4b3d,cdm-nocturna-feria-de-mora,CdM Nocturna Feria de Mora,Modalidad Corta,2026-11-07,10,320,Mora de Rubielos,Teruel,https://runatica.com/event/vii-cdm-nocturna-feria-mora-de-rubielos-2026,https://www.trailrunningcal.com/es/e/cdm-nocturna-feria-de-mora,,,,,,,
,d62fe191-ec29-4907-ac41-e725cf570adf,cdm-nocturna-feria-de-mora,CdM Nocturna Feria de Mora,Modalidad Larga,2026-11-07,16,550,Mora de Rubielos,Teruel,https://runatica.com/event/vii-cdm-nocturna-feria-mora-de-rubielos-2026,https://www.trailrunningcal.com/es/e/cdm-nocturna-feria-de-mora,,,,,,,
,1bb8be55-6aa5-4b5b-8d6c-9233fe9fc6ec,cursa-de-l-alba,Cursa de l'Alba,MitjAlba,2026-11-07,12,600,Collbató,Barcelona,https://cursalba.cat/,https://www.trailrunningcal.com/es/e/cursa-de-l-alba,,,,,,,
,264c9d84-8cf8-4f55-a4f7-1e942883058b,cursa-de-l-alba,Cursa de l'Alba,Cursa de l'Alba,2026-11-07,22,1200,Collbató,Barcelona,https://cursalba.cat/,https://www.trailrunningcal.com/es/e/cursa-de-l-alba,,,,,,,
,98171ce9-d20d-4df9-a7f7-26a396303115,gran-vuelta-valle-del-genal,Gran Vuelta Valle del Genal,Trail Genal,2026-11-07,55,2700,Benalauría,Málaga,https://granvueltavalledelgenal.com/,https://www.trailrunningcal.com/es/e/gran-vuelta-valle-del-genal,,,,,,,
,b37ecbe7-f628-4854-95c8-d4f2a88eb4eb,haro-wine-trail,Haro Wine Trail,Marcha,2026-11-07,14,350,Haro,La Rioja,https://harowinetrail.com/,https://www.trailrunningcal.com/es/e/haro-wine-trail,,,,,,,
,27efff09-4851-4411-aeac-5a6582b5670c,haro-wine-trail,Haro Wine Trail,Crianza,2026-11-07,19,550,Haro,La Rioja,https://harowinetrail.com/,https://www.trailrunningcal.com/es/e/haro-wine-trail,,,,,,,
,f76a66ff-6c60-4eb0-ac72-ffeb3196d14c,haro-wine-trail,Haro Wine Trail,Reserva,2026-11-07,26,1100,Haro,La Rioja,https://harowinetrail.com/,https://www.trailrunningcal.com/es/e/haro-wine-trail,,,,,,,
,e82dae9f-2d14-4cbe-b6b1-81423666ec1f,incre-ble-trail,Increïble Trail,,2026-11-07,55,,Folgueroles,Barcelona,https://increibletrail.org/,https://www.trailrunningcal.com/es/e/incre-ble-trail,,,,,,,
,df530e3c-1e1f-45a4-8258-642f33533388,incre-ble-trail,Increïble Trail,,2026-11-07,100,,Folgueroles,Barcelona,https://increibletrail.org/,https://www.trailrunningcal.com/es/e/incre-ble-trail,,,,,,,
,998e7fd3-b500-4b8e-81f7-085c5699bfb4,milla-y-km-vertical-de-l-arp,Milla y KM Vertical de l'Arp,,2026-11-07,6,1010,Sorribes de la Vansa,Lleida,https://verticalarp.cat/,https://www.trailrunningcal.com/es/e/milla-y-km-vertical-de-l-arp,,,,,,,
,d58c84c8-132e-4529-839a-98cbbec84305,milla-y-km-vertical-de-l-arp,Milla y KM Vertical de l'Arp,Senderista,2026-11-07,6,1010,Sorribes de la Vansa,Lleida,https://verticalarp.cat/,https://www.trailrunningcal.com/es/e/milla-y-km-vertical-de-l-arp,,,,,,,
,d1bfb4ce-e201-42b7-ae8d-8e26cdb2d4e1,milla-y-km-vertical-de-l-arp,Milla y KM Vertical de l'Arp,Milla,2026-11-07,11,1500,Sorribes de la Vansa,Lleida,https://verticalarp.cat/,https://www.trailrunningcal.com/es/e/milla-y-km-vertical-de-l-arp,,,,,,,
,eacd3044-bc8e-4e41-88ae-82f6ea56db36,montanejos-trail,Montanejos Trail,Trail,2026-11-07,30,1251,Montanejos,Castellón,https://montanejostrail.com/,https://www.trailrunningcal.com/es/e/montanejos-trail,,,,,,,
,fc1096cb-499f-4519-b04d-8804230935b5,montanejos-trail,Montanejos Trail,Trail,2026-11-07,52,2434,Montanejos,Castellón,https://montanejostrail.com/,https://www.trailrunningcal.com/es/e/montanejos-trail,,,,,,,
,c3f795d5-46a0-455c-9910-24a2b2117dc2,muntanyes-de-prades-epic-trail,Muntanyes de Prades Epic Trail,"Muntanyes de Prades Epic Trail, Ermita de l'Abellera - 25K",2026-11-07,25,1300,Prades,Tarragona,https://www.muntanyesdepradesepictrail.com/,https://www.trailrunningcal.com/es/e/muntanyes-de-prades-epic-trail,,,,,,,
,903430c6-1b63-4f77-a85c-d5a4b756d163,muntanyes-de-prades-epic-trail,Muntanyes de Prades Epic Trail,"Muntanyes de Prades Epic Trail, Cingleres de la Febrò - 50K",2026-11-07,50,2500,Prades,Tarragona,https://www.muntanyesdepradesepictrail.com/,https://www.trailrunningcal.com/es/e/muntanyes-de-prades-epic-trail,,,,,,,
,fab91ac7-b6af-4ea7-b03e-2dd1e67ae11a,periche-trail,Periche Trail,CxM Periche 15K,2026-11-07,15,922,Los Villares,Jaén,https://www.losvillares.com/evento/iii-periche-trail/,https://www.trailrunningcal.com/es/e/periche-trail,,,,,,,
,4381e3b0-8692-45b5-b27d-918fb28922ba,periche-trail,Periche Trail,Marcha,2026-11-07,15,922,Los Villares,Jaén,https://www.losvillares.com/evento/iii-periche-trail/,https://www.trailrunningcal.com/es/e/periche-trail,,,,,,,
,d4b0bfe7-1dd0-46cb-8aab-cbcd2acbb471,periche-trail,Periche Trail,CxM Periche 23K,2026-11-07,23,1369,Los Villares,Jaén,https://www.losvillares.com/evento/iii-periche-trail/,https://www.trailrunningcal.com/es/e/periche-trail,,,,,,,
,beefb411-75a6-4e6f-b2f1-69c3495dbd30,trail-montanas-del-aranda,Trail Montañas del Aranda,Marcha,2026-11-07,12,375,Brea de Aragón,Zaragoza,https://fartlecksport.com/trail-brea-de-aragon/,https://www.trailrunningcal.com/es/e/trail-montanas-del-aranda,,,,,,,
,26a6a6cb-c5cd-4061-83a0-ce862e47f549,trail-montanas-del-aranda,Trail Montañas del Aranda,Maestro Zapatero,2026-11-07,12,375,Brea de Aragón,Zaragoza,https://fartlecksport.com/trail-brea-de-aragon/,https://www.trailrunningcal.com/es/e/trail-montanas-del-aranda,,,,,,,
,8cd29d93-eb76-4477-9a57-3b3882b70a52,trail-montanas-del-aranda,Trail Montañas del Aranda,Ruta del Calzado,2026-11-07,21,1175,Brea de Aragón,Zaragoza,https://fartlecksport.com/trail-brea-de-aragon/,https://www.trailrunningcal.com/es/e/trail-montanas-del-aranda,,,,,,,
,a930b75e-f0d1-45ef-be95-c0c84b542bae,trail-torres-del-foc,Trail Torres del Foc,TTDF 12K,2026-11-07,12,500,Calella,Barcelona,https://www.b3sportevents.com/es/trailtorresdelfoc,https://www.trailrunningcal.com/es/e/trail-torres-del-foc,,,,,,,
,4759a34f-d2d2-4978-8a72-ca92294f8928,trail-torres-del-foc,Trail Torres del Foc,TTDF 21K,2026-11-07,21,1000,Calella,Barcelona,https://www.b3sportevents.com/es/trailtorresdelfoc,https://www.trailrunningcal.com/es/e/trail-torres-del-foc,,,,,,,
,21730aee-902e-49cd-8066-e18f733ec35f,trail-torres-del-foc,Trail Torres del Foc,TTDF 42K,2026-11-07,42,2000,Calella,Barcelona,https://www.b3sportevents.com/es/trailtorresdelfoc,https://www.trailrunningcal.com/es/e/trail-torres-del-foc,,,,,,,
,3af0a3c3-85d0-4a70-a30e-674f4b96e1ff,trail-torres-del-foc,Trail Torres del Foc,TTDF 60K,2026-11-07,60,2900,Calella,Barcelona,https://www.b3sportevents.com/es/trailtorresdelfoc,https://www.trailrunningcal.com/es/e/trail-torres-del-foc,,,,,,,
,292a3527-a7b5-4598-b97d-08baa4d7cb08,cursa-cami-de-sirga,Cursa Camí de Sirga,,2026-11-08,16,558,Móra d'Ebre,Tarragona,https://cursacamidesirga.picossatrail.cat/,https://www.trailrunningcal.com/es/e/cursa-cami-de-sirga,,,,,,,
,0294f492-b974-4dc1-96a8-7de093ade32b,cursa-de-la-ratafia,Cursa de la Ratafia,Marcha,2026-11-08,10,300,Santa Coloma de Farners,Girona,https://cursadelaratafia.cat/,https://www.trailrunningcal.com/es/e/cursa-de-la-ratafia,,,,,,,
,6768da41-cf5b-477a-be62-68fa1f9b84a0,cursa-de-la-ratafia,Cursa de la Ratafia,Cursa petita,2026-11-08,15,550,Santa Coloma de Farners,Girona,https://cursadelaratafia.cat/,https://www.trailrunningcal.com/es/e/cursa-de-la-ratafia,,,,,,,
,161ef3c4-7519-4e50-a422-008af3eae027,cxm-trail-turdulos,CxM Trail Túrdulos,Trail Corto,2026-11-08,15,400,Belalcázar,Córdoba,https://masatletismo.com/2026/05/09/abrimos-el-plazo-de-inscripcion-para-el-viii-trail-turdulos-belalcazar/,https://www.trailrunningcal.com/es/e/cxm-trail-turdulos,,,,,,,
,e8878c68-8a85-49f3-9ed7-6cd231a05e68,cxm-trail-turdulos,CxM Trail Túrdulos,Marcha,2026-11-08,15,,Belalcázar,Córdoba,https://masatletismo.com/2026/05/09/abrimos-el-plazo-de-inscripcion-para-el-viii-trail-turdulos-belalcazar/,https://www.trailrunningcal.com/es/e/cxm-trail-turdulos,,,,,,,
,1b66c310-0c66-44df-a43e-f2b464db258e,cxm-trail-turdulos,CxM Trail Túrdulos,Trail Largo,2026-11-08,23,700,Belalcázar,Córdoba,https://masatletismo.com/2026/05/09/abrimos-el-plazo-de-inscripcion-para-el-viii-trail-turdulos-belalcazar/,https://www.trailrunningcal.com/es/e/cxm-trail-turdulos,,,,,,,
,e4e52d93-ba06-4d53-ade9-922da8e26fcd,incre-ble-trail,Increïble Trail,,2026-11-08,2,,Folgueroles,Barcelona,https://increibletrail.org/,https://www.trailrunningcal.com/es/e/incre-ble-trail,,,,,,,
,a4fd9298-f848-425a-b0d6-a595cabbc7ad,marato-del-montseny,Marató del Montseny,,2026-11-08,36,2213,Montseny,Barcelona,https://maratomontseny.com/,https://www.trailrunningcal.com/es/e/marato-del-montseny,,,,,,,
,b7005bf3-f180-481d-a0c0-d6a0594fe7b1,montanejos-trail,Montanejos Trail,Trail,2026-11-08,18,903,Montanejos,Castellón,https://montanejostrail.com/,https://www.trailrunningcal.com/es/e/montanejos-trail,,,,,,,
,23d2b7bc-3a23-4e4a-af66-6a41c569d8ad,muntanyes-de-prades-epic-trail,Muntanyes de Prades Epic Trail,"Muntanyes de Prades Epic Trail, Coll del Bosc Kids - 7K",2026-11-08,7,300,Prades,Tarragona,https://www.muntanyesdepradesepictrail.com/,https://www.trailrunningcal.com/es/e/muntanyes-de-prades-epic-trail,,,,,,,
,76b3702e-a08f-4ad8-b892-d915d73c878e,muntanyes-de-prades-epic-trail,Muntanyes de Prades Epic Trail,"Muntanyes de Prades Epic Trail, Tossal de la Baltassana - 13K",2026-11-08,13,700,Prades,Tarragona,https://www.muntanyesdepradesepictrail.com/,https://www.trailrunningcal.com/es/e/muntanyes-de-prades-epic-trail,,,,,,,
,2939ea1b-400e-4845-b07f-f76e1afdcf22,pujada-ermita-sant-esteve,Pujada Ermita Sant Esteve,Marcha,2026-11-08,11,375,Ontinyent,Valencia,https://web.rockthesport.com/en/event/pujada-ermita-sant-esteve-2026-ontinyent-,https://www.trailrunningcal.com/es/e/pujada-ermita-sant-esteve,,,,,,,
,bacfe2d3-2f40-4dda-8f33-a64963dbdc43,pujada-ermita-sant-esteve,Pujada Ermita Sant Esteve,Carrera,2026-11-08,11,375,Ontinyent,Valencia,https://web.rockthesport.com/en/event/pujada-ermita-sant-esteve-2026-ontinyent-,https://www.trailrunningcal.com/es/e/pujada-ermita-sant-esteve,,,,,,,
,eb63ddcd-5f0d-46df-ac2e-c5ed9abd3c9d,sierra-nevada-trails-pinos-genil,Sierra Nevada Trails Pinos Genil,Open Trail,2026-11-08,15,900,Pinos Genil,Granada,https://sierranevadatrail.com/sierranevadatrals-pinos-genil/,https://www.trailrunningcal.com/es/e/sierra-nevada-trails-pinos-genil,,,,,,,
,3627ddfb-2b6d-44aa-9efa-05f860e6f524,sierra-nevada-trails-pinos-genil,Sierra Nevada Trails Pinos Genil,SkyRace,2026-11-08,30,2000,Pinos Genil,Granada,https://sierranevadatrail.com/sierranevadatrals-pinos-genil/,https://www.trailrunningcal.com/es/e/sierra-nevada-trails-pinos-genil,,,,,,,
,2f63ea46-692d-44ee-95d4-e5d61ed9c9af,trail-das-bestas,Trail das Bestas,Marcha,2026-11-08,12,570,Muras,Lugo,https://traildasbestas.com/,https://www.trailrunningcal.com/es/e/trail-das-bestas,,,,,,,
,a24dc593-d5ac-419e-bd75-319c9a7cea39,trail-das-bestas,Trail das Bestas,Classic,2026-11-08,27,1180,Muras,Lugo,https://traildasbestas.com/,https://www.trailrunningcal.com/es/e/trail-das-bestas,,,,,,,
,061b57e6-c7db-4e8a-b07d-90f7091b027d,trail-das-bestas,Trail das Bestas,Maratón,2026-11-08,43,2080,Muras,Lugo,https://traildasbestas.com/,https://www.trailrunningcal.com/es/e/trail-das-bestas,,,,,,,
,1612cb56-334a-492c-8e81-cda5ce04cd51,trail-el-tanque,Trail El Tanque,Puerto de Erjos,2026-11-08,11,378,Erjos,Santa Cruz de Tenerife,https://inscripciones.ascensotiming.es/inscripcion/trail-el-tanque/?lang=es,https://www.trailrunningcal.com/es/e/trail-el-tanque,,,,,,,
,35db610a-3c88-40ff-937a-9db124210a53,trail-el-tanque,Trail El Tanque,Chinyero-Echeyde,2026-11-08,20,691,Erjos,Santa Cruz de Tenerife,https://inscripciones.ascensotiming.es/inscripcion/trail-el-tanque/?lang=es,https://www.trailrunningcal.com/es/e/trail-el-tanque,,,,,,,
,c5a2e1a3-d6fa-4545-963a-7a3d617b9529,trail-sendero-del-agua-galifa,Trail Sendero del Agua Galifa,Marcha,2026-11-08,9,450,Galifa,Murcia,https://www.taigaresorts.com/segundo-trail-running-festival-cartagena-costa-calida.html,https://www.trailrunningcal.com/es/e/trail-sendero-del-agua-galifa,,,,,,,
,f32645bf-1647-4587-992a-7307b90153ac,trail-sendero-del-agua-galifa,Trail Sendero del Agua Galifa,Trail,2026-11-08,16,800,Galifa,Murcia,https://www.taigaresorts.com/segundo-trail-running-festival-cartagena-costa-calida.html,https://www.trailrunningcal.com/es/e/trail-sendero-del-agua-galifa,,,,,,,
,e13c33c1-1e40-4d13-8169-aa74b17655e8,trail-siero,Trail Siero,Marcha,2026-11-08,8,,Pola de Siero,Asturias,https://trailsiero.es/,https://www.trailrunningcal.com/es/e/trail-siero,,,,,,,
,501b8755-77df-4798-889a-ac95604820e2,trail-siero,Trail Siero,Trail Corto,2026-11-08,11,300,Pola de Siero,Asturias,https://trailsiero.es/,https://www.trailrunningcal.com/es/e/trail-siero,,,,,,,
,bc2077ec-0e3b-4438-a7db-f21c3adf36a7,trail-siero,Trail Siero,Trail Siero por Relevos,2026-11-08,25,1050,Pola de Siero,Asturias,https://trailsiero.es/,https://www.trailrunningcal.com/es/e/trail-siero,,,,,,,
,82e076ee-78e0-46c5-a026-bbc4c9bade56,trail-siero,Trail Siero,Trail Siero,2026-11-08,25,1050,Pola de Siero,Asturias,https://trailsiero.es/,https://www.trailrunningcal.com/es/e/trail-siero,,,,,,,
,621cafb4-736e-4ca6-886d-8005a2388707,trail-toca-sons,Trail Toca-Sons,Marcha,2026-11-08,10,300,Taradell,Barcelona,https://www.innovitsport.com/esdeveniments/trail-tocasons,https://www.trailrunningcal.com/es/e/trail-toca-sons,,,,,,,
,8af16993-c7d5-4e6c-8b8f-88d8fc2fdb01,trail-toca-sons,Trail Toca-Sons,Trail,2026-11-08,12,400,Taradell,Barcelona,https://www.innovitsport.com/esdeveniments/trail-tocasons,https://www.trailrunningcal.com/es/e/trail-toca-sons,,,,,,,
,4e62ae38-653d-466e-8609-8d423ce24444,trail-valle-del-guadiaro,Trail Valle del Guadiaro,Trail Corto,2026-11-08,13,280,San Roque,Cádiz,https://inscripciones.gesconchip.es/es/evento/ii-trail-valle-del-guadiaro?auto=1&cmp=1&frm=0&pwr=0,https://www.trailrunningcal.com/es/e/trail-valle-del-guadiaro,,,,,,,
,63d371f6-8e7f-4785-bd67-f32f6757b510,trail-valle-del-guadiaro,Trail Valle del Guadiaro,Trail Largo,2026-11-08,21,583,San Roque,Cádiz,https://inscripciones.gesconchip.es/es/evento/ii-trail-valle-del-guadiaro?auto=1&cmp=1&frm=0&pwr=0,https://www.trailrunningcal.com/es/e/trail-valle-del-guadiaro,,,,,,,
,06c6a6a6-955f-49d1-93ff-67d7b429c4e9,valcorchero-xtreme-trail,Valcorchero Xtreme Trail,RACE,2026-11-08,13,486,Plasencia,Cáceres,https://www.plasencia.es/web/noticias/3440-plasencia-se-situa-en-el-mapa-del-trail-running-internacional-con-la-ii-edicion-del-valcorchero-extreme-trail,https://www.trailrunningcal.com/es/e/valcorchero-xtreme-trail,,,,,,,
,3829b497-585d-4335-8fdb-a1f7f8506a87,valcorchero-xtreme-trail,Valcorchero Xtreme Trail,EXTREME,2026-11-08,22,1020,Plasencia,Cáceres,https://www.plasencia.es/web/noticias/3440-plasencia-se-situa-en-el-mapa-del-trail-running-internacional-con-la-ii-edicion-del-valcorchero-extreme-trail,https://www.trailrunningcal.com/es/e/valcorchero-xtreme-trail,,,,,,,
,cb34c80e-dea3-4d74-bbd6-64c8182d276c,entremontanas-paralelo28,Entremontañas Paralelo28,Vertical El Viso,2026-11-13,6,947,La Aldea de San Nicolás,Las Palmas,https://paralelo28laaldea.com/reglamento/,https://www.trailrunningcal.com/es/e/entremontanas-paralelo28,,,,,,,
,32c49d43-570d-435f-a042-faa4fa9643f8,haria-titan,Haría Titán,Marcha,2026-11-13,5,,Haría,Las Palmas,https://www.hariatitan.com/,https://www.trailrunningcal.com/es/e/haria-titan,,,,,,,
,17c1a8ce-62ed-46c2-8425-c80957e85144,bimbache-trail,Bimbache Trail,Mini Bimbache Trail,2026-11-14,12,400,Valverde,Santa Cruz de Tenerife,https://bimbachetrail.es/,https://www.trailrunningcal.com/es/e/bimbache-trail,,,,,,,
,6b8dc039-78f3-430b-9dca-784b88f7deb4,bimbache-trail,Bimbache Trail,Media Bimbache Trail,2026-11-14,21,700,Valverde,Santa Cruz de Tenerife,https://bimbachetrail.es/,https://www.trailrunningcal.com/es/e/bimbache-trail,,,,,,,
,b74591e5-7e40-422f-9d40-a3d9144bf42d,bimbache-trail,Bimbache Trail,Bimbache Trail,2026-11-14,32,2000,Valverde,Santa Cruz de Tenerife,https://bimbachetrail.es/,https://www.trailrunningcal.com/es/e/bimbache-trail,,,,,,,
,df9ddc10-5018-48ce-affe-bc20acb9dbf0,entremontanas-paralelo28,Entremontañas Paralelo28,Carrera Corta,2026-11-14,11,,La Aldea de San Nicolás,Las Palmas,https://paralelo28laaldea.com/reglamento/,https://www.trailrunningcal.com/es/e/entremontanas-paralelo28,,,,,,,
,b94a75c8-3054-43f0-91d9-8dd67f2944f0,entremontanas-paralelo28,Entremontañas Paralelo28,UTP28,2026-11-14,48,2500,La Aldea de San Nicolás,Las Palmas,https://paralelo28laaldea.com/reglamento/,https://www.trailrunningcal.com/es/e/entremontanas-paralelo28,,,,,,,
,d9d35e9d-c9dc-4781-88a0-2c7371467d93,gran-vuelta-valle-del-genal,Gran Vuelta Valle del Genal,R3L3VOS Gran Vuelta Valle del Genal,2026-11-14,130,6500,Parauta,Málaga,https://granvueltavalledelgenal.com/,https://www.trailrunningcal.com/es/e/gran-vuelta-valle-del-genal,,,,,,,
,f54e96ce-4c69-48a0-9b86-6788e0dd7b56,gran-vuelta-valle-del-genal,Gran Vuelta Valle del Genal,Ultra Gran Vuelta Valle del Genal,2026-11-14,130,6500,Parauta,Málaga,https://granvueltavalledelgenal.com/,https://www.trailrunningcal.com/es/e/gran-vuelta-valle-del-genal,,,,,,,
,1c2078a3-c0da-40f6-ad59-b6fc2676ba1f,haria-titan,Haría Titán,Haría Titán Trail Joven,2026-11-14,14,609,Haría,Las Palmas,https://www.hariatitan.com/,https://www.trailrunningcal.com/es/e/haria-titan,,,,,,,
,05d37659-d47a-4398-be3a-eaf69faef98d,haria-titan,Haría Titán,Haría Titán Geoparque,2026-11-14,22,1029,Haría,Las Palmas,https://www.hariatitan.com/,https://www.trailrunningcal.com/es/e/haria-titan,,,,,,,
,07c368f2-668f-4005-a0df-fb174a37d834,haria-titan,Haría Titán,Haría Titán Trail,2026-11-14,42,2181,Haría,Las Palmas,https://www.hariatitan.com/,https://www.trailrunningcal.com/es/e/haria-titan,,,,,,,
,32b9bc1c-6087-4bcd-9d03-5426ce7a2c90,maraton-sierra-de-mijas,Maratón Sierra de Mijas,Mini Maratón,2026-11-14,11,500,Mijas,Málaga,https://www.maratonsierrademijas.com/,https://www.trailrunningcal.com/es/e/maraton-sierra-de-mijas,,,,,,,
,5a3c9aa5-1141-48e9-866e-4419723b4e2f,maraton-sierra-de-mijas,Maratón Sierra de Mijas,Media Maratón,2026-11-14,21,1150,Mijas,Málaga,https://www.maratonsierrademijas.com/,https://www.trailrunningcal.com/es/e/maraton-sierra-de-mijas,,,,,,,
,a5c6291b-a3b2-4b0c-aa8f-68bca0a50aa1,maraton-sierra-de-mijas,Maratón Sierra de Mijas,Maratón,2026-11-14,42,2300,Mijas,Málaga,https://www.maratonsierrademijas.com/,https://www.trailrunningcal.com/es/e/maraton-sierra-de-mijas,,,,,,,
,9ad02e45-238e-4730-aa88-f0224ed24e39,moraltrail-race,MoralTrail Race,MoralTrail Race,2026-11-14,9.5,560,Moralzarzal,Madrid,https://moraltrailrunning.com/reglamento/,https://www.trailrunningcal.com/es/e/moraltrail-race,,,,,,,
,a7981408-6932-4bab-b5df-89d8b32b5509,moraltrail-race,MoralTrail Race,MoralTrail Race,2026-11-14,17,940,Moralzarzal,Madrid,https://moraltrailrunning.com/reglamento/,https://www.trailrunningcal.com/es/e/moraltrail-race,,,,,,,
,1cebc090-19cc-4e06-a5c7-07519ffc9b30,paleotrail-loarre,Paleotrail Loarre,Trepadinos,2026-11-14,13,586,Loarre,Huesca,https://huevosdeloarre.com/paleotrail/,https://www.trailrunningcal.com/es/e/paleotrail-loarre,,,,,,,
,ce3b62e3-0c7b-4958-80d7-cda99e5a63ba,paleotrail-loarre,Paleotrail Loarre,Quebrantahuevos,2026-11-14,21,1000,Loarre,Huesca,https://huevosdeloarre.com/paleotrail/,https://www.trailrunningcal.com/es/e/paleotrail-loarre,,,,,,,
,49c82bd6-68a3-4420-9a62-d0f6e574111b,subida-al-castillo-de-portezuelo,Subida al Castillo de Portezuelo,Subida al Castillo,2026-11-14,19,700,Portezuelo,Cáceres,https://www.subidacastilloportezuelo.com/,https://www.trailrunningcal.com/es/e/subida-al-castillo-de-portezuelo,,,,,,,
,91cb5637-7a83-41f9-b0d8-cb69c8408e8f,trail-montroig,Trail Montroig by Energia Nufri,Volta al pantà,2026-11-14,8,150,Sant Llorenç de Montgai,Lleida,https://www.trailmontroig.cat/,https://www.trailrunningcal.com/es/e/trail-montroig,,,,,,,
,2258f091-0bb5-440a-9736-32967b8bd668,trail-montroig,Trail Montroig by Energia Nufri,Sprint,2026-11-14,14,560,Sant Llorenç de Montgai,Lleida,https://www.trailmontroig.cat/,https://www.trailrunningcal.com/es/e/trail-montroig,,,,,,,
,fbb5f5cd-cc84-4b96-b84b-58dc0db3b333,trail-montroig,Trail Montroig by Energia Nufri,Mitja Marató,2026-11-14,21,1340,Sant Llorenç de Montgai,Lleida,https://www.trailmontroig.cat/,https://www.trailrunningcal.com/es/e/trail-montroig,,,,,,,
,30e9a517-45e4-467a-9fd8-cd6cbf51d73d,trail-montroig,Trail Montroig by Energia Nufri,Marató,2026-11-14,41,2600,Sant Llorenç de Montgai,Lleida,https://www.trailmontroig.cat/,https://www.trailrunningcal.com/es/e/trail-montroig,,,,,,,
,5f8abc2b-7db9-4443-883b-689f685ad176,caminada-rupit-taradell,Caminada Rupit-Taradell,Marcha,2026-11-15,44,,Rupit,Barcelona,https://cetaradell.cat/ce/,https://www.trailrunningcal.com/es/e/caminada-rupit-taradell,,,,,,,
,5c0e6aee-169c-471b-a68d-40db92173be4,costa-blanca-trails,Costa Blanca Trails,Marcha,2026-11-15,14,750,Finestrat,Alicante,https://www.costablancatrails.com/,https://www.trailrunningcal.com/es/e/costa-blanca-trails,,,,,,,
,77932411-93f2-426b-a23a-ce67a4a9f7f5,cursa-de-muntanya-de-girona,Carrera de Montaña de Girona,Express,2026-11-15,13,500,Girona,Girona,https://www.klassmark.com/es/cmg-girona/,https://www.trailrunningcal.com/es/e/cursa-de-muntanya-de-girona,,,,,,,
,e0ddccab-740a-4bd9-a4b3-e916b15cc229,cursa-de-muntanya-de-girona,Carrera de Montaña de Girona,Trail,2026-11-15,21,800,Girona,Girona,https://www.klassmark.com/es/cmg-girona/,https://www.trailrunningcal.com/es/e/cursa-de-muntanya-de-girona,,,,,,,
,a3cbd7f2-06db-47ca-89c8-1cc798f26440,cursa-de-muntanya-de-girona,Carrera de Montaña de Girona,Transgavarres,2026-11-15,50,1600,Girona,Girona,https://www.klassmark.com/es/cmg-girona/,https://www.trailrunningcal.com/es/e/cursa-de-muntanya-de-girona,,,,,,,
,c5b20945-d260-4a57-9f1b-4a45f2817a00,cursa-muntanya-del-farell,Cursa Muntanya del Farell,Cursa Farell,2026-11-15,12,,Caldes de Montbui,Barcelona,https://cncaldes.cat/atletisme,https://www.trailrunningcal.com/es/e/cursa-muntanya-del-farell,,,,,,,
,db9b735d-aff3-42c0-a3a9-6a28f49f20b8,cursa-muntanya-del-farell,Cursa Muntanya del Farell,Trail Pic del Vent,2026-11-15,24,,Caldes de Montbui,Barcelona,https://cncaldes.cat/atletisme,https://www.trailrunningcal.com/es/e/cursa-muntanya-del-farell,,,,,,,
,adffd730-5cb0-4624-a7b2-841bbca723be,cxm-la-calzada,CXM La Calzada,Mini Trail,2026-11-15,15,640,Vícar,Almería,https://inscrik.com/evento/ii-cxm-la-calzada/,https://www.trailrunningcal.com/es/e/cxm-la-calzada,,,,,,,
,6c84e568-3822-496a-9ffe-3549ce2358ff,cxm-la-calzada,CXM La Calzada,Marcha,2026-11-15,18,,Vícar,Almería,https://inscrik.com/evento/ii-cxm-la-calzada/,https://www.trailrunningcal.com/es/e/cxm-la-calzada,,,,,,,
,5b2eefe6-e199-4981-b78b-1d6f6d8d6d7e,cxm-la-calzada,CXM La Calzada,Trail,2026-11-15,24,1100,Vícar,Almería,https://inscrik.com/evento/ii-cxm-la-calzada/,https://www.trailrunningcal.com/es/e/cxm-la-calzada,,,,,,,
,d1afd016-2f45-4d40-b96c-023aa703c527,cxm-nico-molina-sierra-de-durcal,CxM Nico Molina - Sierra de Dúrcal,CxM-11K,2026-11-15,11,644,Dúrcal,Granada,https://repositorio.global-tempo.com/carreras.php?id=3192,https://www.trailrunningcal.com/es/e/cxm-nico-molina-sierra-de-durcal,,,,,,,
,2cb0d6c2-93b7-4694-ad2a-9b78c8f009fa,cxm-nico-molina-sierra-de-durcal,CxM Nico Molina - Sierra de Dúrcal,CxM-23K,2026-11-15,24,1420,Dúrcal,Granada,https://repositorio.global-tempo.com/carreras.php?id=3192,https://www.trailrunningcal.com/es/e/cxm-nico-molina-sierra-de-durcal,,,,,,,
,48c9fa5a-0ef0-4636-ab80-8764bbb08efb,historic-trail-calafell,Historic Trail Calafell,Marcha,2026-11-15,10,251,Calafell,Tarragona,https://webtretzesports.wixsite.com/historictrail,https://www.trailrunningcal.com/es/e/historic-trail-calafell,,,,,,,
,646911d4-1d7d-4666-92e4-f82b16b27e42,historic-trail-calafell,Historic Trail Calafell,,2026-11-15,12,330,Calafell,Tarragona,https://webtretzesports.wixsite.com/historictrail,https://www.trailrunningcal.com/es/e/historic-trail-calafell,,,,,,,
,8f28476f-cb30-4e11-9b43-542d564e58e9,historic-trail-calafell,Historic Trail Calafell,,2026-11-15,19,466,Calafell,Tarragona,https://webtretzesports.wixsite.com/historictrail,https://www.trailrunningcal.com/es/e/historic-trail-calafell,,,,,,,
,a6c1bdd9-34ef-444e-9589-b5b9ee070ea9,la-sarga-sky-race,La Sarga Sky Race,,2026-11-15,30,2100,Villaverde de Guadalimar,Albacete,https://deportes.dipualba.es/Deportes/FichaPrueba/1289,https://www.trailrunningcal.com/es/e/la-sarga-sky-race,,,,,,,
,c7ade68e-a3e1-4cb8-834f-e6d2cdef6fef,querroig-trail,Querroig Trail,Marcha,2026-11-15,9,,Portbou,Girona,https://querroigtrail.com/,https://www.trailrunningcal.com/es/e/querroig-trail,,,,,,,
,03b02c72-67fe-4306-bba6-8249c187a599,querroig-trail,Querroig Trail,La Marxa Express,2026-11-15,9,349,Portbou,Girona,https://querroigtrail.com/,https://www.trailrunningcal.com/es/e/querroig-trail,,,,,,,
,dee9059c-4382-4045-9435-8c478f6c4445,querroig-trail,Querroig Trail,La Walter Benjamin Mitjana,2026-11-15,15,900,Portbou,Girona,https://querroigtrail.com/,https://www.trailrunningcal.com/es/e/querroig-trail,,,,,,,
,4fbd451d-3b5b-4e70-a909-fceaaf98d014,querroig-trail,Querroig Trail,La Walter Benjamin Mitjana,2026-11-15,15,,Portbou,Girona,https://querroigtrail.com/,https://www.trailrunningcal.com/es/e/querroig-trail,,,,,,,
,485493ea-73f7-4159-908b-01c628c1d074,querroig-trail,Querroig Trail,La Walter Benjamin Llarga,2026-11-15,23,1334,Portbou,Girona,https://querroigtrail.com/,https://www.trailrunningcal.com/es/e/querroig-trail,,,,,,,
,0b3dc6e1-ea8a-4524-ba3e-826988171e4b,querroig-trail,Querroig Trail,La Walter Benjamin Llarga,2026-11-15,23,,Portbou,Girona,https://querroigtrail.com/,https://www.trailrunningcal.com/es/e/querroig-trail,,,,,,,
,81e74dfd-8d3c-4986-a1a3-a526390c9302,vulcan-race,Vulcan Race,,2026-11-15,10,736,Garachico,Santa Cruz de Tenerife,https://inscripciones.chronotrackcanarias.com/inscripcion/vulcan-race-garachico-2026/,https://www.trailrunningcal.com/es/e/vulcan-race,,,,,,,
,0eddea96-241b-422d-9259-78cb4767ea9f,vulcan-race,Vulcan Race,,2026-11-15,21,1362,Garachico,Santa Cruz de Tenerife,https://inscripciones.chronotrackcanarias.com/inscripcion/vulcan-race-garachico-2026/,https://www.trailrunningcal.com/es/e/vulcan-race,,,,,,,
,15ef838d-6d5f-402e-9a15-fe08366f6337,burriac-xtrem,Burriac Xtrem,Burriac Xtrem - La Curta - 11K,2026-11-16,10.5,590,Argentona,Barcelona,https://www.gmargentona.com/xtrem/burriac-xtrem-2026/,https://www.trailrunningcal.com/es/e/burriac-xtrem,,,,,,,
,3e1e0536-b3e5-4cee-b6dd-cc5200633ac9,burriac-xtrem,Burriac Xtrem,Burriac Xtrem - La Mitjana - 16K,2026-11-16,15.5,865,Argentona,Barcelona,https://www.gmargentona.com/xtrem/burriac-xtrem-2026/,https://www.trailrunningcal.com/es/e/burriac-xtrem,,,,,,,
,30d76680-c926-40fa-b971-a12f1c0d51cb,burriac-xtrem,Burriac Xtrem,Burriac Xtrem - La Llarga - 22K,2026-11-16,21.5,1120,Argentona,Barcelona,https://www.gmargentona.com/xtrem/burriac-xtrem-2026/,https://www.trailrunningcal.com/es/e/burriac-xtrem,,,,,,,
,a215af3a-5665-42f0-bf42-c58477e8540b,burriac-xtrem,Burriac Xtrem,Burriac Xtrem - La més llarga - 29K,2026-11-16,29,1340,Argentona,Barcelona,https://www.gmargentona.com/xtrem/burriac-xtrem-2026/,https://www.trailrunningcal.com/es/e/burriac-xtrem,,,,,,,
,60358e11-3320-48a1-b8ad-11ff5951141a,el-privilegio-100-millas,El Privilegio 100 Millas,Marcha,2026-11-20,170,2500,San Martín de Montalbán,Toledo,https://elprivilegio100millas.com/,https://www.trailrunningcal.com/es/e/el-privilegio-100-millas,,,,,,,
,b1cf4006-004c-4ccb-b3b1-14233e4f8695,el-privilegio-100-millas,El Privilegio 100 Millas,Individual,2026-11-20,170,2500,San Martín de Montalbán,Toledo,https://elprivilegio100millas.com/,https://www.trailrunningcal.com/es/e/el-privilegio-100-millas,,,,,,,
,fee3fac6-418b-45e4-b522-4a069fd17f29,anibal-race,Aníbal Race,Marcha,2026-11-21,16,600,Santo Ángel,Murcia,https://www.anibalrace.com/,https://www.trailrunningcal.com/es/e/anibal-race,,,,,,,
,a1fded28-0599-4539-8fd7-b16e322cece0,anibal-race,Aníbal Race,Aníbal Experience,2026-11-21,16,600,Santo Ángel,Murcia,https://www.anibalrace.com/,https://www.trailrunningcal.com/es/e/anibal-race,,,,,,,
,f50cc719-dd8e-4cde-b667-740147a68546,anibal-race,Aníbal Race,Aníbal Epic Trail,2026-11-21,26,1000,Santo Ángel,Murcia,https://www.anibalrace.com/,https://www.trailrunningcal.com/es/e/anibal-race,,,,,,,
,3a848747-34a1-477e-827e-5f5ee932b3f6,anibal-race,Aníbal Race,Aníbal Epic Parejas Mixtas,2026-11-21,26,1000,Santo Ángel,Murcia,https://www.anibalrace.com/,https://www.trailrunningcal.com/es/e/anibal-race,,,,,,,
,e6257fac-1acd-428d-bbf7-d7428dbc572c,cursafosca,Cursafosca,Marcha,2026-11-21,12,396,Torrelles de Foix,Barcelona,https://www.cursafosca.cat/,https://www.trailrunningcal.com/es/e/cursafosca,,,,,,,
,64c89c01-c25b-43d8-a22f-9db3d27d1338,cursafosca,Cursafosca,Cursa,2026-11-21,14,512,Torrelles de Foix,Barcelona,https://www.cursafosca.cat/,https://www.trailrunningcal.com/es/e/cursafosca,,,,,,,
,c167682b-b61f-4e73-9245-32b30e5ca175,cursafosca,Cursafosca,Trail,2026-11-21,21,1050,Torrelles de Foix,Barcelona,https://www.cursafosca.cat/,https://www.trailrunningcal.com/es/e/cursafosca,,,,,,,
,6aad798a-5f15-4f03-9704-f625485f35c3,cxm-tinosa-trail,CxM Tiñosa Trail,Mini Trail,2026-11-21,11,,Priego de Córdoba,Córdoba,https://time2run.es/tinosa-trail-2026/,https://www.trailrunningcal.com/es/e/cxm-tinosa-trail,,,,,,,
,506e3727-e0eb-4803-b1b5-11e1b05fc3a3,cxm-tinosa-trail,CxM Tiñosa Trail,Trail,2026-11-21,24,1400,Priego de Córdoba,Córdoba,https://time2run.es/tinosa-trail-2026/,https://www.trailrunningcal.com/es/e/cxm-tinosa-trail,,,,,,,
,a0c83c21-c45c-4786-a0af-a924ff2efceb,ecomaraton-la-donaira,Ecomaratón La Donaira,Marcha,2026-11-21,12,400,El Gastor,Cádiz,https://www.ladonaira.com/ecomaraton,https://www.trailrunningcal.com/es/e/ecomaraton-la-donaira,,,,,,,
,1c5bf9e3-d3c2-4a1b-a0e7-ed40b745f0be,ecomaraton-la-donaira,Ecomaratón La Donaira,Trail,2026-11-21,15,800,El Gastor,Cádiz,https://www.ladonaira.com/ecomaraton,https://www.trailrunningcal.com/es/e/ecomaraton-la-donaira,,,,,,,
,5aba0a03-973b-4702-b7e2-2b67efcd12df,ecomaraton-la-donaira,Ecomaratón La Donaira,Trail,2026-11-21,25,1200,El Gastor,Cádiz,https://www.ladonaira.com/ecomaraton,https://www.trailrunningcal.com/es/e/ecomaraton-la-donaira,,,,,,,
,97c1eb8d-edb0-4fb4-bda4-650f33ab4c84,el-privilegio-100-millas,El Privilegio 100 Millas,Individual,2026-11-21,30,480,Piedrabuena,Ciudad Real,https://elprivilegio100millas.com/,https://www.trailrunningcal.com/es/e/el-privilegio-100-millas,,,,,,,
,abd8a406-ece3-47e5-b60d-fd286305f924,el-privilegio-100-millas,El Privilegio 100 Millas,Marcha,2026-11-21,30,480,Piedrabuena,Ciudad Real,https://elprivilegio100millas.com/,https://www.trailrunningcal.com/es/e/el-privilegio-100-millas,,,,,,,
,9b38cb4f-ee94-4325-bbd1-1bc546f16ca3,el-privilegio-100-millas,El Privilegio 100 Millas,Individual,2026-11-21,86,1150,Santa Quiteria,Ciudad Real,https://elprivilegio100millas.com/,https://www.trailrunningcal.com/es/e/el-privilegio-100-millas,,,,,,,
,8b6a0ff7-eacc-4b28-861f-3744a1e113de,el-privilegio-100-millas,El Privilegio 100 Millas,Marcha,2026-11-21,86,1150,Santa Quiteria,Ciudad Real,https://elprivilegio100millas.com/,https://www.trailrunningcal.com/es/e/el-privilegio-100-millas,,,,,,,
,9a1918de-bb2e-46ab-ad08-65681c342c5f,pujada-als-plans,Pujada als Plans,Marcha,2026-11-21,9,400,Alcoi,Alicante,https://web.rockthesport.com/es/event/i-pujada-als-plans,https://www.trailrunningcal.com/es/e/pujada-als-plans,,,,,,,
,3c834106-feca-40dd-a878-d79a9d3a149d,pujada-als-plans,Pujada als Plans,Marcha nórdica,2026-11-21,9,400,Alcoi,Alicante,https://web.rockthesport.com/es/event/i-pujada-als-plans,https://www.trailrunningcal.com/es/e/pujada-als-plans,,,,,,,
,6cc04a3b-a775-4b15-ba96-f174a44d180c,pujada-als-plans,Pujada als Plans,Mitja Pujada,2026-11-21,16,700,Alcoi,Alicante,https://web.rockthesport.com/es/event/i-pujada-als-plans,https://www.trailrunningcal.com/es/e/pujada-als-plans,,,,,,,
,fac4f78b-d326-44b0-9e75-fc2811106448,pujada-als-plans,Pujada als Plans,Pujada als Plans,2026-11-21,35,1400,Alcoi,Alicante,https://web.rockthesport.com/es/event/i-pujada-als-plans,https://www.trailrunningcal.com/es/e/pujada-als-plans,,,,,,,
,56373f3d-0c37-4d30-a0c3-7a0d8ad6b5d0,trail-de-llerena,Trail de Llerena,Trail Corto,2026-11-21,6,300,Llerena,Badajoz,https://www.cronofinisher.com/evento/trail-de-llerena/,https://www.trailrunningcal.com/es/e/trail-de-llerena,,,,,,,
,592a8c41-073b-4fda-bc78-d6a5dbc6ee97,trail-de-llerena,Trail de Llerena,Trail de Llerena,2026-11-21,16,600,Llerena,Badajoz,https://www.cronofinisher.com/evento/trail-de-llerena/,https://www.trailrunningcal.com/es/e/trail-de-llerena,,,,,,,
,f8a6057f-7a01-45f3-a459-e09de1badf8c,trail-vilaverd,Trail Vilaverd,Caminada familiar Vilaverd - 6K,2026-11-21,6,200,Vilaverd,Tarragona,https://vilaverdskyrace.naturaldfn.com/,https://www.trailrunningcal.com/es/e/trail-vilaverd,,,,,,,
,de4d1a68-c48f-4c0a-965d-f704bcf18076,trail-vilaverd,Trail Vilaverd,Trail Vilaverd - 14K,2026-11-21,14,1000,Vilaverd,Tarragona,https://vilaverdskyrace.naturaldfn.com/,https://www.trailrunningcal.com/es/e/trail-vilaverd,,,,,,,
,a01ad079-c12e-46a6-8609-8bd50ef08028,trail-vilaverd,Trail Vilaverd,Vilaverd Skyrace - 23K,2026-11-21,23,1500,Vilaverd,Tarragona,https://vilaverdskyrace.naturaldfn.com/,https://www.trailrunningcal.com/es/e/trail-vilaverd,,,,,,,
,fa744a5f-5afb-4a82-afa0-d1df06cd9c26,cursa-solidaria-4-camins,Cursa Solidària 4 Camins,Marcha,2026-11-22,6,100,Granollers,Barcelona,https://cngranollers.org/4camins/,https://www.trailrunningcal.com/es/e/cursa-solidaria-4-camins,,,,,,,
,89f00ca4-a5fb-420f-89ce-daeee21df10a,cursa-solidaria-4-camins,Cursa Solidària 4 Camins,Speed Race,2026-11-22,6,100,Granollers,Barcelona,https://cngranollers.org/4camins/,https://www.trailrunningcal.com/es/e/cursa-solidaria-4-camins,,,,,,,
,d77796c5-5139-42b6-b139-cb4454881887,cursa-solidaria-4-camins,Cursa Solidària 4 Camins,Medium Race,2026-11-22,10,215,Granollers,Barcelona,https://cngranollers.org/4camins/,https://www.trailrunningcal.com/es/e/cursa-solidaria-4-camins,,,,,,,
,00619d2e-8d26-477b-a724-4250e337f8e8,cursa-solidaria-4-camins,Cursa Solidària 4 Camins,Trail Race,2026-11-22,15,361,Granollers,Barcelona,https://cngranollers.org/4camins/,https://www.trailrunningcal.com/es/e/cursa-solidaria-4-camins,,,,,,,
,d50d9f8e-c682-4fc6-a0dc-faf8db626762,cxm-toleta,CxM Toleta,,2026-11-22,18,1000,Puerto Serrano,Cádiz,https://inscripciones.tecnocrono.com/inscripcion/vi-cxm-toleta/inscripcion_datos/?lang=es,https://www.trailrunningcal.com/es/e/cxm-toleta,,,,,,,
,d8605adf-26d3-429d-95ec-c8f2f9920672,cxm-toleta,CxM Toleta,,2026-11-22,29,1650,Puerto Serrano,Cádiz,https://inscripciones.tecnocrono.com/inscripcion/vi-cxm-toleta/inscripcion_datos/?lang=es,https://www.trailrunningcal.com/es/e/cxm-toleta,,,,,,,
,90a50ab7-0d38-4cfd-8417-5f7de28605d4,roc-de-la-clusa-trail,Roc de la Clusa Trail,,2026-11-22,18,1200,Castell de l’Areny,Barcelona,https://misports.cat/curses/roc-de-la-clusa/,https://www.trailrunningcal.com/es/e/roc-de-la-clusa-trail,,,,,,,
,de8df429-fa02-4624-b4dc-20e3f0837aec,trail-de-ll-ria,Trail de Llíria,,2026-11-22,11,535,Llíria,Valencia,https://multiesport.es/calendari-trail/,https://www.trailrunningcal.com/es/e/trail-de-ll-ria,,,,,,,
,a5d33db5-b217-4b31-9126-ea4da748a611,trail-de-ll-ria,Trail de Llíria,,2026-11-22,21,1000,Llíria,Valencia,https://multiesport.es/calendari-trail/,https://www.trailrunningcal.com/es/e/trail-de-ll-ria,,,,,,,
,9d3aab33-b1b5-4d5b-ae27-a843f06ba0ad,3-dias-trail-ibiza,3 Días Trail Ibiza,Nocturna,2026-11-27,10,,Ibiza,Illes Balears,https://3diastrailibiza.com/,https://www.trailrunningcal.com/es/e/3-dias-trail-ibiza,,,,,,,
,3b7b853e-d795-4c97-8635-1bb520041272,3-dias-trail-ibiza,3 Días Trail Ibiza,10K Starter,2026-11-28,10,102,Ibiza,Illes Balears,https://3diastrailibiza.com/,https://www.trailrunningcal.com/es/e/3-dias-trail-ibiza,,,,,,,
,c914adfb-9c40-4863-8f6d-b40174ab0093,3-dias-trail-ibiza,3 Días Trail Ibiza,Marcha,2026-11-28,10,,Ibiza,Illes Balears,https://3diastrailibiza.com/,https://www.trailrunningcal.com/es/e/3-dias-trail-ibiza,,,,,,,
,816fca7e-789c-47d0-8f7b-e6cc41beb6b7,3-dias-trail-ibiza,3 Días Trail Ibiza,Media Maratón,2026-11-28,23,690,Ibiza,Illes Balears,https://3diastrailibiza.com/,https://www.trailrunningcal.com/es/e/3-dias-trail-ibiza,,,,,,,
,426f858f-19fd-435e-9e6c-05dcee08c331,3-dias-trail-ibiza,3 Días Trail Ibiza,Maratón,2026-11-28,45,1558,Ibiza,Illes Balears,https://3diastrailibiza.com/,https://www.trailrunningcal.com/es/e/3-dias-trail-ibiza,,,,,,,
,43f0d3a4-f7a4-477e-8483-4ea68dd0a409,3-dias-trail-ibiza,3 Días Trail Ibiza,Ultra Trail,2026-11-28,77,2789,Ibiza,Illes Balears,https://3diastrailibiza.com/,https://www.trailrunningcal.com/es/e/3-dias-trail-ibiza,,,,,,,
,4e7540f9-2df2-4932-8453-c9a1c1eae104,caras-nortes-skyrace,Caras Nortes Skyrace,Verea De la Estrella,2026-11-28,14,720,Güejar Sierra,Granada,https://carasnortes.com/,https://www.trailrunningcal.com/es/e/caras-nortes-skyrace,,,,,,,
,d42d485c-45ea-41f1-aa90-27d7684d98a6,caras-nortes-skyrace,Caras Nortes Skyrace,Cuna De los Cuartos,2026-11-28,24,1300,Güejar Sierra,Granada,https://carasnortes.com/,https://www.trailrunningcal.com/es/e/caras-nortes-skyrace,,,,,,,
,cbceecc6-637c-4633-8d17-e7adb5ef3479,caras-nortes-skyrace,Caras Nortes Skyrace,Paso Viajeros Románticos Equipos,2026-11-28,42,2300,Güejar Sierra,Granada,https://carasnortes.com/,https://www.trailrunningcal.com/es/e/caras-nortes-skyrace,,,,,,,
,b58ce927-6502-416e-9745-fb59db08eb18,caras-nortes-skyrace,Caras Nortes Skyrace,Paso Viajeros Románticos,2026-11-28,42,2300,Güejar Sierra,Granada,https://carasnortes.com/,https://www.trailrunningcal.com/es/e/caras-nortes-skyrace,,,,,,,
,e0529f32-2082-4d14-9c17-273b03520d65,falcotrail,FalcoTrail,,2026-11-28,11,550,Cehegín,Murcia,https://www.alcanzatumeta.es/falcotrail-2026/,https://www.trailrunningcal.com/es/e/falcotrail,,,,,,,
,28ac1347-4308-4d0a-b1c6-d0dd6797036c,falcotrail,FalcoTrail,,2026-11-28,22,1200,Cehegín,Murcia,https://www.alcanzatumeta.es/falcotrail-2026/,https://www.trailrunningcal.com/es/e/falcotrail,,,,,,,
,89f4043f-96f7-496f-ac18-225b764f0a6e,falcotrail,FalcoTrail,,2026-11-28,31,2000,Cehegín,Murcia,https://www.alcanzatumeta.es/falcotrail-2026/,https://www.trailrunningcal.com/es/e/falcotrail,,,,,,,
,27dd5a7a-ec3d-4bbf-aa75-b22ce8120c4f,falcotrail,FalcoTrail,,2026-11-28,53,3100,Cehegín,Murcia,https://www.alcanzatumeta.es/falcotrail-2026/,https://www.trailrunningcal.com/es/e/falcotrail,,,,,,,
,284eba62-d110-4597-8f4e-9772b8c0181d,tamadaba-trail,Tamadaba Trail,Tamadaba Trail Corta,2026-11-28,12,500,Agaete,Las Palmas,https://tamadabatrail.com/,https://www.trailrunningcal.com/es/e/tamadaba-trail,,,,,,,
,cef9c9b4-f845-4e7e-87b5-2d54653e7926,tamadaba-trail,Tamadaba Trail,Tamadaba Trail Media Maratón,2026-11-28,22,1400,Agaete,Las Palmas,https://tamadabatrail.com/,https://www.trailrunningcal.com/es/e/tamadaba-trail,,,,,,,
,88128f3b-2ef8-4291-b2f9-f416f4fe8aff,tamadaba-trail,Tamadaba Trail,Tamadaba Trail Maratón,2026-11-28,42,2400,Agaete,Las Palmas,https://tamadabatrail.com/,https://www.trailrunningcal.com/es/e/tamadaba-trail,,,,,,,
,6199cff4-4e2e-4351-abb4-3c40691dc305,trail-intercasteller,Trail Intercasteller,Recorregut curt,2026-11-28,12,333,Esparreguera,Barcelona,https://trail-intercasteller.castellersdesparreguera.cat/?tab=inici,https://www.trailrunningcal.com/es/e/trail-intercasteller,,,,,,,
,ab81eb19-08c0-4df3-9180-7f5249a6df17,trail-intercasteller,Trail Intercasteller,Recorregut llarg,2026-11-28,19,619,Esparreguera,Barcelona,https://trail-intercasteller.castellersdesparreguera.cat/?tab=inici,https://www.trailrunningcal.com/es/e/trail-intercasteller,,,,,,,
,87ceaed9-d999-4bec-a86a-704b2855daa7,trail-minero-santa-barbara,Trail Minero Santa Bárbara,Speedtrail,2026-11-28,16,945,San Martín del Rey Aurelio,Asturias,https://trailsantabarbara.com/,https://www.trailrunningcal.com/es/e/trail-minero-santa-barbara,,,,,,,
,cdda8df7-e6c6-4e70-905e-0911282bed4b,trail-minero-santa-barbara,Trail Minero Santa Bárbara,Maratón TMSB,2026-11-28,42,2450,San Martín del Rey Aurelio,Asturias,https://trailsantabarbara.com/,https://www.trailrunningcal.com/es/e/trail-minero-santa-barbara,,,,,,,
,ec0289c9-d7e6-4ba7-98d3-c14d20897a3d,ultra-pened-s,Ultra Penedès,Marcha,2026-11-28,12,300,Sant Jaume dels Domenys,Tarragona,https://ultrapenedes.com/,https://www.trailrunningcal.com/es/e/ultra-pened-s,,,,,,,
,38747d86-5876-4057-9e0d-410860a5b256,ultra-pened-s,Ultra Penedès,La Brava,2026-11-28,20,800,Sant Jaume dels Domenys,Tarragona,https://ultrapenedes.com/,https://www.trailrunningcal.com/es/e/ultra-pened-s,,,,,,,
,818d1dac-f562-4146-ba54-59194e3f25a4,ultra-pened-s,Ultra Penedès,La Pikapedra,2026-11-28,32,1400,Sant Jaume dels Domenys,Tarragona,https://ultrapenedes.com/,https://www.trailrunningcal.com/es/e/ultra-pened-s,,,,,,,
,462d0cfc-5132-4f74-bd76-e978086cd1c8,ultra-pened-s,Ultra Penedès,La Justa,2026-11-28,55,2500,Sant Jaume dels Domenys,Tarragona,https://ultrapenedes.com/,https://www.trailrunningcal.com/es/e/ultra-pened-s,,,,,,,
,17085834-3d16-4fcc-9d0b-55c6d10cb31a,3-dias-trail-ibiza,3 Días Trail Ibiza,Diurna,2026-11-29,10,,Ibiza,Illes Balears,https://3diastrailibiza.com/,https://www.trailrunningcal.com/es/e/3-dias-trail-ibiza,,,,,,,
,c86c9ab9-8e98-4e67-a125-f216dc0e0bba,3-dias-trail-ibiza,3 Días Trail Ibiza,Marcha,2026-11-29,10,,Ibiza,Illes Balears,https://3diastrailibiza.com/,https://www.trailrunningcal.com/es/e/3-dias-trail-ibiza,,,,,,,
,244ac310-d57a-498d-af48-79b10ada4f08,arino-trail-de-vuelta-a-la-mina,Ariño Trail de Vuelta a la Mina,Trail Corta,2026-11-29,14,645,Ariño,Teruel,https://www.avaibooksports.com/inscripcion/3o-arino-trail-de-vuelta-por-la-mina-2026/,https://www.trailrunningcal.com/es/e/arino-trail-de-vuelta-a-la-mina,,,,,,,
,eb35d974-341f-44e0-9155-1887dc08e79a,arino-trail-de-vuelta-a-la-mina,Ariño Trail de Vuelta a la Mina,Trail Larga,2026-11-29,25,1119,Ariño,Teruel,https://www.avaibooksports.com/inscripcion/3o-arino-trail-de-vuelta-por-la-mina-2026/,https://www.trailrunningcal.com/es/e/arino-trail-de-vuelta-a-la-mina,,,,,,,
,41be1953-eef6-4043-9cd2-c9ebaf1d1497,avenc-trail-cunit,Avenc Trail Cunit,Marcha,2026-11-29,5,148,Cunit,Tarragona,https://webtretzesports.wixsite.com/avenctrailcunit,https://www.trailrunningcal.com/es/e/avenc-trail-cunit,,,,,,,
,f0be018a-e17d-46be-bd8b-6a234eea0d39,avenc-trail-cunit,Avenc Trail Cunit,,2026-11-29,13,473,Cunit,Tarragona,https://webtretzesports.wixsite.com/avenctrailcunit,https://www.trailrunningcal.com/es/e/avenc-trail-cunit,,,,,,,
,957eced8-abe6-4e8b-84d0-a19917bf03d8,campionat-maqui-bell-race,Bell Race,Marcha,2026-11-29,5,200,Cabrianes,Barcelona,https://www.campionatmaqui.cat/cursa-bell-race/,https://www.trailrunningcal.com/es/e/campionat-maqui-bell-race,,,,,,,
,97b588f1-396a-44d7-8b6b-28ea9eed9396,campionat-maqui-bell-race,Bell Race,Trail 10k,2026-11-29,10,400,Cabrianes,Barcelona,https://www.campionatmaqui.cat/cursa-bell-race/,https://www.trailrunningcal.com/es/e/campionat-maqui-bell-race,,,,,,,
,9c10f252-e4c8-4c34-947e-41b302519c82,campionat-maqui-bell-race,Bell Race,Trail 15k,2026-11-29,15,600,Cabrianes,Barcelona,https://www.campionatmaqui.cat/cursa-bell-race/,https://www.trailrunningcal.com/es/e/campionat-maqui-bell-race,,,,,,,
,c5a60b71-bd38-46d3-91d6-6be89637a751,campionat-maqui-bell-race,Bell Race,Gran Trail,2026-11-29,21,700,Cabrianes,Barcelona,https://www.campionatmaqui.cat/cursa-bell-race/,https://www.trailrunningcal.com/es/e/campionat-maqui-bell-race,,,,,,,
,00188494-5959-45e1-bdff-8e1e666d493e,desafio-la-codosera,Desafío La Codosera,Marcha,2026-11-29,10,300,La Codosera,Badajoz,https://desafiolacodosera.es/,https://www.trailrunningcal.com/es/e/desafio-la-codosera,,,,,,,
,8fe46af6-a05f-4d2a-a02b-65bb4922af03,desafio-la-codosera,Desafío La Codosera,Mini Desafío,2026-11-29,15,560,La Codosera,Badajoz,https://desafiolacodosera.es/,https://www.trailrunningcal.com/es/e/desafio-la-codosera,,,,,,,
,df79efd9-48ad-4b05-9e00-c7877b012e33,desafio-la-codosera,Desafío La Codosera,Desafío,2026-11-29,32,1300,La Codosera,Badajoz,https://desafiolacodosera.es/,https://www.trailrunningcal.com/es/e/desafio-la-codosera,,,,,,,
,b32e0bed-a5f8-434e-96ff-9da3f2db0fdf,trail-les-ermites-ulldemolins,Trail Les Ermites – Ulldemolins,Start Trail,2026-11-29,5,186,Ulldemolins,Tarragona,https://www.naturetime.es/ca/trailseries-les-ermites-ulldemolins-esp/,https://www.trailrunningcal.com/es/e/trail-les-ermites-ulldemolins,,,,,,,
,6c735860-8b5f-4872-acdf-57d3dcdf7ddf,trail-les-ermites-ulldemolins,Trail Les Ermites – Ulldemolins,Marcha,2026-11-29,14,695,Ulldemolins,Tarragona,https://www.naturetime.es/ca/trailseries-les-ermites-ulldemolins-esp/,https://www.trailrunningcal.com/es/e/trail-les-ermites-ulldemolins,,,,,,,
,190b14e0-6108-4229-9aae-69885b84ea0b,trail-les-ermites-ulldemolins,Trail Les Ermites – Ulldemolins,Trail 14K,2026-11-29,14,695,Ulldemolins,Tarragona,https://www.naturetime.es/ca/trailseries-les-ermites-ulldemolins-esp/,https://www.trailrunningcal.com/es/e/trail-les-ermites-ulldemolins,,,,,,,
,7fd4f812-d372-4fb7-b2b3-fc5613bdeec8,trail-les-ermites-ulldemolins,Trail Les Ermites – Ulldemolins,Trail 21K,2026-11-29,21,1255,Ulldemolins,Tarragona,https://www.naturetime.es/ca/trailseries-les-ermites-ulldemolins-esp/,https://www.trailrunningcal.com/es/e/trail-les-ermites-ulldemolins,,,,,,,
,f534cf06-6c13-4568-b934-510f3c10da74,trail-sendes-de-romaguera,Trail Sendes de Romaguera,Marcha,2026-11-29,12,350,Benigànim,Valencia,https://www.instagram.com/beniganimtrail,https://www.trailrunningcal.com/es/e/trail-sendes-de-romaguera,,,,,,,
,2b59e904-73e3-4e73-8f98-9f47e36416c7,trail-sendes-de-romaguera,Trail Sendes de Romaguera,,2026-11-29,13,500,Benigànim,Valencia,https://www.instagram.com/beniganimtrail,https://www.trailrunningcal.com/es/e/trail-sendes-de-romaguera,,,,,,,
,1075c2c9-e33f-4562-a921-588d56407f2d,trail-sendes-de-romaguera,Trail Sendes de Romaguera,,2026-11-29,20,900,Benigànim,Valencia,https://www.instagram.com/beniganimtrail,https://www.trailrunningcal.com/es/e/trail-sendes-de-romaguera,,,,,,,
,1af224a9-9dec-4be3-b16e-80822971fa4e,tres-tossals,Tres Tossals,Media Maratón,2026-11-29,20,900,Gata de Gorgos,Alicante,https://www.rockthesport.com/es/evento/tres-tossals-gata-gorgos-9e-circuit-trail-marina-2627,https://www.trailrunningcal.com/es/e/tres-tossals,,,,,,,
,180c8d16-d367-453d-b8ad-3ce76143dbd6,k42-canarias-anaga-marathon,K42 Canarias Anaga Marathon,KVertical,2026-12-04,5,525,San Cristóbal de La Laguna,Santa Cruz de Tenerife,https://www.k42canarias.com/nueva/,https://www.trailrunningcal.com/es/e/k42-canarias-anaga-marathon,,,,,,,
,7d366615-9656-444f-be4a-edeb0e5f41ff,backyard-ultra-llagostera,Backyard Ultra Llagostera,Backyard Ultra Llagostera,2026-12-05,7,,Llagostera,Girona,https://backyardultrallagostera.com/,https://www.trailrunningcal.com/es/e/backyard-ultra-llagostera,,,,,,,
,37c0e5a0-318a-43c2-ba43-3cde2902c8c2,imperial-tarraco-trail,Imperial Tarraco Trail,Marcha,2026-12-05,12,213,Tarragona,Tarragona,https://alliberadrenalina.com/imperial-tarraco/,https://www.trailrunningcal.com/es/e/imperial-tarraco-trail,,,,,,,
,3932095e-3f5c-4b39-9cb1-42b86e96d2f5,imperial-tarraco-trail,Imperial Tarraco Trail,Trail TGN,2026-12-05,13,210,Tarragona,Tarragona,https://alliberadrenalina.com/imperial-tarraco/,https://www.trailrunningcal.com/es/e/imperial-tarraco-trail,,,,,,,
,55563ea5-929a-4a60-ae80-322c8d065d6e,imperial-tarraco-trail,Imperial Tarraco Trail,Imperial Trail TGN,2026-12-05,26,560,Tarragona,Tarragona,https://alliberadrenalina.com/imperial-tarraco/,https://www.trailrunningcal.com/es/e/imperial-tarraco-trail,,,,,,,
,72ac5879-f784-4d8f-a1c5-a02d7a40bb27,k42-canarias-anaga-marathon,K42 Canarias Anaga Marathon,K12,2026-12-05,12,695,San Cristóbal de La Laguna,Santa Cruz de Tenerife,https://www.k42canarias.com/nueva/,https://www.trailrunningcal.com/es/e/k42-canarias-anaga-marathon,,,,,,,
,552ee885-971e-4a54-9d34-08c08cb19d3f,k42-canarias-anaga-marathon,K42 Canarias Anaga Marathon,K30,2026-12-05,29,2055,San Cristóbal de La Laguna,Santa Cruz de Tenerife,https://www.k42canarias.com/nueva/,https://www.trailrunningcal.com/es/e/k42-canarias-anaga-marathon,,,,,,,
,21511e90-3326-4cec-8e25-cbbdb3c682da,trail-la-degollada,Trail La Degollada,,2026-12-05,14,850,Candamo,Asturias,https://inscripciones.empa-t.com/inscripcion/iv-trail-la-degollada-de-candamo-2026/reglamento/,https://www.trailrunningcal.com/es/e/trail-la-degollada,,,,,,,
,ee94c606-4b07-49f0-9e65-a0584b605be4,etxebarri-x-treme,Etxebarri X-TREME,Marcha,2026-12-06,9,,Etxebarri,Bizkaia,https://etxebarrixtreme.com/,https://www.trailrunningcal.com/es/e/etxebarri-x-treme,,,,,,,
,b1477d82-ede7-4009-99b7-5096300787d8,etxebarri-x-treme,Etxebarri X-TREME,Trail,2026-12-06,10,418,Etxebarri,Bizkaia,https://etxebarrixtreme.com/,https://www.trailrunningcal.com/es/e/etxebarri-x-treme,,,,,,,
,3b3a6780-47b4-4491-839b-7b43595e1e73,etxebarri-x-treme,Etxebarri X-TREME,Trail,2026-12-06,30,,Etxebarri,Bizkaia,https://etxebarrixtreme.com/,https://www.trailrunningcal.com/es/e/etxebarri-x-treme,,,,,,,
,bcd4fd0e-3e69-4d93-923e-2e200caa8d31,k42-canarias-anaga-marathon,K42 Canarias Anaga Marathon,K21,2026-12-06,20,985,San Cristóbal de La Laguna,Santa Cruz de Tenerife,https://www.k42canarias.com/nueva/,https://www.trailrunningcal.com/es/e/k42-canarias-anaga-marathon,,,,,,,
,c66c32bd-471f-46a1-ac84-9c173e856bb0,k42-canarias-anaga-marathon,K42 Canarias Anaga Marathon,K42,2026-12-06,42,2365,San Cristóbal de La Laguna,Santa Cruz de Tenerife,https://www.k42canarias.com/nueva/,https://www.trailrunningcal.com/es/e/k42-canarias-anaga-marathon,,,,,,,
,4f5781c8-33e7-45d2-96ee-1cedcf7f80e9,k42-canarias-anaga-marathon,K42 Canarias Anaga Marathon,K42 Parejas,2026-12-06,42,2365,San Cristóbal de La Laguna,Santa Cruz de Tenerife,https://www.k42canarias.com/nueva/,https://www.trailrunningcal.com/es/e/k42-canarias-anaga-marathon,,,,,,,
,72fff64c-bc07-44fa-a657-ea759dd07986,la-cizur-gares,La Cizur Gares,,2026-12-06,21,360,Cizur Menor,Navarra,https://lacizurgares.es/,https://www.trailrunningcal.com/es/e/la-cizur-gares,,,,,,,
,03f5bdb8-7c96-43c2-b53e-4dfaf32dca31,montesierra-trail-la-teja,Montesierra Trail La Teja,Trail Corto,2026-12-06,9,142,Jerez de la Frontera,Cádiz,https://www.runnink.com/evento/montesierra-trail-la-teja/100,https://www.trailrunningcal.com/es/e/montesierra-trail-la-teja,,,,,,,
,d978ab4e-7399-40a5-804e-a5b45e8e74f1,montesierra-trail-la-teja,Montesierra Trail La Teja,Trail Largo,2026-12-06,17,153,Jerez de la Frontera,Cádiz,https://www.runnink.com/evento/montesierra-trail-la-teja/100,https://www.trailrunningcal.com/es/e/montesierra-trail-la-teja,,,,,,,
,403d5b4d-92b3-444d-9e29-3010301e8829,vertical-de-la-viorna,Vertical de la Viorna,,2026-12-12,3,775,Potes,Cantabria,https://www.fcdme.es/sites/default/files/noticias/calendario-2026.pdf,https://www.trailrunningcal.com/es/e/vertical-de-la-viorna,,,,,,,
,9d5ff6a2-3688-4fa0-b62a-8e1b02049cec,cursa-tombatossals,Cursa Tombatossals,Minitomba,2026-12-13,11,460,Castellón de la Plana,Castellón,https://www.rockthesport.com/es/evento/cursa-tombatossals-trails-de-castello-2026,https://www.trailrunningcal.com/es/e/cursa-tombatossals,,,,,,,
,1f018cc6-387c-4d98-b4b3-3339dda157bb,cursa-tombatossals,Cursa Tombatossals,Tombatossals,2026-12-13,21,840,Castellón de la Plana,Castellón,https://www.rockthesport.com/es/evento/cursa-tombatossals-trails-de-castello-2026,https://www.trailrunningcal.com/es/e/cursa-tombatossals,,,,,,,
,304bb08c-8004-4416-bf43-b7f84dfc5607,desafio-cimas-de-blanca-trail,Desafío Cimas de Blanca Trail,,2026-12-13,10,219,Blanca,Murcia,https://www.famu.es/wp-content/uploads/2026/03/CALENDARIO-COMPETICIONES-FAMU-2026_logotipos.pdf,https://www.trailrunningcal.com/es/e/desafio-cimas-de-blanca-trail,,,,,,,
,83e6d7b2-33fa-4a9b-959b-13da6d3ae0fb,desafio-cimas-de-blanca-trail,Desafío Cimas de Blanca Trail,,2026-12-13,16,518,Blanca,Murcia,https://www.famu.es/wp-content/uploads/2026/03/CALENDARIO-COMPETICIONES-FAMU-2026_logotipos.pdf,https://www.trailrunningcal.com/es/e/desafio-cimas-de-blanca-trail,,,,,,,
,5e804aa1-d86f-4cda-b9a1-48516ab4fd07,desafio-cimas-de-blanca-trail,Desafío Cimas de Blanca Trail,,2026-12-13,26,762,Blanca,Murcia,https://www.famu.es/wp-content/uploads/2026/03/CALENDARIO-COMPETICIONES-FAMU-2026_logotipos.pdf,https://www.trailrunningcal.com/es/e/desafio-cimas-de-blanca-trail,,,,,,,
,5f8ec557-3b77-4c71-9cad-7e062c660217,subida-al-rac-de-la-morera,Subida al Racó de la Morera,Carrera,2026-12-13,14,250,Elche,Alicante,https://subidaalraco.com/,https://www.trailrunningcal.com/es/e/subida-al-rac-de-la-morera,,,,,,,
,4f925dc0-56f8-4035-ac28-2167095523fd,subida-al-rac-de-la-morera,Subida al Racó de la Morera,Marcha,2026-12-13,14,250,Elche,Alicante,https://subidaalraco.com/,https://www.trailrunningcal.com/es/e/subida-al-rac-de-la-morera,,,,,,,
,5e72d489-026e-4866-b2da-ebe6319a85ee,trail-dos-aguas,Trail Dos Aguas,,2026-12-13,11,650,Dos Aguas,Valencia,https://dorsal1.com/producto/iii-trail-dos-aguas-subida-al-pico-del-ave/,https://www.trailrunningcal.com/es/e/trail-dos-aguas,,,,,,,
,2d97cb1b-c77f-4e01-93c7-f03750a7b838,trail-dos-aguas,Trail Dos Aguas,,2026-12-13,21,1250,Dos Aguas,Valencia,https://dorsal1.com/producto/iii-trail-dos-aguas-subida-al-pico-del-ave/,https://www.trailrunningcal.com/es/e/trail-dos-aguas,,,,,,,
,6e3bc8ea-92fe-4b05-aa2a-ec626aba9f30,trail-serra-d-olt,Trail Serra d'Oltà,Marcha,2026-12-13,14,630,Calp,Alicante,https://inscripciones.mychip.es/es/evento/sprint-trail-la-mola-calp-9e-circuit-trail-marina-2627,https://www.trailrunningcal.com/es/e/trail-serra-d-olt,,,,,,,
,6fbb38a9-7524-4faa-bce2-329a122e7a47,trail-serra-d-olt,Trail Serra d'Oltà,Sprint Trail La Mola,2026-12-13,14,630,Calp,Alicante,https://inscripciones.mychip.es/es/evento/sprint-trail-la-mola-calp-9e-circuit-trail-marina-2627,https://www.trailrunningcal.com/es/e/trail-serra-d-olt,,,,,,,
,5876450f-b665-4cff-bd81-3f2994c71043,trail-serra-d-olt,Trail Serra d'Oltà,Mitja Marató Oltà,2026-12-13,21,1100,Calp,Alicante,https://inscripciones.mychip.es/es/evento/sprint-trail-la-mola-calp-9e-circuit-trail-marina-2627,https://www.trailrunningcal.com/es/e/trail-serra-d-olt,,,,,,,
,0b2dae40-690b-4fb6-8ff6-d7766e098e38,trail-trincheras-xyz,Trail Trincheras XYZ,Trinchera Vertical,2026-12-19,4,385,Jérica,Castellón,https://www.trailtrincherasxyz.es/,https://www.trailrunningcal.com/es/e/trail-trincheras-xyz,,,,,,,
,671be525-75f2-4d65-bb92-3787c0725d17,trail-trincheras-xyz,Trail Trincheras XYZ,Combinada,2026-12-19,23,1185,Jérica,Castellón,https://www.trailtrincherasxyz.es/,https://www.trailrunningcal.com/es/e/trail-trincheras-xyz,,,,,,,
,c8268863-b5ee-4423-a610-dfc6fe820cf2,cursa-de-nadal-colldejou,Cursa de Nadal,,2026-12-20,5,232,Colldejou,Tarragona,https://www.naturetime.es/ca/cursa-de-nadal,https://www.trailrunningcal.com/es/e/cursa-de-nadal-colldejou,,,,,,,
,8c95274a-2f40-4de7-a774-45c716690737,cursa-de-nadal-colldejou,Cursa de Nadal,,2026-12-20,12,855,Colldejou,Tarragona,https://www.naturetime.es/ca/cursa-de-nadal,https://www.trailrunningcal.com/es/e/cursa-de-nadal-colldejou,,,,,,,
,fede653c-f13f-41e2-8c21-6b180baccc44,cursa-de-nadal-colldejou,Cursa de Nadal,Marcha,2026-12-20,12,855,Colldejou,Tarragona,https://www.naturetime.es/ca/cursa-de-nadal,https://www.trailrunningcal.com/es/e/cursa-de-nadal-colldejou,,,,,,,
,ca6d94b8-01e4-487d-8cda-3f4d212f15e6,cursa-de-nadal-colldejou,Cursa de Nadal,,2026-12-20,22,1385,Colldejou,Tarragona,https://www.naturetime.es/ca/cursa-de-nadal,https://www.trailrunningcal.com/es/e/cursa-de-nadal-colldejou,,,,,,,
,b9de3162-c498-47dc-8e88-a58e6847eb34,trail-trincheras-xyz,Trail Trincheras XYZ,Recorrido X,2026-12-20,12,600,Jérica,Castellón,https://www.trailtrincherasxyz.es/,https://www.trailrunningcal.com/es/e/trail-trincheras-xyz,,,,,,,
,cd6fd6b2-c901-485d-acf2-3519e8250a65,trail-trincheras-xyz,Trail Trincheras XYZ,Recorrido W,2026-12-20,18,450,Jérica,Castellón,https://www.trailtrincherasxyz.es/,https://www.trailrunningcal.com/es/e/trail-trincheras-xyz,,,,,,,
,6de47f60-5461-44a9-b73b-8cac9ffd92c8,trail-trincheras-xyz,Trail Trincheras XYZ,Recorrido Y,2026-12-20,19,800,Jérica,Castellón,https://www.trailtrincherasxyz.es/,https://www.trailrunningcal.com/es/e/trail-trincheras-xyz,,,,,,,
,54fd7bb0-cfbb-4cd3-a340-910acddd14fc,trail-trincheras-xyz,Trail Trincheras XYZ,Recorrido Z,2026-12-20,28,1200,Jérica,Castellón,https://www.trailtrincherasxyz.es/,https://www.trailrunningcal.com/es/e/trail-trincheras-xyz,,,,,,,
,b2a822ae-6624-4c93-ae04-0699cbfff04c,sansilbestrail,Sansilbestrail,,2026-12-26,20,1000,Zubiri,Navarra,https://www.nafarroaxtrem.com/es/sansilbestrail/,https://www.trailrunningcal.com/es/e/sansilbestrail,,,,,,,
,0312af06-ae2d-435b-8286-c1f44e827617,trail-de-lousame,Trail de Lousame,Curto,2026-12-27,14,540,Lousame,A Coruña,https://ftp.atletismo.gal/comunicacion/novas/2026/07/30/o-sector-do-trail-running-galego-programa-o-segundo-semestre-do-ano/,https://www.trailrunningcal.com/es/e/trail-de-lousame,,,,,,,
,ece31f70-60e7-4189-879d-519285de55e4,trail-de-lousame,Trail de Lousame,Longo,2026-12-27,25,1150,Lousame,A Coruña,https://ftp.atletismo.gal/comunicacion/novas/2026/07/30/o-sector-do-trail-running-galego-programa-o-segundo-semestre-do-ano/,https://www.trailrunningcal.com/es/e/trail-de-lousame,,,,,,,
,df8ae9c7-693d-427c-8257-9febafe8672e,trail-de-lousame,Trail de Lousame,Maratón,2026-12-27,42,2000,Lousame,A Coruña,https://ftp.atletismo.gal/comunicacion/novas/2026/07/30/o-sector-do-trail-running-galego-programa-o-segundo-semestre-do-ano/,https://www.trailrunningcal.com/es/e/trail-de-lousame,,,,,,,
,a65f9746-44c4-4246-ba7a-ad8ce34afc4d,san-silvestre-corraliega-subida-a-la-garita,San Silvestre Corraliega - Subida a la Garita,Trail,2026-12-31,5,691,Los Corrales de Buelna,Cantabria,https://sportplan.es/en/regions/santander,https://www.trailrunningcal.com/es/e/san-silvestre-corraliega-subida-a-la-garita,,,,,,,
,c987b986-c634-44bc-b2e7-be8cf8d42892,pilancones-tunte-trail,Pilancones Tunte Trail,,2027-01-16,9,424,Tunte,Las Palmas,https://pilanconestuntetrail.es/,https://www.trailrunningcal.com/es/e/pilancones-tunte-trail,,,,,,,
,04ae0d3e-e858-4650-a0f3-6aeaf3955f6f,pilancones-tunte-trail,Pilancones Tunte Trail,,2027-01-16,25,1603,Tunte,Las Palmas,https://pilanconestuntetrail.es/,https://www.trailrunningcal.com/es/e/pilancones-tunte-trail,,,,,,,
,5f1827a7-0ca9-464d-826b-9932dfc0dd50,pilancones-tunte-trail,Pilancones Tunte Trail,Desafío Pilancones,2027-01-16,34,1949,Tunte,Las Palmas,https://pilanconestuntetrail.es/,https://www.trailrunningcal.com/es/e/pilancones-tunte-trail,,,,,,,
,0fdc363d-25ff-4adc-8c8d-24bf1f891982,carrera-de-montana-guia-de-isora,Carrera de Montaña Guía de Isora,Parejas,2027-01-24,10,508,Guía de Isora,Santa Cruz de Tenerife,https://www.rockthesport.com/es/evento/carrera-de-montana-guia-de-isora-2027,https://www.trailrunningcal.com/es/e/carrera-de-montana-guia-de-isora,,,,,,,
,df6b92b9-a0dd-47ba-8e26-28efcf896f24,carrera-de-montana-guia-de-isora,Carrera de Montaña Guía de Isora,Individual,2027-01-24,10,508,Guía de Isora,Santa Cruz de Tenerife,https://www.rockthesport.com/es/evento/carrera-de-montana-guia-de-isora-2027,https://www.trailrunningcal.com/es/e/carrera-de-montana-guia-de-isora,,,,,,,
,7fd67c59-22d2-403d-96c5-64c06d7b02aa,carrera-de-montana-guia-de-isora,Carrera de Montaña Guía de Isora,Individual,2027-01-24,20,1205,Guía de Isora,Santa Cruz de Tenerife,https://www.rockthesport.com/es/evento/carrera-de-montana-guia-de-isora-2027,https://www.trailrunningcal.com/es/e/carrera-de-montana-guia-de-isora,,,,,,,
,bad30a02-34a0-4b9c-ace5-a7540bf10bda,carrera-de-montana-guia-de-isora,Carrera de Montaña Guía de Isora,Parejas,2027-01-24,20,1205,Guía de Isora,Santa Cruz de Tenerife,https://www.rockthesport.com/es/evento/carrera-de-montana-guia-de-isora-2027,https://www.trailrunningcal.com/es/e/carrera-de-montana-guia-de-isora,,,,,,,
,cbffe64b-25e4-4592-ac16-f32257945e60,carrera-de-montana-guia-de-isora,Carrera de Montaña Guía de Isora,Parejas,2027-01-24,32,2029,Guía de Isora,Santa Cruz de Tenerife,https://www.rockthesport.com/es/evento/carrera-de-montana-guia-de-isora-2027,https://www.trailrunningcal.com/es/e/carrera-de-montana-guia-de-isora,,,,,,,
,00a7d138-6089-4bb3-a188-7ccf1e2727cf,carrera-de-montana-guia-de-isora,Carrera de Montaña Guía de Isora,Individual,2027-01-24,32,2029,Guía de Isora,Santa Cruz de Tenerife,https://www.rockthesport.com/es/evento/carrera-de-montana-guia-de-isora-2027,https://www.trailrunningcal.com/es/e/carrera-de-montana-guia-de-isora,,,,,,,
,c6cdd2a4-2977-47eb-8270-136028f60584,marbella-epic-trail,Marbella Epic Trail,Tragapiedras,2027-02-20,35,2414,Marbella,Málaga,https://www.marbellaepictrail.com/,https://www.trailrunningcal.com/es/e/marbella-epic-trail,,,,,,,
,a0ba2c44-5ebc-4e6e-870f-289d7bb11669,marbella-epic-trail,Marbella Epic Trail,Destroyer,2027-02-20,41,2769,Marbella,Málaga,https://www.marbellaepictrail.com/,https://www.trailrunningcal.com/es/e/marbella-epic-trail,,,,,,,
,5d611035-f78a-4998-bd90-c0ff02936801,marbella-epic-trail,Marbella Epic Trail,Epic Trail,2027-02-20,65,4949,Marbella,Málaga,https://www.marbellaepictrail.com/,https://www.trailrunningcal.com/es/e/marbella-epic-trail,,,,,,,
,afc362a5-1032-4fbd-bef8-83b61ac028e6,100-millas-sierras-del-bandolero,100 Millas Sierras del Bandolero,,2027-03-05,160,6511,Prado del Rey,Cádiz,https://www.clubtriton.es/100-millas/,https://www.trailrunningcal.com/es/e/100-millas-sierras-del-bandolero,,,,,,,
,f8a85c45-b82f-48e9-add2-dd2a7bd37af5,100-millas-sierras-del-bandolero,100 Millas Sierras del Bandolero,Relevos,2027-03-05,160,6511,Prado del Rey,Cádiz,https://www.clubtriton.es/100-millas/,https://www.trailrunningcal.com/es/e/100-millas-sierras-del-bandolero,,,,,,,
,c6ae861b-e3c5-48a6-8869-a234afb622b9,100-millas-sierras-del-bandolero,100 Millas Sierras del Bandolero,Maratón Bandolera,2027-03-06,40,1225,Villaluenga del Rosario,Cádiz,https://www.clubtriton.es/100-millas/,https://www.trailrunningcal.com/es/e/100-millas-sierras-del-bandolero,,,,,,,
,9ebd7466-8103-450b-9e5b-49ac76c30b4f,100-millas-sierras-del-bandolero,100 Millas Sierras del Bandolero,Bandolerita,2027-03-06,81,3586,Prado del Rey,Cádiz,https://www.clubtriton.es/100-millas/,https://www.trailrunningcal.com/es/e/100-millas-sierras-del-bandolero,,,,,,,
,abb6e5b5-5e56-43db-9a7b-922debb5f56b,antena-solidaria,Antena Solidària,Marcha,2027-03-13,7,320,Barcelona,Barcelona,https://www.antenasolidaria.cat,https://www.trailrunningcal.com/es/e/antena-solidaria,,,,,,,
,dfaab84f-0508-4dcb-9f2e-1ee9e68bef9a,antena-solidaria,Antena Solidària,Trail 10K,2027-03-13,10,450,Barcelona,Barcelona,https://www.antenasolidaria.cat,https://www.trailrunningcal.com/es/e/antena-solidaria,,,,,,,
,2fb9d01a-5836-42d4-879f-c0245f429d36,antena-solidaria,Antena Solidària,Mitja 23K,2027-03-13,23,1096,Barcelona,Barcelona,https://www.antenasolidaria.cat,https://www.trailrunningcal.com/es/e/antena-solidaria,,,,,,,
,516d3311-3888-4398-9071-d8f2140e104e,unicaja-ultra-sierra-nevada,Unicaja Ultra Sierra Nevada,ULTRA,2027-04-02,100,5500,Granada,Granada,https://ultrasierranevada.com/,https://www.trailrunningcal.com/es/e/unicaja-ultra-sierra-nevada,,,,,,,
,5daf4a8e-2cac-4e7c-a861-0370dae1507c,unicaja-ultra-sierra-nevada,Unicaja Ultra Sierra Nevada,MARATÓN,2027-04-03,40,2400,Quéntar,Granada,https://ultrasierranevada.com/,https://www.trailrunningcal.com/es/e/unicaja-ultra-sierra-nevada,,,,,,,
,ac848e23-d3e8-4089-a13c-124a529eb1b4,unicaja-ultra-sierra-nevada,Unicaja Ultra Sierra Nevada,TRAIL,2027-04-03,60,3800,Cenes de la Vega,Granada,https://ultrasierranevada.com/,https://www.trailrunningcal.com/es/e/unicaja-ultra-sierra-nevada,,,,,,,
,a639f873-5120-4e12-be8e-a08447af57be,unicaja-ultra-sierra-nevada,Unicaja Ultra Sierra Nevada,R3L3VOS,2027-04-03,74,,Cenes de la Vega,Granada,https://ultrasierranevada.com/,https://www.trailrunningcal.com/es/e/unicaja-ultra-sierra-nevada,,,,,,,
,40b0882a-361d-426b-9af9-755ee2a7ac75,unicaja-ultra-sierra-nevada,Unicaja Ultra Sierra Nevada,MEDIA,2027-04-04,25,,Pinos Genil,Granada,https://ultrasierranevada.com/,https://www.trailrunningcal.com/es/e/unicaja-ultra-sierra-nevada,,,,,,,
,2462a184-b4d9-4fa1-9879-98966158ec2a,the-way-of-legends,The Way of Legends,The Way of Legends,2027-10-17,191,4680,Burgos,Burgos,https://burgosultrastagerace.com/,https://www.trailrunningcal.com/es/e/the-way-of-legends,,,,,,,
