{"type":"FeatureCollection","features":[{"type":"Feature","properties":{"level":"community"},"geometry":{"type":"MultiLineString","coordinates":[[[-4.89358,43.23848],[-4.8392,43.18976],[-4.85178,43.17307],[-4.83457,43.15746],[-4.85143,43.12595],[-4.8169,43.09266],[-4.7665,43.07455],[-4.76611,43.05563],[-4.74399,43.05645],[-4.73927,43.02228],[-4.63813,43.01667],[-4.60608,43.03577],[-4.55845,43.01952],[-4.52093,43.04737],[-4.47571,43.0387],[-4.46275,43.06054],[-4.44755,43.05854],[-4.39811,43.03487],[-4.34848,42.97258],[-4.24025,42.95653],[-4.2367,42.91711],[-4.22257,42.91098],[-4.22468,42.85677],[-4.19969,42.84457],[-4.1812,42.85869],[-4.14426,42.86862],[-4.12848,42.84627],[-4.14045,42.829],[-4.17857,42.82625],[-4.18543,42.8173],[-4.1827,42.81035],[-4.14991,42.78931],[-4.09849,42.79118],[-4.07173,42.76054],[-4.04591,42.76661],[-4.05022,42.7798],[-4.01418,42.80638],[-4.00744,42.83111],[-3.99965,42.76898],[-3.97888,42.75808],[-3.91095,42.76839],[-3.89445,42.80454],[-3.86337,42.78646],[-3.82221,42.79964],[-3.82674,42.87086],[-3.86374,42.88981],[-3.88019,42.85139],[-3.91483,42.86008],[-3.89747,42.88029],[-3.92435,42.88922],[-3.89293,42.88736],[-3.91058,42.91093],[-3.90782,42.91452],[-3.8686,42.89908],[-3.83355,42.91799],[-3.83954,42.93978],[-3.88738,42.94877],[-3.89128,42.92549],[-3.93354,42.8996],[-3.92999,42.91485],[-3.97462,42.91235],[-3.98717,42.94054],[-3.94546,43.00577],[-3.90926,43.0161],[-3.89075,43.04183],[-3.85079,43.03925],[-3.83177,43.06383],[-3.84696,43.0844],[-3.76457,43.08103],[-3.75488,43.10055],[-3.70468,43.11628],[-3.65175,43.18079],[-3.61245,43.16952],[-3.60354,43.14964],[-3.44476,43.13153],[-3.38887,43.14],[-3.25342,43.19858],[-3.22409,43.17013],[-3.14829,43.174],[-3.14136,43.16154],[-3.18179,43.12088],[-3.13394,43.09723],[-3.15819,43.07402],[-3.14031,43.06715],[-3.14186,43.02981],[-3.1778,43.02198],[-3.06026,43.00351],[-3.04147,42.96992],[-2.98126,42.93912],[-3.01891,42.90851],[-3.0921,42.89878],[-3.14927,42.91706],[-3.14473,42.93468],[-3.22473,42.94969],[-3.24854,42.91215],[-3.27724,42.90158],[-3.28261,42.87551],[-3.20553,42.8274],[-3.22218,42.83864],[-3.19069,42.86946],[-3.16282,42.85674],[-3.11494,42.88925],[-3.11315,42.86106],[-3.15923,42.80459],[-3.12325,42.78933],[-3.14791,42.7567],[-3.04965,42.76561],[-3.04201,42.73952],[-3.01695,42.74108],[-2.98063,42.70382],[-2.93136,42.7084],[-2.9025,42.6936],[-2.89606,42.65503],[-2.85809,42.63821],[-2.91601,42.61952],[-2.94645,42.63932],[-3.08415,42.64069],[-3.05983,42.58919],[-3.13427,42.54205],[-3.07257,42.52892],[-3.09469,42.48807],[-3.046,42.44515],[-3.0633,42.42491],[-3.05688,42.37027],[-3.08265,42.39738],[-3.07818,42.41575],[-3.10135,42.41678],[-3.10527,42.38637],[-3.08481,42.38539],[-3.06346,42.3567],[-3.10967,42.35145],[-3.08859,42.24573],[-3.12937,42.19849],[-3.03437,42.08596],[-2.93533,42.08941],[-2.91362,42.02285],[-2.88383,42.00949],[-2.79799,42.04684],[-2.80334,42.08048],[-2.77485,42.12354],[-2.73467,42.12495],[-2.70595,42.10356],[-2.75738,42.0331],[-2.74696,42.00928],[-2.57991,41.99626],[-2.54907,42.05151],[-2.51488,42.06886],[-2.51468,42.11454],[-2.48437,42.10635],[-2.43846,42.13727],[-2.3182,42.14518],[-2.28216,42.1317],[-2.26959,42.08856],[-2.20888,42.10466],[-2.12732,42.09717],[-2.12724,42.08046],[-2.16191,42.06673],[-2.10763,42.00277],[-2.12407,41.99531],[-2.10996,41.95787],[-2.03639,41.9394],[-2.02831,41.95339],[-1.9703,41.91914],[-1.85592,41.9663],[-1.85728,41.90952],[-1.8176,41.85338],[-1.81905,41.82875],[-1.85292,41.78956],[-1.80585,41.75508],[-1.80921,41.73666],[-1.77537,41.72479],[-1.78686,41.69943],[-1.81207,41.68645],[-1.80622,41.66426],[-1.85899,41.66153],[-1.9231,41.59834],[-1.99324,41.60051],[-1.99369,41.57709],[-1.96733,41.54607],[-1.98111,41.48644],[-1.95328,41.46245],[-1.95369,41.42426],[-1.93729,41.40785],[-2.02927,41.38416],[-2.04357,41.39715],[-2.03562,41.42689],[-2.10152,41.44579],[-2.11677,41.42495],[-2.11603,41.38205],[-2.16314,41.35535],[-2.17367,41.28809],[-2.14624,41.1844],[-2.0799,41.17098],[-2.05169,41.14685],[-2.06562,41.09579],[-2.04818,41.07838],[-2.07169,41.07249],[-2.13185,41.1181],[-2.1753,41.08375],[-2.23215,41.09701],[-2.26354,41.06754],[-2.32341,41.05651],[-2.35533,41.08645],[-2.41891,41.05771],[-2.46947,41.07811],[-2.48226,41.11627],[-2.50885,41.11886],[-2.53651,41.16253],[-2.57558,41.13947],[-2.59531,41.15025],[-2.57749,41.17866],[-2.62207,41.18799],[-2.59374,41.2002],[-2.58949,41.22454],[-2.6292,41.21522],[-2.64601,41.24021],[-2.70955,41.25198],[-2.71677,41.27567],[-2.76095,41.27402],[-2.77551,41.25008],[-2.82224,41.25661],[-2.86689,41.27447],[-2.86685,41.31307],[-2.88842,41.32524],[-2.94119,41.31394],[-2.95013,41.29264],[-3.0619,41.27343],[-3.19975,41.30443],[-3.23124,41.29487],[-3.25426,41.25838],[-3.27426,41.26026],[-3.27576,41.27503],[-3.29017,41.25793],[-3.33635,41.25303],[-3.40978,41.26062],[-3.41515,41.2732],[-3.41152,41.26071],[-3.3995,41.25454],[-3.40249,41.21362],[-3.44415,41.21534],[-3.46691,41.18326],[-3.51622,41.1623],[-3.6137,41.14905],[-3.67606,41.0867],[-3.74045,41.05364],[-3.78137,41.00031],[-3.9072,40.9553],[-3.95228,40.89363],[-3.9471,40.86297],[-3.97968,40.78455],[-4.0767,40.78888],[-4.09699,40.74774],[-4.17157,40.68063],[-4.17285,40.63036],[-4.16118,40.62347],[-4.24544,40.60245],[-4.26214,40.60518],[-4.2711,40.62902],[-4.29071,40.62782],[-4.27857,40.60317],[-4.28926,40.56419],[-4.32822,40.53376],[-4.31568,40.46477],[-4.34125,40.42868],[-4.32109,40.41031],[-4.42173,40.40623],[-4.44373,40.3857],[-4.43864,40.35275],[-4.4606,40.34138],[-4.45576,40.31935],[-4.5029,40.31489],[-4.52679,40.34487],[-4.54622,40.34183],[-4.52938,40.29313],[-4.56948,40.2573],[-4.56568,40.21819],[-4.65423,40.19807],[-4.68726,40.212],[-4.69814,40.28219],[-4.76159,40.2609],[-4.80425,40.27509],[-4.81824,40.25477],[-4.80767,40.23532],[-4.92467,40.16998],[-4.92545,40.13604],[-5.00579,40.10975],[-5.01854,40.15905],[-5.06698,40.15092],[-5.08777,40.12432],[-5.17162,40.08482],[-5.20352,40.08343],[-5.21531,40.10785],[-5.31884,40.1075],[-5.36791,40.16304],[-5.36967,40.21831],[-5.34374,40.26443],[-5.4291,40.25261],[-5.47091,40.20785],[-5.54114,40.19587],[-5.61452,40.2183],[-5.622,40.24588],[-5.6492,40.24972],[-5.69266,40.29211],[-5.79314,40.28671],[-5.80273,40.29763],[-5.78199,40.31246],[-5.7991,40.35371],[-5.88505,40.32613],[-5.91717,40.2777],[-5.96848,40.28956],[-6.01643,40.31652],[-6.01602,40.34029],[-6.10572,40.3568],[-6.08238,40.36321],[-6.07216,40.387],[-6.08517,40.39049],[-6.06496,40.39661],[-6.12948,40.42079],[-6.11613,40.44159],[-6.14702,40.43612],[-6.15705,40.45661],[-6.23048,40.4866],[-6.27533,40.45852],[-6.34464,40.44278],[-6.3714,40.40187],[-6.41883,40.39929],[-6.43831,40.37277],[-6.53628,40.34724],[-6.56041,40.32905],[-6.55617,40.29078],[-6.58702,40.27072],[-6.67175,40.26323],[-6.69014,40.24266],[-6.71822,40.26924],[-6.7556,40.23892],[-6.8468,40.25443],[-6.86509,40.27063],[-6.86294,40.29744],[-6.79418,40.32879],[-6.781,40.36467],[-6.8348,40.40815],[-6.84969,40.45258],[-6.79503,40.51192],[-6.80083,40.55063],[-6.84482,40.56588],[-6.79389,40.66168],[-6.8312,40.75264],[-6.81697,40.80117],[-6.82612,40.84324],[-6.8003,40.84827],[-6.80875,40.88204],[-6.84848,40.90083],[-6.86017,40.9489],[-6.92157,41.00333],[-6.93009,41.03007],[-6.80836,41.03648],[-6.75399,41.10278],[-6.76742,41.13521],[-6.70132,41.18039],[-6.69195,41.20832],[-6.64777,41.24757],[-6.59911,41.24424],[-6.59139,41.25546],[-6.57339,41.23875],[-6.52182,41.276],[-6.49704,41.26561],[-6.47869,41.27496],[-6.48411,41.293],[-6.43757,41.30571],[-6.41676,41.34751],[-6.37957,41.35723],[-6.38993,41.38537],[-6.3183,41.38612],[-6.33281,41.4115],[-6.29808,41.43118],[-6.30582,41.44953],[-6.28511,41.47839],[-6.26238,41.48647],[-6.25591,41.51389],[-6.18935,41.57502],[-6.30217,41.66274],[-6.44449,41.68483],[-6.49851,41.65713],[-6.54824,41.68562],[-6.54906,41.7254],[-6.56899,41.7435],[-6.51577,41.87073],[-6.57118,41.88362],[-6.54585,41.93593],[-6.5738,41.96067],[-6.58847,41.96775],[-6.62121,41.93995],[-6.69927,41.93333],[-6.75062,41.94339],[-6.7687,41.9839],[-6.78561,41.9889],[-6.81148,41.99252],[-6.82115,41.94631],[-6.84442,41.9423],[-6.94169,41.94429],[-6.95786,41.96929],[-6.98454,41.97363],[-6.99111,41.98834],[-6.9611,42.02791],[-6.97479,42.05516],[-7.01183,42.05242],[-7.03358,42.07424],[-7.00269,42.08417],[-6.98982,42.12131],[-6.94455,42.14168],[-6.94279,42.17334],[-6.90108,42.18962],[-6.87824,42.21952],[-6.8436,42.2283],[-6.78714,42.21572],[-6.80317,42.23867],[-6.767,42.25746],[-6.74115,42.29866],[-6.73395,42.35911],[-6.84231,42.40362],[-6.81427,42.42735],[-6.82277,42.45291],[-6.80839,42.46906],[-6.82669,42.49296],[-6.86006,42.48876],[-6.9322,42.52054],[-6.96009,42.51776],[-6.97854,42.49325],[-7.07705,42.50819],[-7.05985,42.52932],[-7.06967,42.55395],[-7.03356,42.58409],[-7.05017,42.59731],[-7.047,42.6327],[-7.00436,42.64287],[-7.04519,42.69477],[-7.01089,42.72366],[-6.97288,42.72501],[-6.95948,42.75503],[-6.9356,42.74086],[-6.86743,42.78717],[-6.84032,42.82337],[-6.87128,42.87384],[-6.83374,42.88206],[-6.83541,42.87363],[-6.81489,42.87082],[-6.84799,42.91433],[-6.77693,42.90143],[-6.77151,42.88255],[-6.72319,42.91738],[-6.6899,42.92246],[-6.48977,42.92025],[-6.4331,42.93976],[-6.43364,42.96416],[-6.47301,42.96775],[-6.47814,42.99121],[-6.42408,42.98788],[-6.40758,42.99949],[-6.41111,43.01693],[-6.39435,43.01661],[-6.39705,43.03832],[-6.35909,43.05958],[-6.32649,43.03133],[-6.28519,43.03637],[-6.22681,43.00891],[-6.21556,43.0472],[-6.1784,43.0478],[-6.13667,43.02099],[-6.09596,43.03128],[-6.08188,43.07572],[-6.02021,43.05488],[-5.97503,43.06542],[-5.95674,43.01859],[-5.91462,42.9927],[-5.80401,42.96262],[-5.76386,42.97013],[-5.72838,43.04251],[-5.69335,43.05648],[-5.57014,43.02273],[-5.49375,43.02135],[-5.47852,43.05491],[-5.39045,43.04934],[-5.36914,43.09458],[-5.28212,43.07743],[-5.2166,43.08449],[-5.1478,43.11512],[-5.10173,43.10185],[-5.07586,43.18153],[-4.99686,43.1731],[-4.96392,43.21244],[-4.89358,43.23848]],[[-4.32222,40.65112],[-4.25604,40.65146],[-4.25388,40.66189],[-4.28997,40.68056],[-4.32222,40.65112]],[[-2.82771,42.78797],[-2.73155,42.79451],[-2.64371,42.76472],[-2.60235,42.77063],[-2.58937,42.75032],[-2.5583,42.76273],[-2.57263,42.72517],[-2.60898,42.69596],[-2.57777,42.66821],[-2.52202,42.68403],[-2.5174,42.64633],[-2.63485,42.6478],[-2.65917,42.67246],[-2.7679,42.66601],[-2.7845,42.69894],[-2.86846,42.73992],[-2.83547,42.79627],[-2.82771,42.78797]],[[-4.09801,42.82367],[-4.08771,42.8056],[-4.10104,42.79397],[-4.11308,42.81669],[-4.09801,42.82367]],[[-2.93489,42.59441],[-2.94521,42.60389],[-2.9345,42.61408],[-2.92263,42.60083],[-2.93489,42.59441]],[[-4.16859,42.81154],[-4.17456,42.81162],[-4.18234,42.82035],[-4.16308,42.82095],[-4.16859,42.81154]],[[-2.99194,42.60456],[-2.99452,42.61549],[-2.98522,42.61422],[-2.98286,42.6108],[-2.99194,42.60456]],[[0.71604,42.85832],[0.85552,42.82684],[0.92641,42.78931],[0.96016,42.8059],[0.9839,42.7867],[1.07889,42.78834],[1.16614,42.70892],[1.2291,42.72776],[1.25272,42.71447],[1.35733,42.71972],[1.35108,42.70272],[1.38924,42.68703],[1.38744,42.66869],[1.41366,42.6556],[1.44302,42.60276],[1.42648,42.5828],[1.44495,42.56801],[1.41364,42.53535],[1.45055,42.53989],[1.46837,42.51002],[1.41914,42.48395],[1.44119,42.47536],[1.45518,42.43605],[1.552,42.43259],[1.56107,42.45865],[1.5792,42.44972],[1.59737,42.46632],[1.65702,42.46822],[1.66998,42.50419],[1.70361,42.4898],[1.72562,42.50437],[1.7307,42.49251],[1.8345,42.48292],[1.89195,42.44772],[1.93668,42.45441],[1.96543,42.38093],[2.01519,42.34738],[2.08459,42.36174],[2.14825,42.42043],[2.20667,42.41738],[2.25693,42.43874],[2.43272,42.39375],[2.4334,42.37762],[2.48091,42.34096],[2.53281,42.33293],[2.57101,42.35806],[2.67165,42.34075],[2.65138,42.3863],[2.67093,42.38717],[2.67367,42.40452],[2.75316,42.42624],[2.77717,42.41183],[2.83962,42.45926],[2.91842,42.4562],[2.94709,42.48212],[2.96742,42.46542],[3.04032,42.47352],[3.08519,42.42585],[3.17459,42.43537],[3.15271,42.39364],[3.1536,42.39126],[3.15969,42.38896],[3.16694,42.38989],[3.15516,42.37998],[3.16295,42.36046],[3.19653,42.33497],[3.22927,42.35156],[3.23822,42.34898],[3.24976,42.32977],[3.2677,42.34044],[3.32227,42.3195],[3.28691,42.30367],[3.28627,42.29326],[3.29929,42.28451],[3.29056,42.28201],[3.2762,42.28709],[3.2769,42.27987],[3.28786,42.26573],[3.25371,42.2525],[3.26437,42.23787],[3.22952,42.25153],[3.21814,42.23232],[3.16262,42.26423],[3.11174,42.2059],[3.12387,42.12847],[3.17681,42.11154],[3.21227,42.0688],[3.19676,42.04261],[3.19594,42.01251],[3.2336,41.95048],[3.22596,41.94545],[3.22516,41.9455],[3.22158,41.94418],[3.21784,41.94233],[3.21506,41.92913],[3.22038,41.92227],[3.20957,41.90197],[3.20295,41.89157],[3.18225,41.88688],[3.18193,41.88267],[3.18324,41.88174],[3.1783,41.879],[3.1769,41.86643],[3.12921,41.84114],[3.10219,41.84494],[3.05632,41.78757],[3.0462,41.78879],[3.04871,41.78268],[3.04368,41.78166],[3.04363,41.77849],[3.02968,41.77948],[3.03016,41.77081],[3.01113,41.77218],[2.97755,41.75766],[2.93487,41.72036],[2.93477,41.71519],[2.90257,41.70997],[2.88769,41.70127],[2.85365,41.69961],[2.81947,41.68886],[2.78912,41.66998],[2.77419,41.6474],[2.55544,41.57937],[2.36904,41.49045],[2.26647,41.45914],[2.19831,41.38689],[2.17181,41.33499],[2.18664,41.36695],[2.18475,41.38082],[2.11585,41.29048],[1.9348,41.26239],[1.73219,41.2073],[1.51333,41.17799],[1.3949,41.13162],[1.29793,41.12777],[1.22077,41.08357],[1.24911,41.10864],[1.20756,41.10026],[1.17034,41.05463],[1.12394,41.07476],[0.98709,41.04086],[0.86223,40.94708],[0.74134,40.82332],[0.69941,40.80396],[0.70813,40.78635],[0.72901,40.77017],[0.73675,40.76684],[0.78055,40.76828],[0.73025,40.78921],[0.76587,40.79229],[0.83087,40.73298],[0.87238,40.73474],[0.8806,40.71847],[0.86707,40.69292],[0.75768,40.64105],[0.70254,40.58087],[0.6693,40.56002],[0.61795,40.55346],[0.59499,40.57809],[0.64894,40.57294],[0.65704,40.57826],[0.66033,40.59147],[0.70868,40.59089],[0.74523,40.63611],[0.60133,40.6221],[0.60459,40.60911],[0.59045,40.61284],[0.53792,40.56723],[0.5147,40.52305],[0.44899,40.54129],[0.43341,40.56538],[0.44394,40.57822],[0.40276,40.60198],[0.27883,40.63006],[0.26783,40.659],[0.29184,40.68855],[0.26243,40.70585],[0.23652,40.70168],[0.22612,40.73316],[0.19729,40.72417],[0.1594,40.75006],[0.17536,40.74113],[0.17522,40.75494],[0.22997,40.76743],[0.23357,40.78699],[0.27823,40.82104],[0.23891,40.8847],[0.2935,40.97056],[0.25864,41.01463],[0.27966,41.02017],[0.21774,41.04366],[0.23045,41.0553],[0.22008,41.08291],[0.2012,41.08468],[0.20094,41.12608],[0.21395,41.1373],[0.24788,41.13014],[0.25299,41.15015],[0.29199,41.15636],[0.3224,41.22524],[0.38131,41.23643],[0.38566,41.27884],[0.34844,41.32887],[0.37397,41.35154],[0.32004,41.39418],[0.35533,41.45176],[0.34202,41.484],[0.39671,41.4903],[0.44692,41.54224],[0.42849,41.60238],[0.34961,41.59946],[0.35798,41.63172],[0.32624,41.6622],[0.32821,41.68107],[0.38474,41.74031],[0.39544,41.73198],[0.39868,41.75781],[0.4686,41.76498],[0.48323,41.80146],[0.51546,41.82235],[0.54388,41.82088],[0.55491,41.85279],[0.58005,41.85091],[0.60716,41.8718],[0.59278,41.88441],[0.59466,41.9174],[0.60749,41.91931],[0.56188,41.93822],[0.58693,41.96678],[0.60436,41.96066],[0.61795,41.98893],[0.63854,41.9946],[0.64193,41.98207],[0.65729,42.0016],[0.65171,42.02625],[0.69955,42.10696],[0.69584,42.152],[0.71397,42.16342],[0.69873,42.1723],[0.70262,42.19004],[0.76462,42.32248],[0.74036,42.33687],[0.77131,42.35064],[0.72222,42.36742],[0.7461,42.38478],[0.69049,42.48762],[0.73976,42.50515],[0.72116,42.52454],[0.74955,42.53488],[0.74106,42.54483],[0.76753,42.61124],[0.69895,42.62857],[0.6959,42.65893],[0.65988,42.68864],[0.67616,42.69087],[0.68016,42.72325],[0.64258,42.75375],[0.66701,42.77532],[0.64504,42.78297],[0.67007,42.80194],[0.65975,42.83898],[0.71604,42.85832]],[[0.73764,40.63792],[0.73629,40.63886],[0.73471,40.63932],[0.73567,40.63783],[0.73764,40.63792]],[[3.28661,42.33311],[3.28579,42.33344],[3.28609,42.33216],[3.28686,42.33223],[3.28661,42.33311]],[[3.20485,42.07438],[3.20503,42.07342],[3.2061,42.07336],[3.20573,42.07423],[3.20485,42.07438]],[[3.24227,42.34012],[3.24177,42.33976],[3.24335,42.33931],[3.24309,42.33982],[3.24227,42.34012]],[[3.21783,41.92494],[3.21724,41.92479],[3.217,41.92456],[3.21833,41.92488],[3.21783,41.92494]],[[3.21829,41.92429],[3.21727,41.92414],[3.21764,41.92404],[3.21829,41.92429]],[[1.99713,42.48637],[1.98666,42.47146],[2.01277,42.44835],[1.95675,42.45769],[1.97884,42.49478],[1.99713,42.48637]],[[3.22512,42.04922],[3.22334,42.04486],[3.21923,42.04719],[3.22005,42.04923],[3.22512,42.04922]],[[3.29533,42.29434],[3.29733,42.29325],[3.29656,42.28989],[3.2931,42.29289],[3.29533,42.29434]],[[3.31929,42.32489],[3.32025,42.3231],[3.3245,42.32129],[3.32137,42.32151],[3.32151,42.32215],[3.31845,42.32383],[3.31929,42.32489]],[[0.65151,40.58533],[0.65429,40.58437],[0.65573,40.5813],[0.64897,40.58435],[0.65151,40.58533]],[[0.63547,40.57989],[0.63416,40.57891],[0.63488,40.57739],[0.6335,40.57991],[0.63547,40.57989]],[[3.22709,42.0448],[3.22715,42.04394],[3.2254,42.04336],[3.22505,42.04292],[3.22525,42.04258],[3.22377,42.04367],[3.22709,42.0448]],[[3.29252,42.28248],[3.29366,42.28152],[3.29337,42.27987],[3.29175,42.28118],[3.29252,42.28248]],[[0.64841,40.58445],[0.64798,40.58328],[0.64587,40.5837],[0.64611,40.58467],[0.64841,40.58445]],[[0.64627,40.57672],[0.64738,40.5756],[0.64393,40.57655],[0.6445,40.57679],[0.64627,40.57672]],[[3.30533,42.32817],[3.30668,42.32759],[3.30405,42.3272],[3.3042,42.32768],[3.30533,42.32817]],[[0.64889,40.57852],[0.64831,40.57891],[0.64813,40.58027],[0.64933,40.58003],[0.64889,40.57852]],[[0.64911,40.57515],[0.64833,40.57507],[0.64763,40.5761],[0.64857,40.57635],[0.64911,40.57515]],[[0.65024,40.57616],[0.64905,40.57627],[0.64898,40.57706],[0.64969,40.57726],[0.65024,40.57616]],[[3.1659,42.40188],[3.16656,42.40117],[3.16527,42.40071],[3.16518,42.40165],[3.1659,42.40188]],[[0.64251,40.57596],[0.6429,40.57507],[0.64127,40.57659],[0.64163,40.5772],[0.64251,40.57596]],[[0.64583,40.58219],[0.64502,40.58241],[0.64495,40.58319],[0.64639,40.58259],[0.64583,40.58219]],[[0.64351,40.57691],[0.64381,40.57613],[0.64187,40.57862],[0.64259,40.5781],[0.64351,40.57691]],[[3.29535,42.29551],[3.29682,42.29447],[3.29669,42.29387],[3.29532,42.2948],[3.29535,42.29551]],[[0.64697,40.57824],[0.64551,40.57857],[0.64538,40.5793],[0.64661,40.57885],[0.64697,40.57824]],[[0.63488,40.58254],[0.63578,40.58232],[0.63596,40.58183],[0.63506,40.58174],[0.63488,40.58254]],[[0.61569,40.57656],[0.61494,40.57654],[0.61465,40.57697],[0.61584,40.5773],[0.61569,40.57656]],[[3.33191,42.32016],[3.33255,42.31993],[3.33193,42.31902],[3.33137,42.31982],[3.33191,42.32016]],[[0.64485,40.57532],[0.64556,40.57528],[0.64648,40.57402],[0.64463,40.57498],[0.64485,40.57532]],[[0.63911,40.5815],[0.63812,40.58168],[0.63857,40.58246],[0.63919,40.58213],[0.63911,40.5815]],[[3.30831,42.29241],[3.30896,42.29209],[3.30931,42.29131],[3.30853,42.29132],[3.30831,42.29241]],[[0.64347,40.58277],[0.64278,40.58322],[0.64272,40.5836],[0.64373,40.5836],[0.64347,40.58277]],[[0.64884,40.5744],[0.64781,40.57414],[0.64717,40.57477],[0.64819,40.57495],[0.64884,40.5744]],[[0.64234,40.58161],[0.64141,40.58248],[0.64172,40.58294],[0.64235,40.58264],[0.64234,40.58161]],[[3.05662,41.78731],[3.05622,41.78667],[3.05494,41.78714],[3.0555,41.78735],[3.05662,41.78731]],[[0.64296,40.5794],[0.64375,40.57905],[0.64421,40.57815],[0.64362,40.57849],[0.64296,40.5794]],[[0.64325,40.57992],[0.64268,40.57977],[0.64239,40.58081],[0.64325,40.57992]],[[3.30921,42.29228],[3.30941,42.29221],[3.3098,42.29154],[3.30883,42.29257],[3.30921,42.29228]],[[0.85988,40.73563],[0.85981,40.73533],[0.85883,40.73543],[0.85929,40.73574],[0.85988,40.73563]],[[0.64511,40.58427],[0.64509,40.5839],[0.6441,40.58404],[0.64511,40.58427]],[[3.26425,42.23747],[3.26435,42.23729],[3.26334,42.23727],[3.26399,42.23754],[3.26425,42.23747]],[[3.18533,41.86282],[3.186,41.86274],[3.18644,41.86249],[3.18525,41.8626],[3.18533,41.86282]],[[-5.34496,35.87106],[-5.37291,35.88353],[-5.37886,35.91621],[-5.31696,35.8894],[-5.27873,35.90014],[-5.34496,35.87106]],[[-5.41993,35.91163],[-5.42026,35.91485],[-5.41781,35.91652],[-5.41636,35.91258],[-5.41993,35.91163]],[[-4.29543,35.16816],[-4.30036,35.17005],[-4.3003,35.17089],[-4.29574,35.16966],[-4.29543,35.16816]],[[-1.14985,38.74607],[-1.11967,38.73772],[-1.1156,38.71139],[-1.02607,38.65453],[-1.00157,38.57267],[-1.02606,38.52282],[-1.01364,38.49673],[-1.09416,38.43793],[-1.07721,38.43147],[-1.08438,38.34622],[-0.98915,38.32088],[-0.96768,38.27564],[-0.98855,38.19953],[-1.03676,38.13772],[-1.0226,38.07569],[-0.90018,37.92313],[-0.83072,37.86442],[-0.76239,37.84695],[-0.75086,37.82181],[-0.75221,37.78821],[-0.77576,37.81911],[-0.79627,37.8105],[-0.79802,37.78479],[-0.84483,37.74804],[-0.85703,37.71336],[-0.80277,37.6582],[-0.72767,37.63479],[-0.71979,37.64882],[-0.74027,37.65952],[-0.72992,37.66201],[-0.74574,37.70599],[-0.74562,37.74825],[-0.74165,37.74318],[-0.73354,37.74654],[-0.74548,37.74897],[-0.75795,37.77987],[-0.74647,37.78075],[-0.74506,37.7588],[-0.72783,37.75009],[-0.72142,37.74003],[-0.72719,37.74674],[-0.73305,37.74692],[-0.73824,37.73461],[-0.73146,37.67849],[-0.70972,37.64131],[-0.68829,37.63276],[-0.70222,37.63026],[-0.73185,37.6015],[-0.82,37.57502],[-0.87635,37.57736],[-0.91925,37.55394],[-0.96041,37.55867],[-0.9674,37.56929],[-0.94976,37.56762],[-0.992,37.60153],[-0.98413,37.5843],[-1.01799,37.57275],[-1.03117,37.57912],[-1.07402,37.58415],[-1.10866,37.56937],[-1.12714,37.55212],[-1.11106,37.53408],[-1.16647,37.54207],[-1.17393,37.56297],[-1.21348,37.57535],[-1.24623,37.57609],[-1.25575,37.55758],[-1.32618,37.56273],[-1.40159,37.50722],[-1.45968,37.48657],[-1.48622,37.42292],[-1.51901,37.43178],[-1.62676,37.3739],[-1.73707,37.44263],[-1.81176,37.45156],[-1.80895,37.43347],[-1.84526,37.45483],[-2.01181,37.67225],[-1.99583,37.72805],[-2.00884,37.77495],[-1.99528,37.84139],[-1.9745,37.86847],[-1.9947,37.88048],[-2.02182,37.86822],[-2.10039,37.8772],[-2.1232,37.90055],[-2.17201,37.88869],[-2.24716,37.93443],[-2.29847,38.00212],[-2.34163,38.026],[-2.3299,38.0654],[-2.26165,38.11296],[-2.21294,38.20302],[-2.11373,38.2382],[-2.04899,38.30578],[-1.98263,38.28137],[-1.90754,38.29796],[-1.7843,38.35615],[-1.79575,38.37027],[-1.77114,38.36486],[-1.77135,38.37855],[-1.74512,38.38123],[-1.68756,38.36583],[-1.69273,38.33782],[-1.67025,38.31165],[-1.58954,38.30999],[-1.5582,38.3252],[-1.47855,38.37638],[-1.47987,38.47984],[-1.49873,38.53206],[-1.48769,38.56331],[-1.452,38.58146],[-1.4477,38.64952],[-1.42166,38.677],[-1.36667,38.704],[-1.34407,38.6771],[-1.24959,38.73869],[-1.18363,38.75509],[-1.14985,38.74607]],[[-1.4684,37.47044],[-1.4678,37.47116],[-1.46788,37.47165],[-1.46856,37.47095],[-1.4684,37.47044]],[[-0.7705,37.70244],[-0.7646,37.69371],[-0.76849,37.69024],[-0.77615,37.69568],[-0.7705,37.70244]],[[-0.79636,37.70104],[-0.79755,37.69601],[-0.80437,37.70152],[-0.79996,37.70372],[-0.79636,37.70104]],[[-0.70612,37.73045],[-0.70477,37.72823],[-0.70854,37.72537],[-0.70927,37.73028],[-0.70612,37.73045]],[[-0.7576,37.7886],[-0.75604,37.78762],[-0.75362,37.78359],[-0.75672,37.7836],[-0.7576,37.7886]],[[-1.26629,37.55729],[-1.26659,37.55476],[-1.27001,37.55514],[-1.26909,37.5571],[-1.26629,37.55729]],[[-1.54575,37.40959],[-1.54367,37.40885],[-1.54841,37.40767],[-1.54731,37.4096],[-1.54575,37.40959]],[[-0.96759,37.55995],[-0.96773,37.55855],[-0.97175,37.55934],[-0.96956,37.56002],[-0.96759,37.55995]],[[-0.75919,37.78881],[-0.7599,37.78857],[-0.75987,37.78607],[-0.75736,37.78482],[-0.76051,37.7848],[-0.76164,37.78854],[-0.75919,37.78881]],[[-0.76173,37.79055],[-0.75913,37.79044],[-0.75902,37.79028],[-0.76147,37.78871],[-0.76173,37.79055]],[[-0.75914,37.78435],[-0.75765,37.78413],[-0.7587,37.78302],[-0.75957,37.78249],[-0.75914,37.78435]],[[-0.75743,37.7823],[-0.75796,37.78132],[-0.75689,37.78036],[-0.75907,37.78085],[-0.75743,37.7823]],[[-0.73898,37.66939],[-0.74092,37.66851],[-0.74135,37.66942],[-0.74033,37.6705],[-0.73898,37.66939]],[[-0.74861,37.66502],[-0.7497,37.66495],[-0.75006,37.66569],[-0.74765,37.66569],[-0.74861,37.66502]],[[-1.042,37.57096],[-1.0409,37.57101],[-1.04064,37.57038],[-1.04202,37.57014],[-1.042,37.57096]],[[-1.20775,37.57144],[-1.20756,37.57083],[-1.20874,37.5709],[-1.20794,37.57235],[-1.20775,37.57144]],[[-0.64808,37.65653],[-0.64821,37.65597],[-0.64955,37.65501],[-0.64907,37.65605],[-0.64808,37.65653]],[[-0.74783,37.78853],[-0.74785,37.78789],[-0.748,37.78935],[-0.74767,37.78873],[-0.74783,37.78853]],[[-0.75847,37.78732],[-0.75786,37.78673],[-0.75813,37.78642],[-0.75919,37.78728],[-0.75847,37.78732]],[[-0.7454,37.78386],[-0.74566,37.78325],[-0.74618,37.78406],[-0.74572,37.78432],[-0.7454,37.78386]],[[-0.75744,37.78566],[-0.75713,37.78512],[-0.75849,37.78586],[-0.75833,37.78608],[-0.75744,37.78566]],[[-2.99723,42.64214],[-2.94645,42.63932],[-2.91601,42.61952],[-2.85297,42.63618],[-2.8418,42.6086],[-2.81877,42.61272],[-2.8199,42.59147],[-2.84085,42.58119],[-2.82297,42.55474],[-2.77795,42.58134],[-2.76372,42.62284],[-2.74077,42.62255],[-2.68054,42.59452],[-2.70569,42.51716],[-2.67578,42.52573],[-2.64775,42.48326],[-2.60543,42.50352],[-2.59699,42.47294],[-2.56826,42.49415],[-2.53048,42.48357],[-2.53735,42.49524],[-2.50974,42.52006],[-2.51472,42.49012],[-2.41562,42.49057],[-2.34584,42.45137],[-2.32999,42.4688],[-2.29872,42.45741],[-2.28801,42.46736],[-2.27448,42.44547],[-2.17504,42.40777],[-2.1119,42.41996],[-2.11551,42.39908],[-2.07864,42.36813],[-2.08996,42.34697],[-2.06998,42.34252],[-2.01601,42.3693],[-1.97106,42.35347],[-1.96575,42.33441],[-1.91851,42.32697],[-1.91382,42.30011],[-1.87066,42.28897],[-1.87228,42.25267],[-1.84979,42.25925],[-1.80233,42.22343],[-1.72534,42.21454],[-1.70424,42.19203],[-1.68012,42.19157],[-1.7009,42.17312],[-1.67966,42.15169],[-1.71989,42.13344],[-1.73974,42.14974],[-1.779,42.13771],[-1.83242,42.14823],[-1.90924,42.05912],[-1.90158,42.02968],[-1.84718,42.008],[-1.84404,41.98733],[-1.86519,41.9776],[-1.85654,41.9664],[-1.9703,41.91914],[-2.02831,41.95339],[-2.03639,41.9394],[-2.11436,41.96114],[-2.12407,41.99531],[-2.10763,42.00277],[-2.16191,42.06673],[-2.12724,42.08046],[-2.13338,42.10114],[-2.23648,42.10251],[-2.26959,42.08856],[-2.28216,42.1317],[-2.3182,42.14518],[-2.43846,42.13727],[-2.48437,42.10635],[-2.51468,42.11454],[-2.51488,42.06886],[-2.54907,42.05151],[-2.57991,41.99626],[-2.74696,42.00928],[-2.75738,42.0331],[-2.70595,42.10356],[-2.73467,42.12495],[-2.79161,42.10875],[-2.79799,42.04684],[-2.88951,42.0104],[-2.91362,42.02285],[-2.93118,42.08678],[-3.03437,42.08596],[-3.12945,42.19896],[-3.08859,42.24573],[-3.10967,42.35145],[-3.06346,42.3567],[-3.08481,42.38539],[-3.10527,42.38637],[-3.10135,42.41678],[-3.07818,42.41575],[-3.08265,42.39738],[-3.05688,42.37027],[-3.0633,42.42491],[-3.046,42.44515],[-3.09469,42.48807],[-3.07257,42.52892],[-3.13427,42.54205],[-3.05983,42.58919],[-3.08415,42.64069],[-2.99723,42.64214]],[[-2.94521,42.60389],[-2.93918,42.59429],[-2.92263,42.60083],[-2.9345,42.61408],[-2.94521,42.60389]],[[-2.99898,42.60177],[-2.98625,42.60705],[-2.98522,42.61422],[-2.99452,42.61549],[-2.99898,42.60177]],[[3.21365,39.95751],[3.1544,39.92322],[3.13839,39.92809],[3.13133,39.92687],[3.11079,39.89927],[3.08004,39.90227],[3.08379,39.87548],[3.10564,39.85765],[3.19036,39.89242],[3.20446,39.88881],[3.18825,39.88162],[3.19721,39.86186],[3.17855,39.84058],[3.12077,39.83209],[3.13507,39.78267],[3.25259,39.72937],[3.32891,39.7598],[3.34812,39.78937],[3.43219,39.7451],[3.46132,39.7481],[3.45269,39.72249],[3.47869,39.71581],[3.45671,39.70551],[3.45235,39.68223],[3.45594,39.65631],[3.44101,39.65648],[3.43629,39.63427],[3.39689,39.62831],[3.38502,39.5928],[3.40407,39.57944],[3.33186,39.54044],[3.34032,39.53488],[3.29185,39.49429],[3.27486,39.41593],[3.26711,39.42784],[3.26096,39.42403],[3.24441,39.37744],[3.22213,39.37287],[3.23223,39.36164],[3.188,39.35194],[3.17106,39.32653],[3.1464,39.32997],[3.06876,39.26672],[3.05012,39.2656],[3.01355,39.31044],[2.98606,39.31591],[2.9908,39.33677],[2.95782,39.36248],[2.91351,39.35242],[2.88194,39.36616],[2.78734,39.36306],[2.74203,39.40624],[2.74731,39.44147],[2.722,39.47572],[2.74841,39.51066],[2.66953,39.56246],[2.63271,39.56843],[2.61991,39.54956],[2.63944,39.55262],[2.63247,39.5452],[2.60107,39.55112],[2.59573,39.5467],[2.59706,39.54351],[2.59032,39.53655],[2.59031,39.53107],[2.58829,39.53346],[2.57609,39.53363],[2.57544,39.53111],[2.56466,39.52803],[2.56159,39.53192],[2.54104,39.52483],[2.52174,39.4566],[2.47608,39.46626],[2.47915,39.49194],[2.45618,39.50477],[2.47961,39.51761],[2.45675,39.53429],[2.41944,39.52289],[2.41366,39.53901],[2.38693,39.52088],[2.38853,39.53375],[2.36302,39.5328],[2.39051,39.54621],[2.3465,39.5646],[2.35601,39.60556],[2.46222,39.65201],[2.52787,39.70155],[2.58551,39.71628],[2.61983,39.75595],[2.6632,39.7724],[2.66943,39.79223],[2.69445,39.79133],[2.69946,39.81085],[2.7756,39.83985],[2.77837,39.85559],[2.84501,39.86174],[2.95037,39.92008],[2.98266,39.90825],[3.02814,39.93508],[3.06101,39.93264],[3.0603,39.91984],[3.1205,39.93139],[3.16567,39.95992],[3.21365,39.95751]],[[4.09416,40.08797],[4.09285,40.0596],[4.10336,40.04448],[4.13353,40.06325],[4.1266,40.02615],[4.14081,40.03592],[4.13655,40.06708],[4.15549,40.06791],[4.17272,40.06019],[4.1608,40.03348],[4.17108,40.03649],[4.18223,40.02179],[4.19531,40.03221],[4.19411,40.00984],[4.20528,39.99303],[4.20756,40.01302],[4.22046,39.99669],[4.26985,39.99654],[4.25485,39.99286],[4.26617,39.98192],[4.25477,39.96394],[4.28066,39.94991],[4.27434,39.93367],[4.30971,39.88036],[4.32779,39.87696],[4.31035,39.87004],[4.31028,39.87818],[4.29612,39.89186],[4.2565,39.89711],[4.30743,39.86543],[4.28754,39.81519],[4.26918,39.80908],[4.2188,39.82913],[4.21102,39.82934],[4.20819,39.82483],[4.05861,39.90596],[3.95951,39.93835],[3.90018,39.92247],[3.82098,39.9256],[3.83596,40.00245],[3.79901,39.99778],[3.79079,40.01613],[3.82235,40.05115],[3.89861,40.05983],[3.92127,40.04534],[3.93395,40.06292],[3.97873,40.0511],[4.01617,40.05559],[4.03212,40.06556],[4.04106,40.05594],[4.05373,40.05187],[4.08939,40.06898],[4.08149,40.08911],[4.09416,40.08797]],[[4.16878,40.05718],[4.16816,40.0576],[4.16763,40.05725],[4.16801,40.05682],[4.16878,40.05718]],[[4.03004,39.91557],[4.03038,39.91638],[4.03009,39.91674],[4.02972,39.91587],[4.03004,39.91557]],[[1.53253,39.11839],[1.55714,39.09331],[1.60424,39.09089],[1.59846,39.08242],[1.60991,39.0793],[1.58798,39.06332],[1.62154,39.0277],[1.58522,39.01572],[1.57789,39.00106],[1.58134,38.98934],[1.52738,38.98245],[1.52885,38.94497],[1.51019,38.9468],[1.47683,38.91302],[1.45507,38.91705],[1.45718,38.90372],[1.45056,38.9117],[1.43954,38.91667],[1.43863,38.90253],[1.42128,38.9036],[1.40316,38.87485],[1.40633,38.83172],[1.38446,38.8424],[1.3712,38.83042],[1.34326,38.87106],[1.32042,38.85578],[1.31476,38.86808],[1.29739,38.86221],[1.29587,38.87716],[1.26771,38.87803],[1.2553,38.85974],[1.24805,38.8558],[1.22417,38.87081],[1.21331,38.90199],[1.23648,38.93879],[1.21494,38.95816],[1.22918,38.97454],[1.30653,38.97241],[1.28446,38.99386],[1.29894,39.00953],[1.29393,39.03154],[1.35884,39.07406],[1.36608,39.06417],[1.37516,39.06226],[1.42628,39.09254],[1.44053,39.08051],[1.4627,39.10355],[1.48843,39.11054],[1.49238,39.10166],[1.49494,39.10179],[1.49836,39.09878],[1.53253,39.11839]],[[1.29965,38.87013],[1.29966,38.87156],[1.29906,38.87172],[1.29913,38.87067],[1.29965,38.87013]],[[1.43589,38.76176],[1.49647,38.68824],[1.53029,38.67281],[1.56906,38.69162],[1.58472,38.6628],[1.52413,38.65301],[1.44719,38.68499],[1.38553,38.64134],[1.38027,38.71931],[1.39658,38.73548],[1.41925,38.72251],[1.43327,38.77165],[1.43589,38.76176]],[[1.43046,38.75465],[1.42999,38.7538],[1.4309,38.75326],[1.43117,38.7537],[1.43046,38.75465]],[[1.45671,38.72655],[1.45603,38.72649],[1.45596,38.72624],[1.45728,38.72622],[1.45671,38.72655]],[[2.9512,39.16548],[2.9766,39.15803],[2.95665,39.14757],[2.95793,39.12691],[2.9195,39.12895],[2.91689,39.16162],[2.93168,39.14333],[2.93109,39.15649],[2.94967,39.14841],[2.9512,39.16548]],[[2.33858,39.5977],[2.31866,39.57673],[2.30319,39.57282],[2.30971,39.58347],[2.33858,39.5977]],[[2.96622,39.19046],[2.97296,39.18665],[2.96162,39.17544],[2.95502,39.18235],[2.96622,39.19046]],[[1.42342,38.79657],[1.43162,38.78414],[1.43333,38.77494],[1.43222,38.77397],[1.42649,38.78206],[1.41937,38.7793],[1.42342,38.79657]],[[1.21477,38.98959],[1.21892,38.9784],[1.21408,38.97593],[1.20623,38.98943],[1.21477,38.98959]],[[1.20023,38.87067],[1.203,38.86466],[1.18843,38.8626],[1.19557,38.86992],[1.20023,38.87067]],[[4.27806,39.96668],[4.28403,39.95981],[4.27296,39.95671],[4.27356,39.96435],[4.27806,39.96668]],[[1.64143,39.04152],[1.64643,39.04046],[1.65044,39.03222],[1.63983,39.03476],[1.64143,39.04152]],[[1.47785,38.80025],[1.48241,38.79924],[1.4803,38.78797],[1.4741,38.7974],[1.47777,38.80505],[1.47785,38.80025]],[[4.29002,39.80232],[4.29611,39.80027],[4.28543,39.79929],[4.28197,39.80097],[4.29002,39.80232]],[[4.30611,39.8783],[4.30574,39.87558],[4.30725,39.87133],[4.30121,39.8815],[4.30611,39.8783]],[[1.19861,38.9597],[1.19872,38.95642],[1.18977,38.95782],[1.19296,38.95975],[1.19861,38.9597]],[[1.21747,38.97047],[1.22014,38.96818],[1.21576,38.96685],[1.2151,38.9726],[1.21747,38.97047]],[[1.21138,38.87],[1.2154,38.86903],[1.21386,38.86588],[1.20663,38.86826],[1.21138,38.87]],[[3.14797,39.92161],[3.15004,39.91999],[3.14409,39.92262],[3.14553,39.92303],[3.14797,39.92161]],[[2.97664,39.16973],[2.97861,39.16788],[2.97729,39.16639],[2.97451,39.16779],[2.97664,39.16973]],[[2.45439,39.5005],[2.45198,39.49949],[2.4476,39.49538],[2.451,39.49991],[2.45439,39.5005]],[[4.07669,40.09187],[4.0762,40.09081],[4.07292,40.09247],[4.07549,40.09457],[4.07669,40.09187]],[[4.21228,40.01829],[4.21203,40.01629],[4.20815,40.01411],[4.2087,40.01685],[4.21228,40.01829]],[[1.41049,38.81823],[1.41231,38.81464],[1.41146,38.8138],[1.40918,38.81749],[1.41049,38.81823]],[[3.01204,39.3053],[3.01197,39.30351],[3.00818,39.30467],[3.01061,39.30578],[3.01204,39.3053]],[[1.41879,38.79384],[1.42009,38.79256],[1.41985,38.79162],[1.41683,38.79486],[1.41879,38.79384]],[[2.97359,39.19807],[2.974,39.19585],[2.97096,39.19585],[2.97108,39.19776],[2.97359,39.19807]],[[2.5433,39.50521],[2.54647,39.50395],[2.54707,39.50277],[2.54519,39.50259],[2.5433,39.50521]],[[4.20949,40.01779],[4.20839,40.01913],[4.20873,40.02207],[4.21065,40.02019],[4.20992,40.01963],[4.20949,40.01779]],[[2.58884,39.53081],[2.58871,39.52865],[2.58584,39.52809],[2.58762,39.53079],[2.58884,39.53081]],[[1.58468,38.98484],[1.58487,38.98217],[1.58381,38.98217],[1.58301,38.98515],[1.58468,38.98484]],[[4.28725,39.88567],[4.2861,39.88598],[4.28656,39.88815],[4.2888,39.88679],[4.28725,39.88567]],[[4.03207,40.06867],[4.03325,40.0685],[4.03103,40.06645],[4.03112,40.0695],[4.03207,40.06867]],[[2.7105,39.81582],[2.7089,39.8167],[2.70968,39.81915],[2.71086,39.81705],[2.7105,39.81582]],[[1.16519,38.97303],[1.16638,38.97294],[1.16709,38.97185],[1.16493,38.97165],[1.16519,38.97303]],[[3.13136,39.94426],[3.12994,39.94425],[3.13221,39.94605],[3.13215,39.94494],[3.13136,39.94426]],[[2.97489,39.20098],[2.9739,39.19962],[2.97132,39.20047],[2.97209,39.20101],[2.97489,39.20098]],[[4.13722,40.04528],[4.13602,40.04638],[4.13678,40.04809],[4.13755,40.04641],[4.13722,40.04528]],[[2.95865,39.12626],[2.95994,39.12593],[2.96045,39.12519],[2.9584,39.12441],[2.95865,39.12626]],[[3.00232,39.3101],[3.00153,39.30943],[2.99979,39.31024],[3.00087,39.31122],[3.00232,39.3101]],[[2.3488,39.57635],[2.34717,39.57638],[2.34731,39.57768],[2.34853,39.57763],[2.3488,39.57635]],[[3.16999,39.83604],[3.17143,39.83592],[3.17166,39.83527],[3.16943,39.8347],[3.16999,39.83604]],[[1.16099,38.98009],[1.1603,38.979],[1.15866,38.97963],[1.16124,38.98112],[1.16099,38.98009]],[[4.22285,39.82373],[4.22131,39.82184],[4.2198,39.82191],[4.22146,39.82413],[4.22285,39.82373]],[[1.43201,39.09113],[1.43153,39.09155],[1.43254,39.09308],[1.43275,39.09198],[1.43201,39.09113]],[[2.97966,39.2066],[2.97827,39.20657],[2.97799,39.20725],[2.97871,39.20778],[2.97966,39.2066]],[[1.42305,38.79917],[1.42374,38.79826],[1.42123,38.79869],[1.42234,38.79962],[1.42305,38.79917]],[[3.01037,39.29856],[3.00974,39.29809],[3.00982,39.30002],[3.01006,39.29988],[3.01037,39.29856]],[[1.40458,38.81633],[1.4041,38.81567],[1.40239,38.81581],[1.40447,38.81692],[1.40458,38.81633]],[[1.16553,38.96866],[1.16652,38.96846],[1.16494,38.96745],[1.16474,38.9684],[1.16553,38.96866]],[[1.4176,38.7744],[1.41724,38.77376],[1.41605,38.77351],[1.41717,38.77494],[1.4176,38.7744]],[[1.48197,38.78769],[1.4833,38.78758],[1.48433,38.78704],[1.48135,38.78768],[1.48197,38.78769]],[[1.31527,39.04957],[1.31602,39.04875],[1.31481,39.04973],[1.31642,39.05065],[1.31527,39.04957]],[[4.04344,40.05845],[4.04357,40.05765],[4.04151,40.05768],[4.04334,40.05859],[4.04344,40.05845]],[[2.4558,39.50281],[2.45631,39.50189],[2.45464,39.5027],[2.45483,39.50283],[2.4558,39.50281]],[[4.29924,39.88132],[4.29832,39.8815],[4.29795,39.88295],[4.29837,39.88292],[4.29924,39.88132]],[[2.93897,39.12464],[2.93955,39.12597],[2.94034,39.12543],[2.94007,39.12497],[2.93897,39.12464]],[[4.29031,39.91143],[4.28939,39.91198],[4.28959,39.91283],[4.29072,39.91255],[4.29031,39.91143]],[[2.57302,39.5298],[2.57394,39.52985],[2.57422,39.52929],[2.57339,39.52877],[2.57302,39.5298]],[[1.18953,38.95687],[1.18935,38.95646],[1.18819,38.9567],[1.18934,38.95771],[1.18953,38.95687]],[[1.42425,38.89702],[1.42426,38.89663],[1.42297,38.89578],[1.42303,38.89703],[1.42425,38.89702]],[[1.58706,39.00104],[1.58637,39.00141],[1.58688,39.00235],[1.58758,39.00157],[1.58706,39.00104]],[[1.57882,38.98275],[1.57898,38.98215],[1.57749,38.98182],[1.57808,38.98274],[1.57882,38.98275]],[[4.02746,40.06536],[4.02841,40.06542],[4.02722,40.06438],[4.02681,40.06536],[4.02746,40.06536]],[[1.59357,39.0981],[1.5923,39.09799],[1.59212,39.09904],[1.59359,39.09832],[1.59357,39.0981]],[[2.5926,39.53425],[2.59316,39.53345],[2.59136,39.53408],[2.59185,39.5345],[2.5926,39.53425]],[[1.29377,39.01076],[1.29299,39.01072],[1.293,39.01185],[1.29328,39.01187],[1.29377,39.01076]],[[1.43871,38.88757],[1.43799,38.88805],[1.43887,38.88869],[1.43908,38.88815],[1.43871,38.88757]],[[2.98377,39.32601],[2.98195,39.32511],[2.98153,39.32533],[2.98419,39.32641],[2.98377,39.32601]],[[2.47525,39.46554],[2.47463,39.46471],[2.47402,39.46522],[2.47471,39.4659],[2.47525,39.46554]],[[4.08131,40.09023],[4.08238,40.08991],[4.08284,40.09006],[4.08252,40.08982],[4.08124,40.08978],[4.08068,40.09063],[4.08131,40.09023]],[[4.20448,40.0146],[4.20448,40.01404],[4.20532,40.01366],[4.20384,40.01402],[4.20448,40.0146]],[[4.28008,39.95027],[4.27952,39.95082],[4.28045,39.95122],[4.2806,39.95109],[4.28008,39.95027]],[[4.13222,40.06408],[4.13183,40.06379],[4.13087,40.06442],[4.13166,40.06469],[4.13222,40.06408]],[[1.61059,39.08058],[1.61083,39.0816],[1.61134,39.08172],[1.61138,39.08098],[1.61059,39.08058]],[[1.40446,38.81421],[1.40517,38.81383],[1.40282,38.81415],[1.4038,38.81455],[1.40446,38.81421]],[[2.94276,39.12596],[2.94345,39.12584],[2.9441,39.12539],[2.94235,39.12563],[2.94276,39.12596]],[[2.4711,39.46168],[2.47175,39.46263],[2.47244,39.46282],[2.47194,39.46212],[2.4711,39.46168]],[[1.42599,38.7769],[1.42681,38.77677],[1.4273,38.77616],[1.42557,38.77683],[1.42599,38.7769]],[[2.97711,39.20261],[2.97739,39.20254],[2.97593,39.20161],[2.97608,39.20262],[2.97711,39.20261]],[[1.49432,39.10265],[1.49374,39.10282],[1.49487,39.10356],[1.4948,39.10297],[1.49432,39.10265]],[[1.19545,38.871],[1.1956,38.87146],[1.19689,38.87201],[1.19625,38.87137],[1.19545,38.871]],[[2.96139,39.13864],[2.96221,39.13854],[2.96274,39.13823],[2.96082,39.13855],[2.96139,39.13864]],[[4.13767,40.04369],[4.13706,40.04442],[4.13736,40.04488],[4.13772,40.04457],[4.13767,40.04369]],[[3.40623,39.77017],[3.40685,39.7701],[3.40692,39.76993],[3.40573,39.7697],[3.40623,39.77017]],[[2.93902,39.12619],[2.93941,39.12595],[2.93776,39.12599],[2.93806,39.12618],[2.93902,39.12619]],[[4.03503,40.06545],[4.03379,40.06526],[4.03362,40.06548],[4.0348,40.06572],[4.03503,40.06545]],[[3.03675,39.27954],[3.03621,39.27899],[3.0356,39.27923],[3.03575,39.27952],[3.03675,39.27954]],[[2.93558,39.12217],[2.93686,39.12202],[2.93699,39.12179],[2.93556,39.12184],[2.93558,39.12217]],[[2.96584,39.1947],[2.96537,39.19471],[2.96468,39.1955],[2.96551,39.19524],[2.96584,39.1947]],[[1.2022,38.95853],[1.20118,38.9583],[1.20096,38.95875],[1.20161,38.95875],[1.2022,38.95853]],[[1.21876,38.96526],[1.21743,38.96469],[1.21719,38.9649],[1.21787,38.96526],[1.21876,38.96526]],[[1.61029,39.08065],[1.60983,39.08009],[1.60913,39.08007],[1.60967,39.08061],[1.61029,39.08065]],[[2.54076,39.47797],[2.54046,39.4779],[2.54116,39.47907],[2.54103,39.47829],[2.54076,39.47797]],[[4.21324,40.01483],[4.21284,40.01446],[4.21219,40.0145],[4.21318,40.01507],[4.21324,40.01483]],[[2.98877,39.33367],[2.98892,39.334],[2.98986,39.33394],[2.98877,39.33367]],[[-16.15754,28.58816],[-16.12669,28.57073],[-16.12671,28.56362],[-16.11947,28.5536],[-16.12528,28.54975],[-16.12767,28.54641],[-16.1257,28.5321],[-16.23716,28.48539],[-16.24627,28.47112],[-16.23566,28.47905],[-16.24708,28.45568],[-16.24279,28.46805],[-16.36036,28.37954],[-16.36146,28.30435],[-16.4247,28.20446],[-16.42515,28.15009],[-16.54696,28.02481],[-16.59524,28.0291],[-16.64433,28.00352],[-16.70234,28.00407],[-16.71162,28.04684],[-16.73775,28.05502],[-16.73762,28.08673],[-16.77704,28.11713],[-16.807,28.17449],[-16.83759,28.20759],[-16.8412,28.26437],[-16.89664,28.33215],[-16.92597,28.34192],[-16.91815,28.36074],[-16.83202,28.39328],[-16.80829,28.37617],[-16.75185,28.37068],[-16.67435,28.40202],[-16.60397,28.39423],[-16.55485,28.41888],[-16.53331,28.41669],[-16.51428,28.419],[-16.456,28.46008],[-16.42871,28.48936],[-16.41097,28.52715],[-16.33422,28.55768],[-16.32907,28.57679],[-16.22365,28.56541],[-16.19305,28.57202],[-16.15754,28.58816]],[[-16.37606,28.29108],[-16.37538,28.29196],[-16.37543,28.29212],[-16.37617,28.29117],[-16.37606,28.29108]],[[-16.37708,28.2896],[-16.37656,28.2905],[-16.37729,28.28948],[-16.37708,28.2896]],[[-13.89051,28.75685],[-13.83632,28.71275],[-13.8243,28.55282],[-13.86723,28.4803],[-13.84988,28.40113],[-13.91735,28.25195],[-14.01261,28.20769],[-14.21827,28.16558],[-14.33159,28.04462],[-14.47779,28.07747],[-14.50719,28.06407],[-14.49143,28.11091],[-14.45023,28.10009],[-14.37297,28.11713],[-14.22254,28.21512],[-14.20369,28.32839],[-14.16232,28.36869],[-14.14724,28.4384],[-14.10051,28.47528],[-14.03346,28.593],[-14.03876,28.61507],[-14.00892,28.67754],[-14.02104,28.70728],[-13.97671,28.73524],[-13.89051,28.75685]],[[-15.41889,28.1804],[-15.40115,28.16647],[-15.40733,28.13275],[-15.40698,28.15837],[-15.41757,28.12823],[-15.41733,28.14616],[-15.42776,28.14669],[-15.4111,28.10084],[-15.41975,28.05971],[-15.37324,28.00948],[-15.37507,27.9977],[-15.37002,27.99673],[-15.37069,27.99382],[-15.36799,27.99308],[-15.36708,27.99151],[-15.36738,27.98995],[-15.38433,27.96734],[-15.35848,27.93133],[-15.38439,27.92702],[-15.38587,27.8574],[-15.41633,27.84416],[-15.42437,27.80821],[-15.52205,27.77974],[-15.56387,27.76036],[-15.57076,27.73722],[-15.5989,27.73458],[-15.65901,27.75668],[-15.67456,27.74923],[-15.78764,27.83471],[-15.8338,27.91049],[-15.83451,27.97107],[-15.82293,28.01349],[-15.78636,28.02109],[-15.71093,28.08302],[-15.69633,28.1516],[-15.70934,28.1656],[-15.66656,28.15827],[-15.63751,28.17195],[-15.59982,28.14438],[-15.5269,28.15526],[-15.46741,28.12605],[-15.45372,28.12796],[-15.4375,28.13789],[-15.43154,28.15132],[-15.44149,28.16655],[-15.41889,28.1804]],[[-13.4676,29.2294],[-13.42388,29.20871],[-13.41948,29.1844],[-13.4291,29.15422],[-13.46445,29.12804],[-13.4475,29.08907],[-13.4861,28.99276],[-13.64073,28.92032],[-13.73642,28.90674],[-13.78706,28.83853],[-13.80182,28.85901],[-13.87637,28.85865],[-13.88166,28.88617],[-13.82906,28.93025],[-13.83441,28.98938],[-13.81544,29.03341],[-13.75587,29.07783],[-13.70697,29.08001],[-13.65154,29.11434],[-13.65774,29.12354],[-13.63318,29.11585],[-13.60183,29.13611],[-13.54763,29.11853],[-13.52461,29.14113],[-13.49685,29.21823],[-13.4676,29.2294]],[[-17.91069,28.85763],[-17.85808,28.83266],[-17.80919,28.84524],[-17.80323,28.84158],[-17.78875,28.84391],[-17.77755,28.84016],[-17.72464,28.74309],[-17.77006,28.67706],[-17.74993,28.62431],[-17.76016,28.5699],[-17.84056,28.4528],[-17.86871,28.47338],[-17.88003,28.54013],[-17.9259,28.59621],[-18.0072,28.75771],[-18.00574,28.78444],[-17.96775,28.82733],[-17.94621,28.84258],[-17.94305,28.84052],[-17.93914,28.84088],[-17.92678,28.84621],[-17.92016,28.85729],[-17.91069,28.85763]],[[-17.96201,28.82995],[-17.96257,28.8303],[-17.9609,28.82864],[-17.96109,28.82983],[-17.96201,28.82995]],[[-17.95874,28.83197],[-17.95829,28.83068],[-17.95809,28.83051],[-17.95812,28.83143],[-17.95874,28.83197]],[[-17.26073,28.21797],[-17.24507,28.20082],[-17.20634,28.19679],[-17.19608,28.20005],[-17.18394,28.18028],[-17.119,28.15355],[-17.10351,28.12844],[-17.09846,28.0956],[-17.1679,28.03585],[-17.26967,28.025],[-17.3489,28.0982],[-17.34124,28.13118],[-17.34601,28.15202],[-17.34308,28.15245],[-17.33456,28.16291],[-17.32037,28.20335],[-17.29336,28.20708],[-17.2819,28.21131],[-17.27671,28.21789],[-17.27457,28.21702],[-17.27554,28.21593],[-17.27369,28.21446],[-17.26073,28.21797]],[[-17.92516,27.84951],[-17.9018,27.84201],[-17.88351,27.81329],[-17.88352,27.80315],[-17.92697,27.73233],[-17.95703,27.71999],[-17.97786,27.63955],[-18.00989,27.64977],[-18.05044,27.69255],[-18.16029,27.71506],[-18.15164,27.76057],[-18.14083,27.76265],[-18.14058,27.76602],[-18.13658,27.76682],[-18.13245,27.77027],[-18.13231,27.77128],[-18.08248,27.7532],[-18.03675,27.76203],[-17.98913,27.79976],[-17.99345,27.82279],[-17.92516,27.84951]],[[-13.50798,29.29077],[-13.47161,29.26573],[-13.50475,29.22499],[-13.54396,29.21851],[-13.50798,29.29077]],[[-13.50487,29.41562],[-13.50499,29.41434],[-13.50267,29.4124],[-13.49769,29.41301],[-13.48884,29.40518],[-13.49178,29.39685],[-13.5287,29.38508],[-13.52396,29.41079],[-13.51885,29.41024],[-13.50487,29.41562]],[[-13.81283,28.76519],[-13.8157,28.73659],[-13.8308,28.73964],[-13.83574,28.75253],[-13.81283,28.76519]],[[-13.53403,29.3037],[-13.53133,29.29043],[-13.53907,29.28908],[-13.54027,29.30258],[-13.53403,29.3037]],[[-13.33619,29.27732],[-13.33381,29.27638],[-13.33802,29.27369],[-13.33852,29.27481],[-13.33619,29.27732]],[[-16.15878,28.59446],[-16.15832,28.59299],[-16.15889,28.591],[-16.16132,28.59245],[-16.15878,28.59446]],[[-16.15581,28.60365],[-16.15718,28.60193],[-16.15772,28.60196],[-16.15545,28.60526],[-16.15581,28.60365]],[[-16.76314,28.38076],[-16.76176,28.38005],[-16.76212,28.3782],[-16.76351,28.3794],[-16.76314,28.38076]],[[-17.99581,27.82477],[-17.9952,27.82343],[-17.99642,27.82282],[-17.99718,27.82445],[-17.99581,27.82477]],[[-13.44054,29.22263],[-13.43973,29.22212],[-13.43947,29.21952],[-13.44121,29.22149],[-13.44054,29.22263]],[[-13.52722,29.31019],[-13.52764,29.31099],[-13.52674,29.31188],[-13.52631,29.31119],[-13.52722,29.31019]],[[-17.27067,28.21859],[-17.26948,28.21835],[-17.2719,28.21812],[-17.27172,28.2185],[-17.27067,28.21859]],[[-13.54759,28.95383],[-13.54609,28.95361],[-13.54814,28.95283],[-13.55027,28.9524],[-13.54759,28.95383]],[[-13.54827,28.95687],[-13.54736,28.95623],[-13.5488,28.95562],[-13.54915,28.95636],[-13.54827,28.95687]],[[-13.47029,29.23885],[-13.47091,29.23901],[-13.47053,29.24054],[-13.46994,29.2397],[-13.47029,29.23885]],[[-17.29989,28.20945],[-17.30061,28.20898],[-17.30068,28.2101],[-17.29963,28.20961],[-17.29989,28.20945]],[[-13.48724,29.40338],[-13.48701,29.40303],[-13.48624,29.40342],[-13.48699,29.40245],[-13.48724,29.40338]],[[-17.96891,28.82943],[-17.96794,28.82893],[-17.96806,28.82843],[-17.96914,28.82881],[-17.96891,28.82943]],[[-13.51587,29.41321],[-13.51538,29.41291],[-13.51473,29.41291],[-13.51574,29.41261],[-13.51656,29.41335],[-13.51587,29.41321]],[[-16.13257,28.58126],[-16.13269,28.58039],[-16.1336,28.58077],[-16.133,28.58141],[-16.13257,28.58126]],[[-15.43895,28.14018],[-15.43823,28.14154],[-15.43744,28.14212],[-15.43787,28.14127],[-15.43895,28.14018]],[[-16.48659,28.43934],[-16.48729,28.43975],[-16.48734,28.44047],[-16.48658,28.43978],[-16.48659,28.43934]],[[-15.43714,28.14243],[-15.43704,28.14304],[-15.43567,28.14475],[-15.43714,28.14243]],[[-17.33774,28.08354],[-17.33771,28.08325],[-17.33827,28.08443],[-17.33796,28.08431],[-17.33774,28.08354]],[[-13.52275,29.15572],[-13.52228,29.15573],[-13.52261,29.15524],[-13.52342,29.15553],[-13.52275,29.15572]],[[-14.07027,28.53999],[-14.06962,28.54099],[-14.06987,28.54028],[-14.07027,28.53999]],[[-3.59024,43.51356],[-3.54634,43.50771],[-3.49783,43.47224],[-3.43088,43.462],[-3.42978,43.44101],[-3.46497,43.4446],[-3.49168,43.4248],[-3.46357,43.43128],[-3.46472,43.40394],[-3.45005,43.43606],[-3.42524,43.41325],[-3.32379,43.41916],[-3.32076,43.40279],[-3.22129,43.3939],[-3.22589,43.38761],[-3.21189,43.37484],[-3.15329,43.35332],[-3.15152,43.30685],[-3.20951,43.28354],[-3.22523,43.30894],[-3.27945,43.29005],[-3.3324,43.30188],[-3.34013,43.27803],[-3.44906,43.23591],[-3.41765,43.13343],[-3.60354,43.14964],[-3.61245,43.16952],[-3.65102,43.18104],[-3.70468,43.11628],[-3.75488,43.10055],[-3.76457,43.08103],[-3.84696,43.0844],[-3.83177,43.06383],[-3.84987,43.04022],[-3.89075,43.04183],[-3.90926,43.0161],[-3.953,43.0001],[-3.99098,42.93109],[-3.97372,42.91192],[-3.92964,42.9147],[-3.93354,42.8996],[-3.86709,42.95483],[-3.83057,42.9292],[-3.86681,42.89923],[-3.90782,42.91452],[-3.89293,42.88736],[-3.92435,42.88922],[-3.89747,42.88029],[-3.91483,42.86008],[-3.87982,42.85133],[-3.86374,42.88981],[-3.83479,42.87736],[-3.81603,42.81056],[-3.86204,42.78652],[-3.89445,42.80454],[-3.91095,42.76839],[-3.97729,42.75805],[-3.99965,42.76898],[-4.00356,42.83141],[-4.05469,42.76303],[-4.08134,42.76146],[-4.10517,42.79303],[-4.14991,42.78931],[-4.18543,42.8173],[-4.17857,42.82625],[-4.16545,42.82821],[-4.15809,42.83766],[-4.14045,42.829],[-4.12612,42.85664],[-4.1499,42.87113],[-4.21423,42.84717],[-4.24025,42.95653],[-4.34848,42.97258],[-4.39811,43.03487],[-4.44755,43.05854],[-4.46275,43.06054],[-4.47571,43.0387],[-4.52093,43.04737],[-4.55845,43.01952],[-4.60608,43.03577],[-4.63813,43.01667],[-4.72282,43.01724],[-4.74326,43.02816],[-4.74399,43.05645],[-4.76611,43.05563],[-4.7665,43.07455],[-4.8169,43.09266],[-4.85143,43.12595],[-4.83457,43.15746],[-4.84807,43.17814],[-4.73416,43.18988],[-4.7196,43.23645],[-4.73094,43.25734],[-4.63188,43.26765],[-4.60655,43.30055],[-4.55524,43.2881],[-4.54777,43.26869],[-4.52351,43.27817],[-4.52235,43.33578],[-4.53881,43.35593],[-4.5115,43.39366],[-4.38936,43.38992],[-4.34067,43.40587],[-4.32802,43.39125],[-4.28025,43.388],[-4.17523,43.40105],[-4.08123,43.43832],[-3.97869,43.44088],[-3.9571,43.45582],[-3.94554,43.47115],[-3.89493,43.47083],[-3.7852,43.49177],[-3.76329,43.4672],[-3.81433,43.44948],[-3.82534,43.45167],[-3.81515,43.43701],[-3.83069,43.43516],[-3.80372,43.42662],[-3.82271,43.41358],[-3.81602,43.40181],[-3.77914,43.42097],[-3.79128,43.43221],[-3.77611,43.44941],[-3.76526,43.44628],[-3.74613,43.45153],[-3.77718,43.45822],[-3.73462,43.45928],[-3.59024,43.51356]],[[-4.1106,42.82385],[-4.10438,42.7972],[-4.08906,42.79989],[-4.08852,42.81849],[-4.1106,42.82385]],[[-4.17462,42.82308],[-4.17456,42.81162],[-4.1611,42.81312],[-4.16308,42.82095],[-4.17462,42.82308]],[[-3.77083,43.46516],[-3.77023,43.46593],[-3.77201,43.4652],[-3.7716,43.46487],[-3.77083,43.46516]],[[-3.94254,43.47098],[-3.94329,43.47074],[-3.94185,43.47058],[-3.94203,43.47099],[-3.94254,43.47098]],[[-3.26021,43.26358],[-3.24942,43.25966],[-3.26977,43.23205],[-3.26519,43.20577],[-3.28581,43.1979],[-3.3046,43.25869],[-3.26021,43.26358]],[[-3.72911,43.47631],[-3.72746,43.47135],[-3.73047,43.47007],[-3.73178,43.47287],[-3.72911,43.47631]],[[-4.02514,43.45329],[-4.022,43.45318],[-4.02096,43.45282],[-4.02644,43.45307],[-4.02514,43.45329]],[[-4.50026,43.39616],[-4.50081,43.39618],[-4.50144,43.39719],[-4.49939,43.39734],[-4.50026,43.39616]],[[-3.52765,43.49656],[-3.52757,43.4952],[-3.52925,43.49616],[-3.52829,43.49702],[-3.52765,43.49656]],[[-3.75548,43.47355],[-3.75461,43.47318],[-3.75542,43.47227],[-3.75685,43.47291],[-3.75548,43.47355]],[[-4.48298,43.39607],[-4.48204,43.39571],[-4.48442,43.39554],[-4.48271,43.39633],[-4.48298,43.39607]],[[-3.31329,43.40504],[-3.3137,43.40499],[-3.31386,43.40589],[-3.31298,43.40658],[-3.31329,43.40504]],[[-3.9334,43.47328],[-3.93287,43.47327],[-3.93283,43.47271],[-3.93414,43.47312],[-3.9334,43.47328]],[[-4.02147,43.45118],[-4.02083,43.45057],[-4.02265,43.45119],[-4.02147,43.45118]],[[-3.91621,43.47488],[-3.91606,43.47541],[-3.91458,43.4758],[-3.91486,43.47542],[-3.91621,43.47488]],[[-3.25529,43.40289],[-3.256,43.40287],[-3.25744,43.40334],[-3.25684,43.40338],[-3.25529,43.40289]],[[-3.91961,43.47371],[-3.92016,43.47366],[-3.9183,43.47423],[-3.91961,43.47371]],[[-3.7942,43.4181],[-3.79524,43.41802],[-3.79542,43.41828],[-3.7946,43.41846],[-3.7942,43.4181]],[[-3.93163,43.47348],[-3.93203,43.47287],[-3.93274,43.47319],[-3.93264,43.47355],[-3.93163,43.47348]],[[-3.21838,43.38654],[-3.21909,43.38667],[-3.21766,43.38674],[-3.21838,43.38654]],[[-3.40471,43.41755],[-3.40515,43.41733],[-3.40577,43.41736],[-3.40556,43.4176],[-3.40471,43.41755]],[[-4.02136,43.45232],[-4.02214,43.45235],[-4.02103,43.45238],[-4.02136,43.45232]],[[-5.03541,38.72619],[-5.00447,38.71183],[-5.0046,38.6951],[-4.87697,38.68609],[-4.86017,38.61398],[-4.70737,38.57195],[-4.70395,38.55317],[-4.62278,38.52379],[-4.59369,38.48638],[-4.5663,38.49094],[-4.51269,38.46385],[-4.45299,38.40087],[-4.28733,38.34276],[-4.26887,38.34717],[-4.2768,38.39021],[-4.25778,38.40158],[-4.15656,38.38132],[-3.91512,38.36881],[-3.85428,38.37514],[-3.83056,38.3929],[-3.83006,38.4128],[-3.78561,38.42527],[-3.59824,38.39847],[-3.58308,38.45147],[-3.54189,38.44539],[-3.52844,38.40864],[-3.4517,38.40032],[-3.37668,38.4396],[-3.37501,38.47524],[-3.32649,38.48212],[-3.27942,38.46024],[-3.13829,38.43858],[-3.06497,38.47825],[-3.00171,38.40832],[-2.99351,38.45012],[-2.96359,38.47145],[-2.90579,38.46991],[-2.88149,38.45264],[-2.77995,38.50971],[-2.7677,38.53291],[-2.67969,38.49692],[-2.59372,38.51129],[-2.56662,38.49047],[-2.57355,38.41625],[-2.4834,38.39786],[-2.48521,38.30026],[-2.44137,38.28563],[-2.43539,38.26502],[-2.45434,38.21549],[-2.44628,38.18519],[-2.5513,38.08409],[-2.42341,38.0337],[-2.34071,38.02555],[-2.29847,38.00212],[-2.24716,37.93443],[-2.17201,37.88869],[-2.1232,37.90055],[-2.10039,37.8772],[-2.02182,37.86822],[-1.9947,37.88048],[-1.9745,37.86847],[-1.99564,37.84024],[-2.00884,37.77495],[-1.99583,37.72805],[-2.01265,37.7006],[-2.01181,37.67225],[-1.97681,37.61873],[-1.84526,37.45483],[-1.80895,37.43347],[-1.81176,37.45156],[-1.73707,37.44263],[-1.63075,37.37361],[-1.67708,37.35285],[-1.68901,37.33924],[-1.7083,37.30411],[-1.75881,37.26308],[-1.77348,37.24585],[-1.77478,37.24319],[-1.77517,37.23949],[-1.79756,37.22961],[-1.84948,37.06835],[-1.90076,36.98776],[-1.90374,36.93737],[-1.94053,36.93652],[-1.9673,36.89886],[-1.99208,36.89373],[-1.99961,36.84002],[-2.06002,36.80972],[-2.06028,36.77782],[-2.1062,36.76265],[-2.12428,36.732],[-2.19341,36.7211],[-2.29123,36.82007],[-2.36149,36.8416],[-2.42655,36.81074],[-2.47512,36.83703],[-2.46412,36.82585],[-2.48195,36.83558],[-2.56192,36.81613],[-2.61965,36.72696],[-2.70033,36.683],[-2.77154,36.68143],[-2.8156,36.70629],[-2.84948,36.69547],[-2.92672,36.75178],[-2.97768,36.73833],[-3.2589,36.75341],[-3.33886,36.73828],[-3.41991,36.69389],[-3.48267,36.69727],[-3.52587,36.72413],[-3.5537,36.71495],[-3.60201,36.74464],[-3.65772,36.74656],[-3.7275,36.71918],[-3.74983,36.73801],[-3.76759,36.72923],[-3.83548,36.75404],[-3.95719,36.72609],[-4.06686,36.74876],[-4.10847,36.72534],[-4.18078,36.71468],[-4.39375,36.72234],[-4.4153,36.70699],[-4.41381,36.7184],[-4.51165,36.59314],[-4.60281,36.56296],[-4.63825,36.50703],[-4.74054,36.48263],[-4.91315,36.50539],[-5.0049,36.45974],[-5.08098,36.45056],[-5.17694,36.41427],[-5.21941,36.37628],[-5.24607,36.31224],[-5.31665,36.22987],[-5.33865,36.15346],[-5.36503,36.15501],[-5.35215,36.15621],[-5.38443,36.17991],[-5.42687,36.17562],[-5.44728,36.14028],[-5.44312,36.12873],[-5.43591,36.14071],[-5.4436,36.12744],[-5.44045,36.12401],[-5.43001,36.14075],[-5.44356,36.08987],[-5.42934,36.07115],[-5.61025,36.0001],[-5.6525,36.05316],[-5.68929,36.06736],[-5.72382,36.06006],[-5.77634,36.08776],[-5.79724,36.07827],[-5.9149,36.18477],[-6.03428,36.18101],[-6.10276,36.28411],[-6.143,36.29656],[-6.18221,36.36857],[-6.21875,36.39255],[-6.28901,36.52367],[-6.3096,36.5286],[-6.30505,36.53674],[-6.2905,36.53771],[-6.28729,36.54284],[-6.27936,36.543],[-6.29229,36.53287],[-6.27684,36.54074],[-6.26863,36.532],[-6.28193,36.52748],[-6.25643,36.50782],[-6.2576,36.47311],[-6.22984,36.4626],[-6.17317,36.52131],[-6.20053,36.52873],[-6.20787,36.50958],[-6.24206,36.50619],[-6.25797,36.52919],[-6.22912,36.52507],[-6.23282,36.58492],[-6.24938,36.57228],[-6.23822,36.58448],[-6.26593,36.57983],[-6.29982,36.61786],[-6.3201,36.61197],[-6.31124,36.61784],[-6.33014,36.62437],[-6.32617,36.61038],[-6.34269,36.62605],[-6.359,36.61464],[-6.39451,36.63381],[-6.44268,36.73825],[-6.3424,36.79461],[-6.39719,36.80728],[-6.44926,36.90779],[-6.52188,36.97716],[-6.91633,37.17616],[-6.91585,37.16335],[-6.84937,37.1274],[-6.83943,37.11902],[-6.83214,37.108],[-6.92412,37.16485],[-7.04365,37.20746],[-7.27089,37.20178],[-7.37635,37.17124],[-7.40625,37.18102],[-7.43378,37.24969],[-7.42194,37.27417],[-7.44214,37.31085],[-7.44023,37.3903],[-7.4628,37.40979],[-7.44557,37.41926],[-7.46377,37.48691],[-7.51149,37.52444],[-7.52285,37.5534],[-7.50675,37.55751],[-7.50385,37.60446],[-7.48904,37.60364],[-7.44415,37.66473],[-7.4525,37.67812],[-7.42111,37.75912],[-7.32413,37.81577],[-7.28346,37.86908],[-7.2485,37.95448],[-7.26319,37.97985],[-7.20222,38.00348],[-7.13285,37.99995],[-7.1207,38.00521],[-7.12813,38.02987],[-7.09878,38.04384],[-7.0593,38.01744],[-7.0024,38.02266],[-6.98736,38.1039],[-6.95211,38.15278],[-6.96888,38.16619],[-6.93166,38.20832],[-6.84843,38.17724],[-6.79509,38.17854],[-6.81581,38.12014],[-6.77005,38.11211],[-6.75822,38.09271],[-6.6221,38.09701],[-6.58053,38.05277],[-6.58233,38.02085],[-6.54569,38.02812],[-6.47656,38.00783],[-6.44361,38.04696],[-6.45244,38.05596],[-6.4139,38.05856],[-6.36725,38.04892],[-6.35271,38.0074],[-6.30362,37.97834],[-6.20152,37.96206],[-6.18024,37.94103],[-6.11531,37.98177],[-5.95369,37.99535],[-5.93422,38.04688],[-5.90898,38.06285],[-5.92638,38.10501],[-5.88066,38.13228],[-5.87738,38.15572],[-5.85152,38.17191],[-5.75728,38.18056],[-5.72816,38.19742],[-5.69473,38.18652],[-5.68424,38.15706],[-5.70579,38.16938],[-5.69471,38.15035],[-5.74074,38.12654],[-5.7349,38.08626],[-5.71043,38.08105],[-5.6325,38.13856],[-5.58479,38.13171],[-5.57586,38.14964],[-5.53967,38.16069],[-5.5225,38.2384],[-5.55123,38.31098],[-5.57565,38.32911],[-5.55925,38.36689],[-5.58507,38.38584],[-5.56892,38.43259],[-5.51921,38.46347],[-5.48445,38.46339],[-5.47949,38.48468],[-5.41862,38.51273],[-5.40693,38.5437],[-5.38317,38.54048],[-5.39272,38.55348],[-5.37175,38.58357],[-5.30851,38.57762],[-5.29224,38.61081],[-5.22377,38.65671],[-5.21474,38.64857],[-5.20848,38.6677],[-5.18423,38.65973],[-5.18576,38.67417],[-5.16732,38.68047],[-5.1845,38.7197],[-5.09919,38.70765],[-5.03541,38.72619]],[[-6.46916,36.73804],[-6.46831,36.73707],[-6.4685,36.73225],[-6.47205,36.73725],[-6.46916,36.73804]],[[-6.22078,36.38114],[-6.21979,36.37895],[-6.22127,36.38026],[-6.22534,36.39618],[-6.22078,36.38114]],[[-3.03454,35.9381],[-3.03749,35.93894],[-3.03108,35.94143],[-3.03369,35.93985],[-3.03454,35.9381]],[[-6.31543,36.52864],[-6.31278,36.52821],[-6.31232,36.52783],[-6.31779,36.52787],[-6.31543,36.52864]],[[-6.21921,36.38602],[-6.21912,36.38454],[-6.21893,36.3838],[-6.22033,36.38698],[-6.21921,36.38602]],[[-1.88571,36.99326],[-1.88527,36.99299],[-1.88505,36.99206],[-1.8863,36.9925],[-1.88571,36.99326]],[[-1.65136,37.34705],[-1.6518,37.34683],[-1.65301,37.34705],[-1.65216,37.34781],[-1.65136,37.34705]],[[-6.22089,36.38733],[-6.2213,36.38725],[-6.22149,36.39005],[-6.2207,36.38798],[-6.22089,36.38733]],[[-6.21582,36.38244],[-6.21634,36.38248],[-6.21544,36.38396],[-6.2148,36.38321],[-6.21582,36.38244]],[[-5.29309,36.2455],[-5.29503,36.24527],[-5.29542,36.24553],[-5.29428,36.24599],[-5.29309,36.2455]],[[-1.64784,37.35982],[-1.64831,37.35933],[-1.64908,37.35933],[-1.64896,37.35974],[-1.64784,37.35982]],[[-6.00792,36.18142],[-6.00925,36.18149],[-6.00891,36.1816],[-6.00792,36.18142]],[[-5.84083,43.66062],[-5.83002,43.64012],[-5.7831,43.6313],[-5.79097,43.6142],[-5.75558,43.58337],[-5.71197,43.56862],[-5.67611,43.57098],[-5.70126,43.56615],[-5.67916,43.54124],[-5.61756,43.55902],[-5.49378,43.54402],[-5.41325,43.55487],[-5.38822,43.52974],[-5.2954,43.53516],[-5.21623,43.4749],[-5.12352,43.48461],[-5.03704,43.46068],[-4.9829,43.45493],[-4.92607,43.46239],[-4.69931,43.40479],[-4.68087,43.40923],[-4.56744,43.39202],[-4.51873,43.39581],[-4.51084,43.37991],[-4.53444,43.36834],[-4.53946,43.34396],[-4.52235,43.33578],[-4.52171,43.28063],[-4.54777,43.26869],[-4.55524,43.2881],[-4.60655,43.30055],[-4.63188,43.26765],[-4.73094,43.25734],[-4.71968,43.23582],[-4.74581,43.18412],[-4.84102,43.18078],[-4.87124,43.22813],[-4.91143,43.23736],[-4.96392,43.21244],[-4.99686,43.1731],[-5.07586,43.18153],[-5.10173,43.10185],[-5.1478,43.11512],[-5.2166,43.08449],[-5.28212,43.07743],[-5.36914,43.09458],[-5.39045,43.04934],[-5.47852,43.05491],[-5.49375,43.02135],[-5.57014,43.02273],[-5.69335,43.05648],[-5.72838,43.04251],[-5.76386,42.97013],[-5.80401,42.96262],[-5.91462,42.9927],[-5.95674,43.01859],[-5.97503,43.06542],[-6.02021,43.05488],[-6.08188,43.07572],[-6.09596,43.03128],[-6.13667,43.02099],[-6.1784,43.0478],[-6.21556,43.0472],[-6.22681,43.00891],[-6.28519,43.03637],[-6.32649,43.03133],[-6.35909,43.05958],[-6.39705,43.03832],[-6.39435,43.01661],[-6.41111,43.01693],[-6.40758,42.99949],[-6.42408,42.98788],[-6.47814,42.99121],[-6.47301,42.96775],[-6.43364,42.96416],[-6.4331,42.93976],[-6.54123,42.91251],[-6.63878,42.92546],[-6.72266,42.91749],[-6.77285,42.88254],[-6.77067,42.89862],[-6.8358,42.91635],[-6.83609,42.95776],[-6.87107,42.98858],[-6.91032,42.99014],[-6.9571,43.03678],[-6.96196,42.99072],[-6.99717,43.01948],[-6.98191,43.04137],[-6.96464,43.03467],[-6.96859,43.05722],[-6.93869,43.08651],[-6.91559,43.07342],[-6.8276,43.12319],[-6.82155,43.14324],[-6.83891,43.16614],[-6.87171,43.17987],[-6.86825,43.19002],[-6.8854,43.1568],[-6.95736,43.13548],[-6.98077,43.16655],[-6.9649,43.18755],[-6.97102,43.20425],[-7.00144,43.20728],[-7.00958,43.22288],[-7.02005,43.21324],[-7.06159,43.24405],[-7.07151,43.27122],[-7.05978,43.30534],[-7.10093,43.30381],[-7.13121,43.33135],[-7.12753,43.3726],[-7.18249,43.39246],[-7.16855,43.40359],[-7.17299,43.43041],[-7.10166,43.42748],[-7.08915,43.45512],[-7.04827,43.47708],[-7.04718,43.50899],[-7.02322,43.55958],[-7.01732,43.55594],[-7.00597,43.55502],[-7.00318,43.55743],[-7.00018,43.55412],[-6.97406,43.55675],[-6.92538,43.57499],[-6.91025,43.56645],[-6.87626,43.56241],[-6.82831,43.56638],[-6.81109,43.55446],[-6.78496,43.556],[-6.76695,43.56879],[-6.75856,43.56133],[-6.73347,43.56446],[-6.72205,43.55598],[-6.7095,43.56411],[-6.68475,43.55866],[-6.62631,43.57291],[-6.59848,43.55403],[-6.5333,43.54523],[-6.4745,43.55026],[-6.47023,43.57116],[-6.44549,43.56275],[-6.44503,43.56116],[-6.44445,43.56103],[-6.44461,43.56021],[-6.44389,43.55954],[-6.44266,43.55902],[-6.43907,43.55891],[-6.43883,43.55614],[-6.42975,43.55276],[-6.35577,43.55115],[-6.30364,43.56337],[-6.29575,43.56664],[-6.29882,43.5693],[-6.29706,43.57116],[-6.29636,43.56955],[-6.28543,43.56997],[-6.26774,43.57898],[-6.25595,43.57779],[-6.24451,43.59518],[-6.20306,43.57291],[-6.18821,43.57954],[-6.18637,43.5639],[-6.15447,43.57073],[-6.15424,43.56835],[-6.15115,43.5697],[-6.14743,43.5675],[-6.14736,43.56368],[-6.11299,43.55543],[-6.09251,43.55832],[-6.07819,43.56466],[-6.07908,43.56785],[-6.07737,43.57041],[-6.07793,43.5643],[-6.06603,43.5659],[-6.01727,43.58826],[-5.9971,43.57412],[-5.95633,43.57976],[-5.91499,43.60803],[-5.91478,43.62371],[-5.88725,43.62322],[-5.86667,43.63132],[-5.84083,43.66062]],[[-5.59043,43.54901],[-5.59126,43.54981],[-5.59167,43.54987],[-5.59125,43.54888],[-5.59043,43.54901]],[[-6.03088,43.59203],[-6.03171,43.58919],[-6.03477,43.58886],[-6.03353,43.59144],[-6.03088,43.59203]],[[-4.78823,43.43539],[-4.78933,43.43295],[-4.79135,43.43392],[-4.79123,43.43543],[-4.78823,43.43539]],[[-4.57432,43.39884],[-4.57405,43.39783],[-4.57647,43.39797],[-4.57537,43.40012],[-4.57432,43.39884]],[[-5.86313,43.6638],[-5.8636,43.66179],[-5.86598,43.66332],[-5.8636,43.66454],[-5.86313,43.6638]],[[-4.81063,43.43858],[-4.80851,43.43845],[-4.80836,43.43769],[-4.81117,43.43725],[-4.81063,43.43858]],[[-6.98522,43.56116],[-6.98605,43.55972],[-6.98776,43.55951],[-6.9871,43.56114],[-6.98522,43.56116]],[[-6.75334,43.56635],[-6.75223,43.56751],[-6.75136,43.56722],[-6.75232,43.56469],[-6.75334,43.56635]],[[-6.9873,43.55894],[-6.98745,43.55795],[-6.98948,43.55837],[-6.98896,43.55925],[-6.9873,43.55894]],[[-6.65875,43.56885],[-6.65964,43.56766],[-6.66134,43.56877],[-6.65931,43.56941],[-6.65875,43.56885]],[[-6.29306,43.57207],[-6.29227,43.5719],[-6.29503,43.57182],[-6.29259,43.57281],[-6.29306,43.57207]],[[-6.19192,43.58061],[-6.19349,43.58087],[-6.19304,43.58194],[-6.19175,43.58209],[-6.19192,43.58061]],[[-4.73026,43.41864],[-4.73048,43.41717],[-4.73161,43.4175],[-4.7316,43.41848],[-4.73026,43.41864]],[[-6.41653,43.5606],[-6.41764,43.55898],[-6.41871,43.55989],[-6.41731,43.5608],[-6.41653,43.5606]],[[-6.87416,43.56743],[-6.87305,43.56696],[-6.87434,43.56586],[-6.87492,43.56663],[-6.87416,43.56743]],[[-4.8232,43.43714],[-4.82382,43.43839],[-4.82249,43.43874],[-4.82195,43.43827],[-4.8232,43.43714]],[[-4.82491,43.4384],[-4.82687,43.43759],[-4.82733,43.43818],[-4.82665,43.43891],[-4.82491,43.4384]],[[-6.09607,43.55911],[-6.09695,43.55935],[-6.09598,43.56087],[-6.09523,43.56039],[-6.09607,43.55911]],[[-6.24389,43.5963],[-6.24273,43.5962],[-6.2431,43.5952],[-6.24462,43.59548],[-6.24389,43.5963]],[[-5.76544,43.60557],[-5.76678,43.6055],[-5.76774,43.60724],[-5.76665,43.60625],[-5.76544,43.60557]],[[-4.77535,43.43275],[-4.77636,43.43277],[-4.77663,43.43301],[-4.77524,43.43386],[-4.77535,43.43275]],[[-4.70837,43.41577],[-4.70867,43.41498],[-4.71022,43.41495],[-4.70945,43.41549],[-4.70837,43.41577]],[[-4.79631,43.43345],[-4.79778,43.43414],[-4.79808,43.43453],[-4.79634,43.43432],[-4.79631,43.43345]],[[-6.22694,43.59147],[-6.2263,43.59088],[-6.22674,43.58993],[-6.22738,43.59112],[-6.22694,43.59147]],[[-6.94912,43.56984],[-6.95011,43.56968],[-6.9506,43.57069],[-6.94986,43.57067],[-6.94912,43.56984]],[[-6.8709,43.56915],[-6.87019,43.56917],[-6.87073,43.56808],[-6.87135,43.56831],[-6.8709,43.56915]],[[-6.06866,43.56754],[-6.07413,43.56885],[-6.07436,43.56904],[-6.0696,43.56794],[-6.06866,43.56754]],[[-6.23163,43.59143],[-6.23251,43.59165],[-6.23205,43.59274],[-6.23136,43.59239],[-6.23163,43.59143]],[[-5.85547,43.65676],[-5.8563,43.65771],[-5.85579,43.65831],[-5.85538,43.65752],[-5.85547,43.65676]],[[-6.76546,43.56988],[-6.76487,43.56993],[-6.76454,43.56929],[-6.7657,43.56923],[-6.76546,43.56988]],[[-6.89075,43.57056],[-6.89121,43.57018],[-6.88987,43.57172],[-6.88993,43.57109],[-6.89075,43.57056]],[[-6.7664,43.57368],[-6.76798,43.57434],[-6.76822,43.57471],[-6.7662,43.5739],[-6.7664,43.57368]],[[-6.46141,43.57039],[-6.4618,43.56973],[-6.46243,43.57018],[-6.46173,43.57063],[-6.46141,43.57039]],[[-4.73737,43.41674],[-4.73803,43.41707],[-4.73837,43.41783],[-4.73771,43.41795],[-4.73737,43.41674]],[[-6.32059,43.56441],[-6.32068,43.56357],[-6.32143,43.56379],[-6.32081,43.56488],[-6.32059,43.56441]],[[-6.38003,43.55854],[-6.37988,43.55777],[-6.38068,43.55761],[-6.38077,43.55861],[-6.38003,43.55854]],[[-7.01912,43.55965],[-7.01843,43.55902],[-7.02013,43.55911],[-7.0196,43.55962],[-7.01912,43.55965]],[[-6.8731,43.56548],[-6.87389,43.5656],[-6.87308,43.56647],[-6.87284,43.56579],[-6.8731,43.56548]],[[-4.85898,43.44588],[-4.85994,43.44607],[-4.86012,43.44633],[-4.85938,43.44657],[-4.85898,43.44588]],[[-6.30763,43.5686],[-6.3084,43.56928],[-6.30846,43.56975],[-6.30765,43.56925],[-6.30763,43.5686]],[[-6.94707,43.5738],[-6.94769,43.57414],[-6.94686,43.57486],[-6.94675,43.57407],[-6.94707,43.5738]],[[-6.95748,43.5652],[-6.95751,43.56468],[-6.95848,43.56464],[-6.95809,43.56513],[-6.95748,43.5652]],[[-6.87524,43.56675],[-6.87575,43.56705],[-6.87452,43.5679],[-6.87449,43.56761],[-6.87524,43.56675]],[[-6.03223,43.59277],[-6.03261,43.59171],[-6.03323,43.5917],[-6.03266,43.59261],[-6.03223,43.59277]],[[-4.72926,43.41654],[-4.72915,43.41709],[-4.72821,43.41704],[-4.72857,43.41662],[-4.72926,43.41654]],[[-6.27192,43.58368],[-6.27113,43.58377],[-6.27261,43.58342],[-6.27192,43.58368]],[[-6.28026,43.57527],[-6.28078,43.57483],[-6.28128,43.57494],[-6.28054,43.57565],[-6.28026,43.57527]],[[-6.51316,43.55248],[-6.51385,43.55195],[-6.51414,43.55211],[-6.51282,43.55285],[-6.51316,43.55248]],[[-6.4097,43.5581],[-6.41099,43.55824],[-6.40936,43.55837],[-6.4097,43.5581]],[[-4.7289,43.41742],[-4.72964,43.41729],[-4.73003,43.4174],[-4.72938,43.41779],[-4.7289,43.41742]],[[-4.62324,43.40221],[-4.62336,43.40209],[-4.62464,43.4023],[-4.624,43.40251],[-4.62324,43.40221]],[[-6.30241,43.5658],[-6.30274,43.5659],[-6.30169,43.5663],[-6.30182,43.566],[-6.30241,43.5658]],[[-6.40069,43.55824],[-6.40101,43.55833],[-6.39992,43.55897],[-6.39996,43.55879],[-6.40069,43.55824]],[[-6.47251,43.57112],[-6.47184,43.57097],[-6.47291,43.57102],[-6.47251,43.57112]],[[-6.50801,43.55073],[-6.50771,43.55132],[-6.50699,43.55149],[-6.50801,43.55073]],[[-6.49933,43.55184],[-6.49978,43.5515],[-6.50039,43.55146],[-6.49981,43.55198],[-6.49933,43.55184]],[[-5.77949,43.61301],[-5.77994,43.61305],[-5.78078,43.61366],[-5.78065,43.61371],[-5.77949,43.61301]],[[-6.44464,43.56336],[-6.44485,43.56334],[-6.44376,43.56414],[-6.44464,43.56336]],[[-4.76277,43.42586],[-4.76344,43.42577],[-4.76391,43.42594],[-4.76277,43.42586]],[[-4.78271,43.43336],[-4.78244,43.43316],[-4.78351,43.43329],[-4.78271,43.43336]],[[-0.16496,40.78863],[-0.14453,40.78544],[-0.12684,40.75332],[-0.0647,40.72741],[0.01574,40.72843],[0.02644,40.69495],[0.04218,40.69101],[0.1125,40.72714],[0.14392,40.71825],[0.22612,40.73316],[0.23652,40.70168],[0.26243,40.70585],[0.29184,40.68855],[0.26783,40.659],[0.27883,40.63006],[0.40196,40.60238],[0.44394,40.57822],[0.43796,40.54706],[0.5147,40.52305],[0.4778,40.45874],[0.41783,40.40059],[0.40845,40.35735],[0.27836,40.24415],[0.26401,40.20855],[0.19366,40.17375],[0.14755,40.08292],[0.04806,40.03344],[-0.00516,39.91517],[-0.1208,39.81478],[-0.19022,39.71997],[-0.20815,39.6433],[-0.21573,39.65512],[-0.25433,39.62082],[-0.31572,39.52387],[-0.32126,39.4634],[-0.30197,39.44931],[-0.30221,39.43393],[-0.30382,39.44702],[-0.30749,39.44711],[-0.31044,39.44209],[-0.31337,39.44181],[-0.30803,39.45024],[-0.33135,39.4598],[-0.31662,39.44334],[-0.32829,39.44443],[-0.33443,39.43366],[-0.31009,39.42809],[-0.33572,39.42469],[-0.31329,39.35374],[-0.21628,39.18634],[-0.23946,39.17432],[-0.23634,39.13641],[-0.18953,39.04273],[-0.14429,38.99528],[-0.15629,38.99811],[-0.16114,38.99237],[-0.14678,38.99443],[-0.10707,38.94211],[-0.01976,38.87459],[0.1258,38.8486],[0.1095,38.84553],[0.197,38.80447],[0.18206,38.79385],[0.19024,38.77347],[0.22477,38.76428],[0.22165,38.75825],[0.224,38.74896],[0.23399,38.73711],[0.18241,38.72078],[0.14861,38.67926],[0.09846,38.67284],[0.07359,38.6447],[0.08386,38.63103],[0.05137,38.64131],[0.03055,38.62592],[-0.01588,38.62666],[-0.06174,38.58205],[-0.04958,38.56219],[-0.09756,38.52347],[-0.14982,38.53565],[-0.17203,38.51625],[-0.31217,38.47743],[-0.38665,38.43142],[-0.40542,38.39853],[-0.40384,38.35248],[-0.44426,38.36325],[-0.48954,38.32797],[-0.47845,38.33741],[-0.48035,38.34349],[-0.5057,38.33255],[-0.51993,38.29757],[-0.50972,38.20254],[-0.61481,38.17271],[-0.63874,38.12953],[-0.6557,37.9832],[-0.69674,37.96947],[-0.71982,37.91138],[-0.75002,37.89836],[-0.76239,37.84695],[-0.78171,37.84481],[-0.83191,37.86513],[-0.90018,37.92313],[-1.0226,38.07569],[-1.03676,38.13772],[-0.98855,38.19953],[-0.96768,38.27564],[-0.98915,38.32088],[-1.08438,38.34622],[-1.08806,38.36777],[-1.07721,38.43147],[-1.09416,38.43793],[-1.01364,38.49673],[-1.02606,38.52282],[-1.00157,38.57267],[-1.02693,38.65552],[-0.96247,38.65693],[-0.91579,38.69597],[-0.96143,38.77479],[-0.92894,38.78383],[-0.92454,38.89175],[-0.95652,38.92012],[-0.95941,38.94458],[-1.14665,38.92935],[-1.22654,39.02467],[-1.2639,39.04509],[-1.25572,39.10617],[-1.18083,39.21182],[-1.16189,39.30542],[-1.20791,39.32624],[-1.22333,39.31611],[-1.31274,39.34317],[-1.33664,39.334],[-1.41468,39.3803],[-1.42603,39.36276],[-1.43229,39.37758],[-1.4551,39.36085],[-1.44879,39.37819],[-1.46819,39.38333],[-1.45288,39.38374],[-1.45274,39.39867],[-1.4733,39.39115],[-1.47057,39.40751],[-1.48881,39.40165],[-1.48325,39.42246],[-1.49899,39.41536],[-1.49665,39.42932],[-1.52172,39.43268],[-1.52887,39.45527],[-1.51339,39.45827],[-1.51245,39.49627],[-1.49915,39.50045],[-1.5026,39.54562],[-1.52066,39.54997],[-1.46208,39.57662],[-1.41793,39.65494],[-1.36853,39.68962],[-1.31283,39.67048],[-1.2679,39.69115],[-1.27541,39.73864],[-1.215,39.80877],[-1.20004,39.85871],[-1.20362,39.94957],[-1.14239,39.97184],[-1.12175,39.96085],[-1.10502,39.97498],[-0.98938,39.98183],[-0.9185,39.96267],[-0.90266,39.93185],[-0.91279,39.87305],[-0.88857,39.85211],[-0.86355,39.84741],[-0.79769,39.88107],[-0.84042,39.92495],[-0.83779,39.97681],[-0.77765,39.99841],[-0.75362,40.04661],[-0.68294,40.04422],[-0.62722,40.0762],[-0.61359,40.07001],[-0.62853,40.10258],[-0.57864,40.13734],[-0.54419,40.25166],[-0.49451,40.22873],[-0.42807,40.2438],[-0.38363,40.26485],[-0.40041,40.29485],[-0.38864,40.30694],[-0.36627,40.30505],[-0.34062,40.33999],[-0.28203,40.36529],[-0.28524,40.38632],[-0.34735,40.44394],[-0.27264,40.47376],[-0.27764,40.50153],[-0.30184,40.5154],[-0.29329,40.61104],[-0.37048,40.61359],[-0.38113,40.66423],[-0.32882,40.68028],[-0.307,40.6595],[-0.23599,40.69111],[-0.22403,40.75416],[-0.19718,40.78446],[-0.16496,40.78863]],[[-1.29652,40.21075],[-1.28434,40.1715],[-1.2443,40.14597],[-1.24459,40.1158],[-1.14803,40.1145],[-1.07177,40.05111],[-1.13408,40.01575],[-1.24683,39.99518],[-1.37686,40.0165],[-1.42029,40.09351],[-1.4076,40.1014],[-1.45723,40.13506],[-1.44886,40.14534],[-1.3546,40.12947],[-1.31659,40.14966],[-1.32299,40.18486],[-1.29652,40.21075]],[[-0.4802,38.16696],[-0.47203,38.16647],[-0.46489,38.16323],[-0.48434,38.16642],[-0.4802,38.16696]],[[0.68762,39.90063],[0.68447,39.89684],[0.68617,39.89344],[0.68373,39.89729],[0.68762,39.90063]],[[0.22941,38.7569],[0.23157,38.75638],[0.23013,38.75348],[0.22804,38.75418],[0.22941,38.7569]],[[-0.12977,38.50346],[-0.12903,38.5012],[-0.13302,38.50216],[-0.13127,38.50406],[-0.12977,38.50346]],[[0.21863,38.72623],[0.21813,38.72622],[0.21507,38.72741],[0.21628,38.7277],[0.21863,38.72623]],[[0.67125,39.87598],[0.67244,39.87537],[0.67181,39.87425],[0.67053,39.8748],[0.67125,39.87598]],[[0.66951,39.89052],[0.66819,39.89128],[0.66807,39.89198],[0.66901,39.89197],[0.66951,39.89052]],[[-0.48641,38.16696],[-0.48512,38.1667],[-0.48458,38.16636],[-0.48633,38.16624],[-0.48641,38.16696]],[[-0.07199,38.53731],[-0.07258,38.53634],[-0.07344,38.53662],[-0.07295,38.53714],[-0.07199,38.53731]],[[-0.47439,38.16176],[-0.47359,38.16136],[-0.47369,38.16103],[-0.47472,38.16113],[-0.47439,38.16176]],[[-2.95058,35.26546],[-2.97032,35.28865],[-2.95262,35.32029],[-2.92329,35.29019],[-2.95058,35.26546]],[[-1.6523,43.31024],[-1.62446,43.30577],[-1.63002,43.28504],[-1.60871,43.25199],[-1.57566,43.24994],[-1.55636,43.27938],[-1.56408,43.28878],[-1.53553,43.29493],[-1.43783,43.26686],[-1.41365,43.27367],[-1.38432,43.25367],[-1.38141,43.18968],[-1.40223,43.1779],[-1.41408,43.1283],[-1.47341,43.08664],[-1.44121,43.04635],[-1.35417,43.02812],[-1.33257,43.10762],[-1.27004,43.11826],[-1.30897,43.07117],[-1.26274,43.04402],[-1.21259,43.05169],[-1.1456,43.02582],[-1.14186,43.00737],[-1.11468,43.02393],[-1.08127,43.00064],[-1.01212,42.99258],[-0.9451,42.95345],[-0.90851,42.96448],[-0.80958,42.95137],[-0.75593,42.96805],[-0.72395,42.92236],[-0.78321,42.92173],[-0.81909,42.90067],[-0.81853,42.86937],[-0.85683,42.84689],[-0.86001,42.79856],[-0.84753,42.78592],[-0.86555,42.76285],[-0.90053,42.76047],[-0.9005,42.74309],[-0.92298,42.744],[-0.94868,42.71145],[-1.02798,42.70006],[-1.03681,42.65164],[-1.05193,42.64259],[-1.15205,42.64788],[-1.15712,42.61089],[-1.17977,42.61062],[-1.15803,42.59915],[-1.20192,42.57824],[-1.20279,42.54966],[-1.27071,42.54894],[-1.29348,42.51096],[-1.27278,42.4819],[-1.34151,42.42394],[-1.3599,42.37804],[-1.32908,42.35539],[-1.39908,42.2913],[-1.39137,42.27212],[-1.41753,42.21237],[-1.39191,42.18142],[-1.39888,42.12622],[-1.36676,42.10696],[-1.35228,42.07307],[-1.31059,42.07231],[-1.30482,42.04295],[-1.41824,41.91358],[-1.4776,41.92491],[-1.55926,41.91394],[-1.65415,41.96535],[-1.71522,41.95696],[-1.7669,41.99579],[-1.8337,41.99507],[-1.90158,42.02968],[-1.9023,42.07386],[-1.83242,42.14823],[-1.779,42.13771],[-1.73974,42.14974],[-1.71989,42.13344],[-1.67966,42.15169],[-1.7009,42.17312],[-1.67953,42.19114],[-1.70424,42.19203],[-1.72534,42.21454],[-1.80233,42.22343],[-1.84979,42.25925],[-1.87228,42.25267],[-1.87066,42.28897],[-1.91382,42.30011],[-1.91851,42.32697],[-1.96452,42.33382],[-1.99552,42.36361],[-2.08996,42.34697],[-2.07864,42.36813],[-2.11551,42.39908],[-2.1119,42.41996],[-2.17504,42.40777],[-2.27448,42.44547],[-2.28801,42.46736],[-2.29872,42.45741],[-2.32999,42.4688],[-2.34504,42.4513],[-2.35224,42.46563],[-2.40017,42.47179],[-2.42375,42.50963],[-2.3922,42.51695],[-2.39675,42.5991],[-2.42112,42.60712],[-2.45324,42.56711],[-2.4622,42.58739],[-2.49063,42.58536],[-2.49931,42.61048],[-2.4158,42.66268],[-2.37626,42.65071],[-2.38195,42.6343],[-2.28848,42.65507],[-2.29358,42.67794],[-2.31686,42.6825],[-2.32401,42.72377],[-2.31685,42.73935],[-2.26217,42.74846],[-2.28101,42.78513],[-2.23371,42.84051],[-2.25307,42.89277],[-2.23776,42.896],[-2.23557,42.92661],[-2.21026,42.94991],[-2.18096,42.93513],[-2.11763,42.94225],[-2.09524,42.97255],[-2.03834,42.98099],[-2.02831,42.99884],[-2.04139,43.0297],[-2.02044,43.04673],[-2.02282,43.06519],[-1.94752,43.09753],[-1.90195,43.13585],[-1.92069,43.15063],[-1.91415,43.22517],[-1.88191,43.20679],[-1.88093,43.22878],[-1.86769,43.2305],[-1.86057,43.21209],[-1.79497,43.24693],[-1.78324,43.28682],[-1.6523,43.31024]],[[-1.09623,42.48567],[-1.05436,42.4488],[-1.05645,42.43432],[-1.12936,42.44672],[-1.09623,42.48567]],[[-1.14859,42.44104],[-1.15836,42.41002],[-1.1878,42.40303],[-1.18283,42.42459],[-1.14859,42.44104]],[[-7.68131,43.78727],[-7.66231,43.77481],[-7.70135,43.73561],[-7.6831,43.73002],[-7.67314,43.74642],[-7.63639,43.75297],[-7.62959,43.72213],[-7.60609,43.71777],[-7.61437,43.68127],[-7.5988,43.66343],[-7.60067,43.68179],[-7.57628,43.693],[-7.5845,43.71184],[-7.56043,43.71024],[-7.55707,43.72996],[-7.52399,43.73678],[-7.51453,43.71893],[-7.46824,43.72421],[-7.45911,43.71652],[-7.47841,43.70879],[-7.45986,43.71275],[-7.44894,43.69265],[-7.43643,43.7011],[-7.3571,43.67121],[-7.2944,43.59234],[-7.24553,43.57517],[-7.2711,43.56258],[-7.2558,43.54691],[-7.2361,43.56915],[-7.03451,43.55],[-7.04827,43.47708],[-7.08915,43.45512],[-7.10166,43.42748],[-7.17299,43.43041],[-7.16855,43.40359],[-7.18249,43.39246],[-7.12753,43.3726],[-7.13121,43.33135],[-7.10093,43.30381],[-7.05978,43.30534],[-7.07151,43.27122],[-7.06159,43.24405],[-7.02005,43.21324],[-7.00958,43.22288],[-7.00144,43.20728],[-6.97102,43.20425],[-6.9649,43.18755],[-6.98077,43.16655],[-6.95736,43.13548],[-6.8854,43.1568],[-6.86825,43.19002],[-6.82155,43.14324],[-6.87135,43.09121],[-6.91559,43.07342],[-6.93869,43.08651],[-6.96859,43.05722],[-6.96464,43.03467],[-6.98191,43.04137],[-6.99717,43.01948],[-6.96196,42.99072],[-6.9571,43.03678],[-6.91032,42.99014],[-6.8643,42.98348],[-6.83609,42.95776],[-6.84187,42.9282],[-6.82419,42.91506],[-6.84799,42.91433],[-6.81489,42.87082],[-6.83374,42.88206],[-6.87128,42.87384],[-6.84032,42.82337],[-6.86743,42.78717],[-6.9356,42.74086],[-6.95948,42.75503],[-6.97288,42.72501],[-7.01089,42.72366],[-7.04519,42.69477],[-7.00436,42.64287],[-7.047,42.6327],[-7.05017,42.59731],[-7.03356,42.58409],[-7.06967,42.55395],[-7.05985,42.52932],[-7.07705,42.50819],[-6.97854,42.49325],[-6.96009,42.51776],[-6.9322,42.52054],[-6.86006,42.48876],[-6.82278,42.49086],[-6.80831,42.46861],[-6.82277,42.45291],[-6.81427,42.42735],[-6.84231,42.40362],[-6.73395,42.35911],[-6.74115,42.29866],[-6.767,42.25746],[-6.80317,42.23867],[-6.78714,42.21572],[-6.8436,42.2283],[-6.87824,42.21952],[-6.90108,42.18962],[-6.94279,42.17334],[-6.94455,42.14168],[-6.98982,42.12131],[-7.00269,42.08417],[-7.03358,42.07424],[-7.01183,42.05242],[-6.97479,42.05516],[-6.9611,42.02791],[-7.00623,41.95051],[-7.07351,41.95031],[-7.08756,41.97391],[-7.14057,41.99083],[-7.17711,41.98003],[-7.18992,41.94176],[-7.1735,41.91954],[-7.19729,41.88006],[-7.31581,41.84284],[-7.36727,41.85168],[-7.42729,41.80748],[-7.42564,41.83106],[-7.4528,41.86514],[-7.50214,41.86963],[-7.52108,41.84192],[-7.61359,41.82928],[-7.58627,41.88203],[-7.65385,41.88137],[-7.70116,41.90805],[-7.84498,41.88153],[-7.84561,41.86394],[-7.87648,41.84947],[-7.89193,41.85993],[-7.89267,41.92726],[-7.90897,41.92288],[-7.92097,41.87902],[-7.98086,41.87237],[-8.01326,41.82882],[-8.09387,41.80895],[-8.16511,41.81827],[-8.1706,41.87905],[-8.19972,41.87402],[-8.21702,41.91363],[-8.16348,41.98271],[-8.08773,42.01471],[-8.08284,42.03607],[-8.09689,42.07181],[-8.11852,42.08211],[-8.18232,42.06686],[-8.19904,42.15441],[-8.32243,42.10195],[-8.3319,42.0842],[-8.52355,42.07845],[-8.55674,42.0514],[-8.63704,42.04707],[-8.6635,42.00221],[-8.74412,41.96526],[-8.75536,41.93482],[-8.87158,41.86633],[-8.87576,41.8741],[-8.88193,41.88127],[-8.87416,41.89905],[-8.8881,41.93635],[-8.87683,42.00244],[-8.88978,42.02616],[-8.88396,42.03829],[-8.88595,42.05041],[-8.89675,42.06681],[-8.89159,42.08225],[-8.90068,42.11229],[-8.85164,42.12828],[-8.82604,42.11508],[-8.82013,42.14138],[-8.8502,42.15651],[-8.82251,42.15708],[-8.81595,42.18746],[-8.79704,42.19788],[-8.77942,42.20362],[-8.77782,42.21994],[-8.77523,42.22213],[-8.71274,42.24105],[-8.66119,42.28488],[-8.61086,42.28751],[-8.62373,42.30987],[-8.61212,42.3462],[-8.62882,42.35108],[-8.64498,42.33851],[-8.63625,42.32651],[-8.66017,42.31587],[-8.66023,42.29076],[-8.71201,42.27573],[-8.73148,42.28669],[-8.79256,42.24635],[-8.81385,42.25944],[-8.85519,42.26141],[-8.87302,42.24998],[-8.87395,42.25414],[-8.86856,42.25605],[-8.86253,42.26895],[-8.85585,42.3098],[-8.8316,42.27809],[-8.81687,42.27869],[-8.81844,42.31352],[-8.83916,42.33913],[-8.79113,42.32704],[-8.75501,42.33992],[-8.73686,42.37661],[-8.69675,42.39353],[-8.69799,42.40261],[-8.68666,42.40277],[-8.68496,42.40748],[-8.65636,42.4233],[-8.6536,42.42577],[-8.65193,42.42837],[-8.68116,42.42107],[-8.69518,42.43768],[-8.70359,42.42696],[-8.74139,42.41365],[-8.74874,42.40323],[-8.75726,42.40235],[-8.76167,42.3944],[-8.77039,42.39436],[-8.77471,42.38766],[-8.81332,42.40117],[-8.8389,42.38427],[-8.88094,42.41485],[-8.87119,42.43526],[-8.88338,42.45553],[-8.8973,42.46087],[-8.91326,42.46234],[-8.92852,42.45103],[-8.94167,42.46343],[-8.93608,42.46912],[-8.93732,42.47934],[-8.89083,42.48654],[-8.88984,42.48099],[-8.89111,42.49481],[-8.8843,42.49686],[-8.88192,42.49937],[-8.87162,42.50121],[-8.85551,42.47275],[-8.87274,42.46161],[-8.86943,42.44805],[-8.85593,42.45076],[-8.8481,42.46033],[-8.81964,42.45177],[-8.83089,42.48433],[-8.80532,42.5008],[-8.82629,42.51533],[-8.81641,42.52018],[-8.81347,42.52894],[-8.82892,42.51845],[-8.8255,42.53884],[-8.83635,42.55867],[-8.8186,42.55927],[-8.83487,42.56479],[-8.79517,42.58007],[-8.78529,42.59959],[-8.77221,42.59324],[-8.779,42.61415],[-8.74121,42.64901],[-8.7239,42.67802],[-8.72555,42.68762],[-8.74698,42.65079],[-8.77,42.65308],[-8.8001,42.63641],[-8.82594,42.6461],[-8.82237,42.64616],[-8.81226,42.66723],[-8.8446,42.68704],[-8.84,42.66103],[-8.85204,42.66522],[-8.8611,42.64643],[-8.83774,42.63229],[-8.85893,42.62661],[-8.85739,42.60638],[-8.88768,42.61053],[-8.87349,42.63238],[-8.89892,42.64456],[-8.93729,42.60709],[-8.91988,42.587],[-8.9883,42.56584],[-8.99591,42.52957],[-9.0428,42.51734],[-9.02973,42.54802],[-9.03926,42.56556],[-9.09142,42.57649],[-9.091,42.57805],[-9.08949,42.57739],[-9.08186,42.578],[-9.07926,42.58012],[-9.07921,42.59808],[-9.06451,42.60034],[-9.04053,42.63736],[-9.0338,42.6952],[-8.99093,42.74053],[-8.95421,42.7485],[-8.92458,42.78829],[-8.90392,42.78844],[-8.90416,42.81383],[-8.87942,42.81609],[-8.87572,42.82891],[-8.88776,42.81575],[-8.89905,42.829],[-8.90885,42.82515],[-8.90896,42.79635],[-8.93134,42.80731],[-8.96312,42.77857],[-8.97484,42.79135],[-8.97864,42.79],[-8.98159,42.77806],[-9.01784,42.78097],[-9.02017,42.80071],[-9.06388,42.78691],[-9.04789,42.76968],[-9.08943,42.73842],[-9.11576,42.75421],[-9.13457,42.7907],[-9.14059,42.7961],[-9.15105,42.79805],[-9.11218,42.81299],[-9.10819,42.8355],[-9.13824,42.84986],[-9.14562,42.8672],[-9.15022,42.87216],[-9.12548,42.90561],[-9.16077,42.91188],[-9.17278,42.9443],[-9.19099,42.9519],[-9.18905,42.91531],[-9.23317,42.94101],[-9.23328,42.92684],[-9.26296,42.91888],[-9.26976,42.88047],[-9.281,42.88952],[-9.27549,42.91027],[-9.29791,42.92317],[-9.25723,43.00238],[-9.27915,43.01231],[-9.2993,43.05633],[-9.26192,43.04858],[-9.24954,43.07146],[-9.25776,43.09069],[-9.22101,43.08843],[-9.2202,43.11399],[-9.19841,43.10398],[-9.19038,43.09008],[-9.16734,43.10522],[-9.16452,43.15271],[-9.19273,43.12209],[-9.2156,43.15153],[-9.18743,43.16103],[-9.17449,43.1916],[-9.16136,43.18327],[-9.15013,43.19537],[-9.13024,43.19834],[-9.11093,43.18592],[-9.07823,43.18123],[-9.03985,43.1962],[-9.00988,43.22459],[-9.01293,43.23344],[-8.99599,43.21627],[-8.9809,43.22935],[-8.93975,43.22687],[-8.95276,43.26347],[-8.97685,43.26199],[-8.99129,43.27474],[-8.98481,43.28231],[-8.95679,43.29374],[-8.92772,43.28198],[-8.9064,43.29419],[-8.91146,43.30304],[-8.90656,43.30608],[-8.9118,43.32092],[-8.87553,43.3125],[-8.84833,43.31956],[-8.8412,43.34528],[-8.785,43.30386],[-8.74772,43.2943],[-8.72591,43.29893],[-8.71159,43.28997],[-8.60718,43.32234],[-8.56811,43.31178],[-8.53503,43.31596],[-8.50587,43.33063],[-8.4933,43.36039],[-8.45674,43.35982],[-8.43976,43.3815],[-8.40886,43.36926],[-8.40077,43.38997],[-8.37429,43.36505],[-8.40402,43.36369],[-8.37844,43.35727],[-8.38704,43.33948],[-8.35607,43.34354],[-8.33779,43.37695],[-8.35529,43.39035],[-8.30686,43.40567],[-8.20882,43.32784],[-8.22305,43.38689],[-8.1737,43.4199],[-8.23317,43.42929],[-8.25937,43.41786],[-8.2797,43.43662],[-8.31656,43.44501],[-8.25492,43.46618],[-8.20147,43.46007],[-8.1696,43.48052],[-8.17003,43.49846],[-8.15232,43.50409],[-8.15137,43.5175],[-8.20048,43.47718],[-8.24859,43.47619],[-8.24732,43.49333],[-8.26619,43.46771],[-8.34109,43.45837],[-8.31969,43.49804],[-8.33227,43.51304],[-8.29632,43.53502],[-8.32207,43.56523],[-8.26008,43.5579],[-8.19246,43.60308],[-8.18843,43.62113],[-8.15551,43.61528],[-8.09329,43.66662],[-8.08682,43.66148],[-8.07729,43.64421],[-8.05387,43.64894],[-8.07589,43.66027],[-8.07579,43.68288],[-8.06663,43.68262],[-8.0684,43.69583],[-8.06344,43.69751],[-8.06414,43.70406],[-8.03298,43.71459],[-8.02556,43.70914],[-8.00039,43.70511],[-7.94657,43.74406],[-7.92273,43.74323],[-7.92207,43.74753],[-7.90446,43.76986],[-7.86835,43.77355],[-7.86821,43.77167],[-7.86336,43.76609],[-7.85927,43.76352],[-7.85922,43.75996],[-7.87203,43.73545],[-7.84927,43.71031],[-7.87602,43.72329],[-7.86935,43.70717],[-7.892,43.68475],[-7.87186,43.67199],[-7.90448,43.67135],[-7.84697,43.6682],[-7.86824,43.6979],[-7.86048,43.70674],[-7.83404,43.71106],[-7.83885,43.6962],[-7.81493,43.69515],[-7.82956,43.71007],[-7.81257,43.72658],[-7.72545,43.74675],[-7.68131,43.78727]],[[-8.82467,42.55586],[-8.82441,42.55465],[-8.8227,42.55434],[-8.82349,42.55587],[-8.82467,42.55586]],[[-8.35039,43.34891],[-8.35118,43.34841],[-8.34994,43.34771],[-8.34935,43.3487],[-8.35039,43.34891]],[[-7.97654,43.71963],[-7.97636,43.72054],[-7.97795,43.7207],[-7.97762,43.72001],[-7.97654,43.71963]],[[-8.82303,42.55905],[-8.82364,42.5584],[-8.8238,42.55733],[-8.82259,42.55785],[-8.82303,42.55905]],[[-8.10916,43.64855],[-8.10962,43.64902],[-8.11027,43.64829],[-8.1092,43.64801],[-8.10916,43.64855]],[[-8.47401,43.35694],[-8.47339,43.35792],[-8.4736,43.35803],[-8.47469,43.35691],[-8.47401,43.35694]],[[-7.97625,43.72011],[-7.97587,43.7192],[-7.9751,43.71947],[-7.97538,43.72003],[-7.97625,43.72011]],[[-8.81815,42.51175],[-8.81758,42.51265],[-8.81776,42.51297],[-8.81854,42.51238],[-8.81815,42.51175]],[[-8.8598,42.40292],[-8.85942,42.40324],[-8.86019,42.404],[-8.86047,42.40359],[-8.8598,42.40292]],[[-7.13909,43.55712],[-7.13855,43.55754],[-7.13858,43.55814],[-7.13903,43.55802],[-7.13909,43.55712]],[[-9.25991,42.99403],[-9.26009,42.99493],[-9.26068,42.99523],[-9.26042,42.9942],[-9.25991,42.99403]],[[-7.87084,43.77206],[-7.87017,43.7723],[-7.87146,43.77233],[-7.87084,43.77206]],[[-8.92632,42.47906],[-8.92611,42.4794],[-8.92713,42.47983],[-8.92671,42.47911],[-8.92632,42.47906]],[[-8.28373,43.38682],[-8.28404,43.38668],[-8.28298,43.38668],[-8.28328,43.38684],[-8.28373,43.38682]],[[-8.96213,43.28949],[-8.96209,43.29049],[-8.96242,43.29018],[-8.96213,43.28949]],[[-8.87672,42.57487],[-8.85588,42.56599],[-8.87175,42.52414],[-8.87534,42.52979],[-8.8818,42.53019],[-8.87001,42.56091],[-8.87448,42.56332],[-8.88074,42.55768],[-8.89191,42.56847],[-8.87672,42.57487]],[[-8.87442,42.535],[-8.87418,42.5356],[-8.87424,42.53626],[-8.87542,42.53496],[-8.87442,42.535]],[[-8.87718,42.53589],[-8.87684,42.53681],[-8.87721,42.53748],[-8.87753,42.53661],[-8.87718,42.53589]],[[-8.92171,42.3997],[-8.91995,42.39612],[-8.93655,42.3568],[-8.94422,42.35509],[-8.94507,42.3804],[-8.93211,42.39824],[-8.92171,42.3997]],[[-8.91397,42.25146],[-8.89547,42.2274],[-8.91392,42.21134],[-8.90351,42.22434],[-8.9176,42.24843],[-8.91397,42.25146]],[[-9.0129,42.48356],[-8.99936,42.4688],[-9.01043,42.46296],[-9.02037,42.47434],[-9.0129,42.48356]],[[-8.9074,42.20539],[-8.89202,42.19633],[-8.88965,42.19113],[-8.91268,42.19555],[-8.9074,42.20539]],[[-8.84195,42.50083],[-8.84412,42.48548],[-8.8524,42.48297],[-8.8529,42.48929],[-8.84195,42.50083]],[[-8.83807,43.36254],[-8.8441,43.35525],[-8.84971,43.36124],[-8.84455,43.36108],[-8.83807,43.36254]],[[-8.77882,42.62069],[-8.7863,42.61407],[-8.79044,42.61657],[-8.787,42.62097],[-8.77882,42.62069]],[[-8.70625,42.41004],[-8.70818,42.40764],[-8.71242,42.41262],[-8.70805,42.4147],[-8.70625,42.41004]],[[-8.93556,42.34899],[-8.93314,42.3488],[-8.93272,42.34516],[-8.93806,42.34292],[-8.93556,42.34899]],[[-8.89742,42.54359],[-8.90076,42.53738],[-8.90292,42.53796],[-8.90415,42.54118],[-8.89742,42.54359]],[[-8.83368,43.36209],[-8.83075,43.35844],[-8.83413,43.35615],[-8.83586,43.35768],[-8.83368,43.36209]],[[-7.62972,43.76149],[-7.62799,43.75861],[-7.63308,43.75656],[-7.6345,43.75888],[-7.62972,43.76149]],[[-8.83394,42.49134],[-8.83383,42.4894],[-8.83696,42.48989],[-8.83372,42.4972],[-8.83394,42.49134]],[[-7.4899,43.73202],[-7.49023,43.72963],[-7.49417,43.73135],[-7.49166,43.73279],[-7.4899,43.73202]],[[-8.85562,42.14859],[-8.85372,42.1468],[-8.85334,42.14505],[-8.85725,42.14616],[-8.85562,42.14859]],[[-8.79975,42.20168],[-8.80173,42.19937],[-8.80484,42.2003],[-8.80026,42.20301],[-8.79975,42.20168]],[[-9.00592,42.50018],[-9.00398,42.49988],[-9.00344,42.49588],[-9.006,42.4966],[-9.00571,42.49785],[-9.00709,42.49947],[-9.00592,42.50018]],[[-8.83481,43.35613],[-8.83147,43.35468],[-8.83148,43.35299],[-8.83523,43.35341],[-8.83481,43.35613]],[[-8.96539,42.77669],[-8.96329,42.77636],[-8.9631,42.7731],[-8.96649,42.77532],[-8.96539,42.77669]],[[-8.91552,42.54759],[-8.91335,42.54565],[-8.91406,42.54357],[-8.9146,42.54456],[-8.91705,42.54549],[-8.91552,42.54759]],[[-8.86402,42.14771],[-8.86276,42.1454],[-8.86605,42.14497],[-8.86652,42.14699],[-8.86402,42.14771]],[[-8.85693,42.46373],[-8.8558,42.46179],[-8.86059,42.46597],[-8.85851,42.46538],[-8.85693,42.46373]],[[-9.14699,42.81461],[-9.14566,42.81341],[-9.14804,42.80991],[-9.14842,42.81269],[-9.14699,42.81461]],[[-9.04932,42.51052],[-9.04817,42.50938],[-9.04909,42.50705],[-9.05061,42.5086],[-9.04932,42.51052]],[[-8.44806,43.3822],[-8.44597,43.38145],[-8.44785,43.37951],[-8.44925,43.38135],[-8.44806,43.3822]],[[-7.43791,43.71839],[-7.44075,43.71659],[-7.44247,43.71703],[-7.44113,43.71795],[-7.43791,43.71839]],[[-8.45034,43.37976],[-8.44961,43.37986],[-8.44805,43.37889],[-8.45062,43.37809],[-8.45034,43.37976]],[[-8.93986,42.55117],[-8.93832,42.54907],[-8.93889,42.54803],[-8.94081,42.55013],[-8.93986,42.55117]],[[-8.45332,43.37769],[-8.45095,43.37775],[-8.45022,43.37745],[-8.45249,43.37581],[-8.45332,43.37769]],[[-8.90696,42.54522],[-8.90599,42.54377],[-8.90819,42.54666],[-8.90714,42.54646],[-8.90696,42.54522]],[[-7.44235,43.7017],[-7.4409,43.70034],[-7.44422,43.70041],[-7.4444,43.70124],[-7.44235,43.7017]],[[-8.3405,43.51185],[-8.33707,43.51175],[-8.33603,43.51067],[-8.33821,43.51038],[-8.3405,43.51185]],[[-9.15248,43.19664],[-9.15129,43.19553],[-9.15355,43.19611],[-9.1533,43.1983],[-9.15248,43.19664]],[[-8.99632,42.48851],[-8.99615,42.48754],[-8.9983,42.48837],[-8.99719,42.48953],[-8.99632,42.48851]],[[-9.16991,42.86566],[-9.16834,42.86585],[-9.16838,42.86442],[-9.1704,42.86516],[-9.17029,42.86663],[-9.16991,42.86566]],[[-8.83766,42.55194],[-8.8378,42.5502],[-8.83941,42.5506],[-8.83889,42.55233],[-8.83766,42.55194]],[[-9.15093,42.80588],[-9.14967,42.80552],[-9.15033,42.80347],[-9.15122,42.80379],[-9.15093,42.80588]],[[-8.9071,42.53427],[-8.90727,42.53309],[-8.90908,42.53244],[-8.90949,42.53378],[-8.9071,42.53427]],[[-8.85092,42.45795],[-8.85442,42.45546],[-8.85495,42.45577],[-8.85511,42.45717],[-8.85092,42.45795]],[[-8.83575,42.48279],[-8.83679,42.48057],[-8.83875,42.48262],[-8.83806,42.48312],[-8.83575,42.48279]],[[-8.62805,42.30793],[-8.62791,42.30691],[-8.62898,42.30608],[-8.62927,42.3083],[-8.62805,42.30793]],[[-8.8185,42.49809],[-8.81872,42.49724],[-8.82041,42.49658],[-8.81948,42.49851],[-8.8185,42.49809]],[[-8.94197,43.2321],[-8.94353,43.23239],[-8.94374,43.23415],[-8.94233,43.23337],[-8.94197,43.2321]],[[-8.81601,42.49735],[-8.81481,42.49755],[-8.81415,42.4969],[-8.81591,42.4959],[-8.81601,42.49735]],[[-7.04841,43.55536],[-7.04966,43.5562],[-7.05005,43.5575],[-7.04836,43.55689],[-7.04841,43.55536]],[[-7.43982,43.71541],[-7.43912,43.7152],[-7.43698,43.71499],[-7.44166,43.71495],[-7.43982,43.71541]],[[-9.04843,42.51158],[-9.04689,42.51064],[-9.0473,42.50992],[-9.04921,42.5108],[-9.04843,42.51158]],[[-8.87719,43.32126],[-8.87648,43.32103],[-8.87451,43.31906],[-8.87728,43.32041],[-8.87719,43.32126]],[[-8.79624,42.60982],[-8.79785,42.60967],[-8.79715,42.61158],[-8.79572,42.61022],[-8.79624,42.60982]],[[-9.21264,43.16362],[-9.21345,43.16256],[-9.21447,43.16436],[-9.21385,43.16433],[-9.21264,43.16362]],[[-9.00919,42.51744],[-9.00825,42.51727],[-9.00858,42.51585],[-9.00974,42.51653],[-9.00919,42.51744]],[[-9.11481,43.19774],[-9.11418,43.19672],[-9.11481,43.19555],[-9.11569,43.1972],[-9.11481,43.19774]],[[-9.1872,43.17013],[-9.18549,43.16963],[-9.18517,43.16894],[-9.18699,43.16872],[-9.1872,43.17013]],[[-7.86871,43.77737],[-7.86914,43.7766],[-7.87095,43.7782],[-7.86911,43.77788],[-7.86871,43.77737]],[[-8.94842,42.36629],[-8.94931,42.3667],[-8.9493,42.36765],[-8.94776,42.36752],[-8.94842,42.36629]],[[-7.0429,43.55718],[-7.04105,43.55681],[-7.0407,43.55593],[-7.04166,43.55574],[-7.0429,43.55718]],[[-9.18524,42.88131],[-9.18444,42.87992],[-9.186,42.87974],[-9.18616,42.88052],[-9.18524,42.88131]],[[-8.73301,42.66597],[-8.73326,42.66619],[-8.73068,42.66883],[-8.73102,42.66701],[-8.73301,42.66597]],[[-8.90592,42.54219],[-8.90543,42.54117],[-8.90578,42.53993],[-8.90693,42.54153],[-8.90592,42.54219]],[[-8.32633,43.52963],[-8.32455,43.52877],[-8.32459,43.52781],[-8.32635,43.52849],[-8.32633,43.52963]],[[-8.94286,42.46431],[-8.94207,42.46386],[-8.94288,42.46265],[-8.9442,42.46343],[-8.94286,42.46431]],[[-8.94399,42.47713],[-8.94542,42.47676],[-8.94462,42.47851],[-8.94383,42.47794],[-8.94399,42.47713]],[[-8.26272,43.41902],[-8.26218,43.41877],[-8.26077,43.41858],[-8.26411,43.41782],[-8.26272,43.41902]],[[-8.83121,42.5417],[-8.83159,42.54118],[-8.83283,42.54192],[-8.83151,42.54253],[-8.83121,42.5417]],[[-9.00166,42.49066],[-9.0027,42.49074],[-9.00255,42.49234],[-9.00179,42.49195],[-9.00166,42.49066]],[[-8.88856,42.04293],[-8.88906,42.0422],[-8.89135,42.0423],[-8.89129,42.04254],[-8.88856,42.04293]],[[-8.91201,42.54382],[-8.91283,42.54415],[-8.91262,42.54558],[-8.9118,42.54533],[-8.91201,42.54382]],[[-8.75342,42.3506],[-8.75308,42.34999],[-8.75442,42.34895],[-8.75431,42.35052],[-8.75342,42.3506]],[[-7.86927,43.78016],[-7.86761,43.78019],[-7.86663,43.77957],[-7.86706,43.77897],[-7.86927,43.78016]],[[-8.79316,42.61279],[-8.79246,42.61242],[-8.79219,42.61149],[-8.79388,42.61254],[-8.79316,42.61279]],[[-9.22566,43.0993],[-9.22636,43.10092],[-9.22604,43.10128],[-9.22511,43.09994],[-9.22566,43.0993]],[[-9.14168,42.80503],[-9.14217,42.80518],[-9.14277,42.80615],[-9.14134,42.80616],[-9.14168,42.80503]],[[-8.87684,42.60122],[-8.87783,42.60199],[-8.87686,42.60286],[-8.87659,42.602],[-8.87684,42.60122]],[[-9.13627,42.84794],[-9.13531,42.84765],[-9.13535,42.84631],[-9.13672,42.84746],[-9.13627,42.84794]],[[-9.13726,42.80898],[-9.13738,42.80812],[-9.13895,42.80855],[-9.1384,42.80966],[-9.13726,42.80898]],[[-8.87799,42.14742],[-8.876,42.14709],[-8.87585,42.14667],[-8.87727,42.14613],[-8.87799,42.14742]],[[-7.85862,43.76668],[-7.85785,43.76584],[-7.85968,43.76618],[-7.85952,43.76653],[-7.85862,43.76668]],[[-9.04278,42.66235],[-9.04251,42.66171],[-9.04188,42.66109],[-9.04399,42.66155],[-9.04278,42.66235]],[[-8.8508,42.46439],[-8.84947,42.46496],[-8.85076,42.46368],[-8.85161,42.46556],[-8.85128,42.46609],[-8.8508,42.46439]],[[-9.16896,42.79964],[-9.16879,42.79811],[-9.16982,42.79816],[-9.16965,42.79959],[-9.16896,42.79964]],[[-8.82905,42.53709],[-8.83007,42.53701],[-8.82949,42.53854],[-8.82886,42.53759],[-8.82905,42.53709]],[[-8.91602,42.21718],[-8.91552,42.21627],[-8.91734,42.21698],[-8.91653,42.21729],[-8.91602,42.21718]],[[-8.87361,42.55462],[-8.87464,42.55447],[-8.87465,42.55557],[-8.87431,42.55564],[-8.87361,42.55462]],[[-8.89846,42.11382],[-8.89944,42.11373],[-8.89946,42.11427],[-8.89818,42.11477],[-8.89846,42.11382]],[[-8.84995,42.46721],[-8.84867,42.46672],[-8.84765,42.46543],[-8.85189,42.46693],[-8.84995,42.46721]],[[-8.89835,42.21503],[-8.89746,42.21417],[-8.89822,42.21362],[-8.899,42.21525],[-8.89835,42.21503]],[[-8.05429,43.71046],[-8.05341,43.71051],[-8.05285,43.7097],[-8.05359,43.70956],[-8.05429,43.71046]],[[-8.22352,43.38577],[-8.22342,43.38492],[-8.22491,43.38485],[-8.22465,43.38533],[-8.22352,43.38577]],[[-8.82727,42.53363],[-8.828,42.53451],[-8.82721,42.53524],[-8.82705,42.53496],[-8.82727,42.53363]],[[-7.86756,43.78101],[-7.86563,43.78015],[-7.86569,43.77971],[-7.86727,43.78029],[-7.86756,43.78101]],[[-8.3418,43.37603],[-8.34088,43.37597],[-8.34028,43.37536],[-8.34185,43.37519],[-8.3418,43.37603]],[[-8.8873,42.49652],[-8.88761,42.49691],[-8.88654,42.49819],[-8.88665,42.49712],[-8.8873,42.49652]],[[-7.60418,43.71198],[-7.60372,43.71333],[-7.60304,43.71361],[-7.60345,43.71236],[-7.60418,43.71198]],[[-9.10192,43.19065],[-9.10083,43.19042],[-9.10055,43.18915],[-9.10226,43.19027],[-9.10192,43.19065]],[[-8.19127,43.61368],[-8.19059,43.61271],[-8.1914,43.61222],[-8.1917,43.61334],[-8.19127,43.61368]],[[-8.44703,43.38335],[-8.44639,43.38331],[-8.44546,43.38206],[-8.44734,43.38271],[-8.44703,43.38335]],[[-8.21079,43.59643],[-8.20958,43.59604],[-8.2095,43.59537],[-8.21113,43.59595],[-8.21079,43.59643]],[[-7.51712,43.73024],[-7.51758,43.73108],[-7.51678,43.73148],[-7.51652,43.73034],[-7.51712,43.73024]],[[-8.62905,42.30927],[-8.63008,42.30911],[-8.63014,42.3099],[-8.62932,42.30994],[-8.62905,42.30927]],[[-9.03321,43.21704],[-9.03232,43.2164],[-9.03148,43.21625],[-9.03268,43.21603],[-9.03321,43.21704]],[[-7.58371,43.69819],[-7.58434,43.6982],[-7.5849,43.69882],[-7.58348,43.69878],[-7.58371,43.69819]],[[-9.17073,42.80133],[-9.16972,42.8014],[-9.16962,42.80123],[-9.17017,42.80038],[-9.17073,42.80133]],[[-8.82743,42.53048],[-8.82798,42.53165],[-8.82727,42.53208],[-8.82743,42.53048]],[[-8.73614,42.66437],[-8.73618,42.6641],[-8.73808,42.66334],[-8.73715,42.66431],[-8.73614,42.66437]],[[-8.96932,42.5654],[-8.97044,42.56526],[-8.96977,42.56626],[-8.96932,42.5654]],[[-8.87953,42.43015],[-8.87906,42.4297],[-8.88048,42.4295],[-8.88039,42.43008],[-8.87953,42.43015]],[[-8.84221,42.62626],[-8.8433,42.6254],[-8.84361,42.62545],[-8.84339,42.62636],[-8.84221,42.62626]],[[-9.04538,42.51862],[-9.04554,42.51778],[-9.04649,42.51753],[-9.0462,42.51835],[-9.04538,42.51862]],[[-8.97812,42.78308],[-8.97873,42.78331],[-8.97858,42.78477],[-8.97808,42.78412],[-8.97812,42.78308]],[[-8.33626,43.40585],[-8.3365,43.4064],[-8.33543,43.40698],[-8.33561,43.40616],[-8.33626,43.40585]],[[-9.18675,42.87921],[-9.18714,42.87899],[-9.18797,42.87928],[-9.18693,42.88013],[-9.18675,42.87921]],[[-9.00744,42.51483],[-9.00768,42.51441],[-9.00843,42.51464],[-9.00755,42.51552],[-9.00744,42.51483]],[[-7.49105,43.72815],[-7.49138,43.72818],[-7.49199,43.72886],[-7.49039,43.72898],[-7.49105,43.72815]],[[-8.82938,42.12369],[-8.82844,42.12348],[-8.82822,42.12286],[-8.8294,42.12297],[-8.82938,42.12369]],[[-9.1467,42.81765],[-9.14575,42.81744],[-9.14607,42.81646],[-9.14679,42.81721],[-9.1467,42.81765]],[[-8.87199,42.55983],[-8.87276,42.56065],[-8.87235,42.56101],[-8.8718,42.56084],[-8.87199,42.55983]],[[-8.90313,42.11744],[-8.90222,42.11712],[-8.90166,42.11627],[-8.90343,42.11708],[-8.90313,42.11744]],[[-8.93465,42.58133],[-8.93536,42.58209],[-8.93394,42.58257],[-8.93461,42.58192],[-8.93465,42.58133]],[[-9.14356,42.80326],[-9.1438,42.80286],[-9.14391,42.80447],[-9.1432,42.80403],[-9.14356,42.80326]],[[-8.83731,42.49325],[-8.8378,42.49314],[-8.83769,42.49443],[-8.837,42.49383],[-8.83731,42.49325]],[[-8.89734,42.08771],[-8.8981,42.088],[-8.89757,42.0888],[-8.89715,42.08866],[-8.89734,42.08771]],[[-8.19769,43.6116],[-8.1981,43.61228],[-8.19707,43.61269],[-8.19769,43.61195],[-8.19769,43.6116]],[[-8.87751,42.52715],[-8.87815,42.52762],[-8.87776,42.52822],[-8.87712,42.52754],[-8.87751,42.52715]],[[-9.04111,43.21201],[-9.04034,43.21149],[-9.04027,43.21084],[-9.0415,43.21188],[-9.04111,43.21201]],[[-8.9372,42.34236],[-8.93784,42.34243],[-8.93617,42.34323],[-8.93666,42.34257],[-8.9372,42.34236]],[[-8.83125,42.46995],[-8.83208,42.46997],[-8.8322,42.47038],[-8.83069,42.47048],[-8.83125,42.46995]],[[-8.90881,43.30593],[-8.90806,43.30596],[-8.90969,43.30574],[-8.90914,43.30617],[-8.90881,43.30593]],[[-9.09761,43.19395],[-9.09712,43.19349],[-9.0976,43.19293],[-9.09833,43.19346],[-9.09761,43.19395]],[[-8.77766,42.22333],[-8.77829,42.22348],[-8.77798,42.22415],[-8.77722,42.2239],[-8.77766,42.22333]],[[-9.11751,43.19863],[-9.11787,43.19945],[-9.1174,43.20002],[-9.11723,43.19957],[-9.11751,43.19863]],[[-8.6249,42.34028],[-8.62548,42.34057],[-8.62512,42.34144],[-8.62473,42.34104],[-8.6249,42.34028]],[[-8.8275,42.32314],[-8.82803,42.32281],[-8.82858,42.32288],[-8.82775,42.32391],[-8.8275,42.32314]],[[-8.9455,42.37942],[-8.94586,42.38024],[-8.9449,42.38094],[-8.9454,42.38041],[-8.9455,42.37942]],[[-8.87543,41.86887],[-8.87592,41.86907],[-8.87519,41.87019],[-8.87491,41.86997],[-8.87543,41.86887]],[[-9.0361,43.20616],[-9.0365,43.20588],[-9.03734,43.20574],[-9.03649,43.20676],[-9.0361,43.20616]],[[-8.90383,42.11611],[-8.90433,42.11664],[-8.90371,42.11768],[-8.90358,42.11688],[-8.90383,42.11611]],[[-8.82492,42.4958],[-8.82487,42.49491],[-8.82545,42.49479],[-8.82565,42.49533],[-8.82492,42.4958]],[[-7.75054,43.74761],[-7.75112,43.74759],[-7.75138,43.74786],[-7.75019,43.74828],[-7.75054,43.74761]],[[-8.75836,43.30174],[-8.75787,43.3014],[-8.75837,43.30083],[-8.75895,43.3016],[-8.75836,43.30174]],[[-8.0905,43.66603],[-8.09027,43.66581],[-8.09158,43.66658],[-8.09044,43.66629],[-8.0905,43.66603]],[[-7.60426,43.69809],[-7.60473,43.69732],[-7.60527,43.6975],[-7.60485,43.69816],[-7.60426,43.69809]],[[-8.07652,43.66888],[-8.07686,43.669],[-8.07713,43.66979],[-8.07608,43.66953],[-8.07652,43.66888]],[[-8.62297,42.33926],[-8.62356,42.33944],[-8.62342,42.34031],[-8.62314,42.34015],[-8.62297,42.33926]],[[-8.55393,43.31463],[-8.55435,43.31503],[-8.55343,43.31546],[-8.55323,43.31502],[-8.55393,43.31463]],[[-9.17286,42.79889],[-9.17283,42.79819],[-9.17388,42.79842],[-9.17365,42.79876],[-9.17286,42.79889]],[[-8.89531,42.4902],[-8.89585,42.49046],[-8.89503,42.49121],[-8.89503,42.49077],[-8.89531,42.4902]],[[-9.00623,42.51411],[-9.00699,42.51373],[-9.00712,42.51387],[-9.00637,42.51484],[-9.00623,42.51411]],[[-8.88744,42.5443],[-8.88793,42.5446],[-8.88734,42.5454],[-8.88722,42.5449],[-8.88744,42.5443]],[[-9.04624,42.51165],[-9.0455,42.51149],[-9.04588,42.51081],[-9.04659,42.51139],[-9.04624,42.51165]],[[-9.29774,42.92117],[-9.2986,42.92168],[-9.29882,42.92226],[-9.2983,42.92213],[-9.29774,42.92117]],[[-8.86583,42.51844],[-8.86612,42.51919],[-8.86494,42.51946],[-8.86574,42.5188],[-8.86583,42.51844]],[[-9.06101,42.62028],[-9.06037,42.6199],[-9.06179,42.61961],[-9.06174,42.61994],[-9.06101,42.62028]],[[-8.87526,42.14784],[-8.87508,42.14794],[-8.87443,42.14755],[-8.87566,42.1473],[-8.87526,42.14784]],[[-8.8941,42.05898],[-8.89486,42.05941],[-8.89505,42.05971],[-8.8938,42.05927],[-8.8941,42.05898]],[[-9.13599,42.79039],[-9.13702,42.79055],[-9.13724,42.7908],[-9.13577,42.79064],[-9.13599,42.79039]],[[-8.99146,42.77774],[-8.99095,42.77718],[-8.99202,42.77707],[-8.99207,42.7776],[-8.99146,42.77774]],[[-9.08143,42.73291],[-9.0815,42.73259],[-9.08299,42.73267],[-9.08131,42.73302],[-9.08143,42.73291]],[[-9.18557,42.87891],[-9.18465,42.87902],[-9.18386,42.87882],[-9.18531,42.87866],[-9.18557,42.87891]],[[-8.88996,42.02696],[-8.88978,42.02659],[-8.89082,42.02698],[-8.89049,42.02728],[-8.88996,42.02696]],[[-8.9006,42.11536],[-8.90027,42.11477],[-8.90101,42.11478],[-8.90097,42.11598],[-8.9006,42.11536]],[[-9.00554,42.49294],[-9.00468,42.49286],[-9.00471,42.49251],[-9.00593,42.49269],[-9.00554,42.49294]],[[-8.99278,42.4857],[-8.99256,42.48505],[-8.99356,42.48591],[-8.99317,42.4862],[-8.99278,42.4857]],[[-8.90718,42.46085],[-8.90623,42.46103],[-8.9057,42.46055],[-8.90594,42.46047],[-8.90718,42.46085]],[[-8.61451,42.34596],[-8.61497,42.34625],[-8.61389,42.34637],[-8.61451,42.34596]],[[-9.12924,42.77212],[-9.12984,42.77215],[-9.12862,42.77242],[-9.12877,42.7722],[-9.12924,42.77212]],[[-8.90544,42.11834],[-8.90478,42.11812],[-8.90441,42.11754],[-8.9049,42.11754],[-8.90544,42.11834]],[[-8.19422,43.61316],[-8.19452,43.61362],[-8.19404,43.61421],[-8.19389,43.61359],[-8.19422,43.61316]],[[-9.17088,42.86352],[-9.17014,42.86369],[-9.16982,42.86323],[-9.16991,42.86305],[-9.17088,42.86352]],[[-9.14546,42.81446],[-9.14568,42.81461],[-9.1457,42.81568],[-9.14531,42.81543],[-9.14546,42.81446]],[[-9.13231,42.84476],[-9.13264,42.84495],[-9.13268,42.84616],[-9.13228,42.84579],[-9.13231,42.84476]],[[-9.13663,43.20056],[-9.13634,43.20058],[-9.13601,43.19997],[-9.13704,43.20058],[-9.13663,43.20056]],[[-8.41412,43.3892],[-8.41337,43.38928],[-8.41269,43.38907],[-8.41383,43.38897],[-8.41412,43.3892]],[[-9.06488,42.61972],[-9.06378,42.61976],[-9.06361,42.6196],[-9.06449,42.61938],[-9.06488,42.61972]],[[-8.2517,43.36701],[-8.25095,43.36716],[-8.25065,43.36699],[-8.25122,43.36672],[-8.2517,43.36701]],[[-8.14819,43.62326],[-8.14833,43.6226],[-8.14849,43.62247],[-8.14812,43.62374],[-8.14819,43.62326]],[[-8.86891,42.60421],[-8.86942,42.60493],[-8.86904,42.60522],[-8.86884,42.605],[-8.86891,42.60421]],[[-9.01438,42.49045],[-9.01409,42.49066],[-9.01326,42.49043],[-9.01415,42.49028],[-9.01438,42.49045]],[[-8.78066,43.30412],[-8.78094,43.30423],[-8.78088,43.30527],[-8.78063,43.30519],[-8.78066,43.30412]],[[-8.99979,42.49527],[-8.99954,42.49493],[-9.00058,42.49505],[-9.00044,42.49532],[-8.99979,42.49527]],[[-7.86868,43.77445],[-7.86837,43.77409],[-7.86938,43.77466],[-7.86906,43.77475],[-7.86868,43.77445]],[[-9.14652,42.86205],[-9.14683,42.86229],[-9.14667,42.86328],[-9.14651,42.86317],[-9.14652,42.86205]],[[-9.1485,42.87877],[-9.14823,42.8789],[-9.14731,42.87875],[-9.14809,42.87852],[-9.1485,42.87877]],[[-9.1877,42.88107],[-9.18745,42.88093],[-9.18722,42.88025],[-9.18827,42.88077],[-9.1877,42.88107]],[[-8.91285,42.20347],[-8.91266,42.20314],[-8.91294,42.20205],[-8.91319,42.20242],[-8.91285,42.20347]],[[-8.99921,42.48954],[-8.99873,42.4898],[-8.99797,42.48968],[-8.99845,42.48943],[-8.99921,42.48954]],[[-8.40664,43.38849],[-8.40807,43.38873],[-8.40777,43.38886],[-8.40664,43.38849]],[[-9.07995,42.59617],[-9.08066,42.59623],[-9.08085,42.59659],[-9.07985,42.59632],[-9.07995,42.59617]],[[-8.3051,43.54058],[-8.30467,43.54034],[-8.30573,43.54048],[-8.3051,43.54058]],[[-0.74727,42.92237],[-0.72448,42.92023],[-0.73635,42.91302],[-0.71758,42.88584],[-0.67875,42.88454],[-0.60202,42.83215],[-0.60047,42.80243],[-0.56914,42.80686],[-0.56759,42.78063],[-0.52965,42.79156],[-0.50527,42.82743],[-0.4417,42.79537],[-0.39475,42.79897],[-0.31326,42.84937],[-0.18866,42.78694],[-0.15999,42.79803],[-0.10641,42.72062],[-0.06846,42.71807],[-0.06212,42.69459],[-0.01666,42.68511],[0.01581,42.70183],[0.05843,42.69756],[0.08435,42.71616],[0.13162,42.71469],[0.1758,42.73704],[0.26001,42.71602],[0.2637,42.69324],[0.29527,42.6732],[0.36023,42.72435],[0.42209,42.69046],[0.58736,42.69449],[0.59709,42.70552],[0.66007,42.69085],[0.6959,42.65893],[0.70363,42.62383],[0.76753,42.61124],[0.74106,42.54483],[0.74955,42.53488],[0.72116,42.52454],[0.73976,42.50515],[0.69049,42.48762],[0.7461,42.38478],[0.72327,42.36563],[0.77131,42.35064],[0.74036,42.33687],[0.76462,42.32248],[0.70262,42.19004],[0.69873,42.1723],[0.71397,42.16342],[0.69584,42.152],[0.69955,42.10696],[0.65171,42.02625],[0.66287,42.01223],[0.64193,41.98207],[0.63854,41.9946],[0.61795,41.98893],[0.60436,41.96066],[0.58693,41.96678],[0.56188,41.93822],[0.60749,41.91931],[0.59466,41.9174],[0.59278,41.88441],[0.60716,41.8718],[0.58005,41.85091],[0.55491,41.85279],[0.54388,41.82088],[0.51546,41.82235],[0.48323,41.80146],[0.4686,41.76498],[0.39868,41.75781],[0.39544,41.73198],[0.38474,41.74031],[0.32702,41.67817],[0.35798,41.63172],[0.34961,41.59946],[0.42849,41.60238],[0.44692,41.54224],[0.39671,41.4903],[0.34202,41.484],[0.35533,41.45176],[0.32004,41.39418],[0.37397,41.35154],[0.34844,41.32887],[0.38566,41.27884],[0.38131,41.23643],[0.3224,41.22524],[0.29199,41.15636],[0.25299,41.15015],[0.24788,41.13014],[0.21395,41.1373],[0.20094,41.12608],[0.2012,41.08468],[0.22008,41.08291],[0.23045,41.0553],[0.21774,41.04366],[0.27966,41.02017],[0.25864,41.01463],[0.2935,40.97056],[0.23891,40.8847],[0.27819,40.8209],[0.23357,40.78699],[0.22997,40.76743],[0.17522,40.75494],[0.17536,40.74113],[0.15918,40.75061],[0.16381,40.72361],[0.1125,40.72714],[0.04218,40.69101],[0.02644,40.69495],[0.01574,40.72843],[-0.0647,40.72741],[-0.12684,40.75332],[-0.14453,40.78544],[-0.16496,40.78863],[-0.19718,40.78446],[-0.22403,40.75416],[-0.23599,40.69111],[-0.307,40.6595],[-0.32882,40.68028],[-0.37796,40.66754],[-0.37048,40.61359],[-0.29329,40.61104],[-0.30184,40.5154],[-0.27764,40.50153],[-0.27264,40.47376],[-0.34735,40.44394],[-0.28539,40.38649],[-0.28176,40.3657],[-0.34062,40.33999],[-0.36627,40.30505],[-0.38864,40.30694],[-0.40041,40.29485],[-0.38363,40.26485],[-0.42807,40.2438],[-0.49451,40.22873],[-0.54419,40.25166],[-0.57864,40.13734],[-0.62853,40.10258],[-0.61359,40.07001],[-0.62722,40.0762],[-0.68294,40.04422],[-0.75362,40.04661],[-0.77765,39.99841],[-0.83779,39.97681],[-0.84042,39.92495],[-0.79769,39.88107],[-0.86742,39.84678],[-0.91256,39.87236],[-0.90266,39.93185],[-0.92045,39.9644],[-0.93189,39.95608],[-0.98938,39.98183],[-1.10502,39.97498],[-1.12175,39.96085],[-1.14239,39.97184],[-1.16519,40.0101],[-1.08423,40.03621],[-1.07213,40.06048],[-1.14803,40.1145],[-1.24459,40.1158],[-1.2443,40.14597],[-1.28434,40.1715],[-1.29308,40.20692],[-1.29778,40.21153],[-1.32299,40.18486],[-1.31972,40.1464],[-1.3571,40.12889],[-1.43332,40.13947],[-1.44886,40.14534],[-1.43921,40.19701],[-1.47442,40.18504],[-1.5109,40.20372],[-1.54048,40.1908],[-1.69035,40.30966],[-1.72122,40.2787],[-1.72946,40.30291],[-1.69768,40.32129],[-1.77777,40.39188],[-1.80636,40.39823],[-1.80205,40.41134],[-1.78543,40.41318],[-1.7486,40.4629],[-1.69251,40.48682],[-1.70162,40.5411],[-1.6781,40.59095],[-1.59875,40.56205],[-1.54551,40.59519],[-1.56486,40.61474],[-1.53564,40.68702],[-1.56202,40.73975],[-1.53991,40.76073],[-1.54233,40.81122],[-1.62139,40.8804],[-1.6079,40.92762],[-1.61745,40.94373],[-1.80329,41.0899],[-1.93245,41.13859],[-1.95902,41.17249],[-2.05169,41.14685],[-2.0799,41.17098],[-2.14624,41.1844],[-2.17367,41.28809],[-2.16314,41.35535],[-2.11603,41.38205],[-2.11677,41.42495],[-2.10152,41.44579],[-2.03562,41.42689],[-2.04357,41.39715],[-2.02927,41.38416],[-1.93729,41.40785],[-1.95369,41.42426],[-1.95328,41.46245],[-1.98111,41.48644],[-1.96733,41.54607],[-1.99369,41.57709],[-1.99324,41.60051],[-1.9231,41.59834],[-1.85899,41.66153],[-1.80622,41.66426],[-1.81207,41.68645],[-1.78686,41.69943],[-1.77537,41.72479],[-1.80921,41.73666],[-1.80585,41.75508],[-1.85292,41.78956],[-1.81905,41.82875],[-1.8176,41.85338],[-1.85728,41.90952],[-1.86519,41.9776],[-1.84404,41.98733],[-1.84718,42.008],[-1.8337,41.99507],[-1.7669,41.99579],[-1.71522,41.95696],[-1.65415,41.96535],[-1.55926,41.91394],[-1.41076,41.91895],[-1.33952,42.01801],[-1.30482,42.04295],[-1.31059,42.07231],[-1.35228,42.07307],[-1.36676,42.10696],[-1.39888,42.12622],[-1.39191,42.18142],[-1.41753,42.21237],[-1.39137,42.27212],[-1.39908,42.2913],[-1.32908,42.35539],[-1.3599,42.37804],[-1.34151,42.42394],[-1.27278,42.4819],[-1.28814,42.52279],[-1.26477,42.5568],[-1.22617,42.54224],[-1.20279,42.54966],[-1.20192,42.57824],[-1.15803,42.59915],[-1.17977,42.61062],[-1.15712,42.61089],[-1.15205,42.64788],[-1.05193,42.64259],[-1.03681,42.65164],[-1.02798,42.70006],[-0.94868,42.71145],[-0.92298,42.744],[-0.9005,42.74309],[-0.90053,42.76047],[-0.86484,42.76335],[-0.84753,42.78592],[-0.86001,42.79856],[-0.85683,42.84689],[-0.81853,42.86937],[-0.81909,42.90067],[-0.74727,42.92237]],[[-1.12558,42.45586],[-1.10802,42.44132],[-1.05101,42.44146],[-1.09166,42.48573],[-1.12558,42.45586]],[[-1.14898,42.43285],[-1.18283,42.42459],[-1.1878,42.40303],[-1.15877,42.40966],[-1.14898,42.43285]],[[-3.5367,41.16058],[-3.48875,41.09429],[-3.4258,41.0829],[-3.43893,41.04267],[-3.39445,41.00028],[-3.4183,40.98756],[-3.44406,40.90685],[-3.46058,40.90666],[-3.44049,40.87535],[-3.47257,40.86422],[-3.47739,40.82356],[-3.51157,40.7885],[-3.45901,40.78132],[-3.44434,40.76158],[-3.45042,40.73489],[-3.43494,40.72799],[-3.46855,40.68994],[-3.40473,40.66964],[-3.39335,40.69246],[-3.3456,40.63774],[-3.3165,40.65518],[-3.33852,40.62585],[-3.32164,40.61219],[-3.32827,40.59484],[-3.28407,40.56898],[-3.29713,40.53752],[-3.24991,40.54432],[-3.19995,40.51445],[-3.1986,40.44225],[-3.15551,40.43943],[-3.13056,40.40519],[-3.15343,40.3677],[-3.14121,40.35054],[-3.18286,40.30827],[-3.19445,40.24804],[-3.1734,40.23417],[-3.15372,40.26371],[-3.11267,40.28548],[-3.10153,40.27809],[-3.06784,40.15791],[-3.08928,40.16297],[-3.09675,40.14239],[-3.05619,40.11374],[-3.06071,40.09056],[-3.11819,40.06143],[-3.16158,40.06493],[-3.17814,40.09221],[-3.20096,40.06049],[-3.27576,40.04728],[-3.33224,40.08048],[-3.37529,40.07539],[-3.37578,40.05125],[-3.40107,40.03418],[-3.50686,40.04867],[-3.51969,40.02107],[-3.58999,40.01317],[-3.63794,39.98835],[-3.6345,39.96589],[-3.74387,39.9408],[-3.8044,39.88472],[-3.86833,39.90486],[-3.87519,39.92874],[-3.84004,39.94196],[-3.83204,39.93156],[-3.80955,39.95396],[-3.78335,39.9448],[-3.7636,39.96752],[-3.77049,39.95055],[-3.75437,39.95044],[-3.75882,39.96889],[-3.72794,39.96455],[-3.74621,39.98109],[-3.72009,39.98444],[-3.69989,40.01954],[-3.63609,40.04163],[-3.60763,40.10897],[-3.65573,40.12491],[-3.66731,40.14329],[-3.68372,40.13227],[-3.72222,40.14771],[-3.74437,40.13222],[-3.77045,40.1394],[-3.8046,40.17684],[-3.83419,40.16135],[-3.87202,40.19015],[-3.93114,40.20398],[-3.95089,40.19033],[-3.95287,40.2128],[-3.991,40.20948],[-4.02616,40.23561],[-4.02403,40.24897],[-4.07289,40.26545],[-4.10427,40.24183],[-4.14577,40.24518],[-4.14399,40.26462],[-4.19087,40.29736],[-4.20323,40.26882],[-4.248,40.27348],[-4.26996,40.23568],[-4.30611,40.22178],[-4.30799,40.23388],[-4.34849,40.23675],[-4.35639,40.30862],[-4.38011,40.31834],[-4.38348,40.28905],[-4.43525,40.25913],[-4.43743,40.2367],[-4.50979,40.21919],[-4.52791,40.20009],[-4.57499,40.20664],[-4.55933,40.23127],[-4.56879,40.25871],[-4.52938,40.29313],[-4.54622,40.34183],[-4.52679,40.34487],[-4.5029,40.31489],[-4.45576,40.31935],[-4.4606,40.34138],[-4.43864,40.35275],[-4.44373,40.3857],[-4.42173,40.40623],[-4.32109,40.41031],[-4.34125,40.42868],[-4.31568,40.46477],[-4.32822,40.53376],[-4.28926,40.56419],[-4.27857,40.60317],[-4.29071,40.62782],[-4.2711,40.62902],[-4.26214,40.60518],[-4.24544,40.60245],[-4.16118,40.62347],[-4.17285,40.63036],[-4.17157,40.68063],[-4.09699,40.74774],[-4.0767,40.78888],[-3.97968,40.78455],[-3.9471,40.86297],[-3.95228,40.89363],[-3.9072,40.9553],[-3.78137,41.00031],[-3.74045,41.05364],[-3.67606,41.0867],[-3.6137,41.14905],[-3.5367,41.16058]],[[-3.37226,40.63561],[-3.38026,40.63285],[-3.38213,40.63047],[-3.36366,40.6316],[-3.37226,40.63561]],[[-4.25573,40.65317],[-4.31951,40.64764],[-4.32412,40.65803],[-4.28482,40.68122],[-4.25573,40.65317]],[[-6.23048,40.4866],[-6.15705,40.45661],[-6.14702,40.43612],[-6.11613,40.44159],[-6.12948,40.42079],[-6.06513,40.39693],[-6.08517,40.39049],[-6.07216,40.387],[-6.08238,40.36321],[-6.10572,40.3568],[-6.01602,40.34029],[-6.00594,40.30581],[-5.93778,40.28107],[-5.91717,40.2777],[-5.88424,40.3266],[-5.79934,40.35375],[-5.78199,40.31246],[-5.80273,40.29763],[-5.79314,40.28671],[-5.69266,40.29211],[-5.6492,40.24972],[-5.622,40.24588],[-5.61452,40.2183],[-5.54811,40.19724],[-5.47091,40.20785],[-5.4291,40.25261],[-5.34321,40.26405],[-5.36967,40.21831],[-5.36799,40.16411],[-5.33598,40.11582],[-5.36901,40.10009],[-5.36514,39.98292],[-5.40611,39.87773],[-5.32361,39.89173],[-5.28405,39.86388],[-5.31259,39.82428],[-5.30808,39.76003],[-5.25482,39.75234],[-5.20646,39.79756],[-5.1669,39.79988],[-5.15846,39.75966],[-5.17396,39.75126],[-5.13779,39.715],[-5.16176,39.64244],[-5.20662,39.59723],[-4.95033,39.39346],[-4.87093,39.36831],[-4.77461,39.39719],[-4.6877,39.45029],[-4.6695,39.42454],[-4.70421,39.36445],[-4.70666,39.32773],[-4.76101,39.32079],[-4.70823,39.20987],[-4.64758,39.16873],[-4.81027,39.19942],[-4.85317,39.15244],[-4.8744,39.10043],[-4.82693,39.06412],[-4.83279,39.04616],[-4.87999,39.03243],[-4.9625,39.05873],[-4.91822,38.95705],[-4.83241,38.93891],[-4.84732,38.8824],[-4.91494,38.88744],[-4.94348,38.85438],[-4.98999,38.73976],[-5.09919,38.70765],[-5.1845,38.7197],[-5.16732,38.68047],[-5.18576,38.67417],[-5.18423,38.65973],[-5.20848,38.6677],[-5.21474,38.64857],[-5.22377,38.65671],[-5.29224,38.61081],[-5.30851,38.57762],[-5.37175,38.58357],[-5.39272,38.55348],[-5.38317,38.54048],[-5.40693,38.5437],[-5.41862,38.51273],[-5.47949,38.48468],[-5.48445,38.46339],[-5.51921,38.46347],[-5.56892,38.43259],[-5.58507,38.38584],[-5.55925,38.36689],[-5.57565,38.32911],[-5.55123,38.31098],[-5.5225,38.2384],[-5.53967,38.16069],[-5.57586,38.14964],[-5.58479,38.13171],[-5.6325,38.13856],[-5.71043,38.08105],[-5.7349,38.08626],[-5.74074,38.12654],[-5.69471,38.15035],[-5.70579,38.16938],[-5.68424,38.15706],[-5.69473,38.18652],[-5.72816,38.19742],[-5.75728,38.18056],[-5.85152,38.17191],[-5.87738,38.15572],[-5.88066,38.13228],[-5.92638,38.10501],[-5.90898,38.06285],[-5.93422,38.04688],[-5.95369,37.99535],[-6.11531,37.98177],[-6.18024,37.94103],[-6.20152,37.96206],[-6.30362,37.97834],[-6.35271,38.0074],[-6.36725,38.04892],[-6.4139,38.05856],[-6.45244,38.05596],[-6.44361,38.04696],[-6.47656,38.00783],[-6.54569,38.02812],[-6.58358,38.02129],[-6.58053,38.05277],[-6.6221,38.09701],[-6.73282,38.08995],[-6.77009,38.09946],[-6.77005,38.11211],[-6.80834,38.11124],[-6.79509,38.17854],[-6.85534,38.17903],[-6.93781,38.20693],[-6.93647,38.22052],[-6.97185,38.20236],[-7.01121,38.20455],[-7.02857,38.18264],[-7.06639,38.18657],[-7.08561,38.1694],[-7.14287,38.24048],[-7.15056,38.27574],[-7.16961,38.27927],[-7.28052,38.42035],[-7.33573,38.43467],[-7.29558,38.47777],[-7.32262,38.47823],[-7.30304,38.54491],[-7.24413,38.62363],[-7.26969,38.63879],[-7.2553,38.72589],[-7.12855,38.81385],[-7.08917,38.81887],[-7.06832,38.85382],[-7.03934,38.86478],[-7.03314,38.87918],[-7.05204,38.90716],[-6.95131,39.024],[-6.99587,39.09926],[-7.0391,39.11838],[-7.1058,39.09932],[-7.14381,39.10925],[-7.13459,39.1711],[-7.24135,39.20854],[-7.24788,39.25353],[-7.2314,39.27836],[-7.30831,39.33683],[-7.32348,39.38193],[-7.2965,39.4589],[-7.38127,39.49181],[-7.39112,39.52988],[-7.42974,39.53451],[-7.46088,39.57263],[-7.49589,39.58644],[-7.54502,39.66349],[-7.33284,39.64117],[-7.25014,39.6672],[-7.1493,39.6529],[-7.01534,39.67079],[-6.97672,39.7727],[-6.98691,39.8101],[-6.90353,39.87131],[-6.90894,39.91916],[-6.88577,39.94044],[-6.88563,39.98041],[-6.86409,40.01245],[-6.94164,40.11287],[-6.99344,40.11272],[-7.0119,40.12687],[-7.01564,40.17806],[-7.02887,40.18531],[-7.01216,40.22648],[-6.96456,40.23758],[-6.95054,40.25825],[-6.86509,40.27063],[-6.83452,40.24758],[-6.7556,40.23892],[-6.71857,40.2692],[-6.69014,40.24266],[-6.67175,40.26323],[-6.58702,40.27072],[-6.55617,40.29078],[-6.56041,40.32905],[-6.53628,40.34724],[-6.43831,40.37277],[-6.41883,40.39929],[-6.3714,40.40187],[-6.34464,40.44278],[-6.27533,40.45852],[-6.23048,40.4866]],[[-2.90102,41.32556],[-2.86899,41.31706],[-2.86689,41.27447],[-2.82224,41.25661],[-2.77551,41.25008],[-2.76095,41.27402],[-2.71677,41.27567],[-2.70955,41.25198],[-2.64601,41.24021],[-2.6292,41.21522],[-2.58949,41.22454],[-2.59374,41.2002],[-2.62207,41.18799],[-2.57749,41.17866],[-2.59531,41.15025],[-2.57558,41.13947],[-2.53651,41.16253],[-2.50885,41.11886],[-2.48226,41.11627],[-2.46947,41.07811],[-2.41891,41.05771],[-2.35533,41.08645],[-2.32341,41.05651],[-2.26354,41.06754],[-2.23215,41.09701],[-2.1753,41.08375],[-2.13185,41.1181],[-2.05643,41.06969],[-2.04818,41.07838],[-2.06562,41.09579],[-2.04762,41.15265],[-1.95902,41.17249],[-1.93245,41.13859],[-1.80329,41.0899],[-1.61185,40.93756],[-1.62139,40.8804],[-1.54233,40.81122],[-1.53991,40.76073],[-1.56202,40.73975],[-1.53564,40.68702],[-1.56486,40.61474],[-1.54551,40.59519],[-1.59875,40.56205],[-1.6781,40.59095],[-1.70162,40.5411],[-1.69251,40.48682],[-1.7486,40.4629],[-1.80636,40.39823],[-1.77777,40.39188],[-1.69768,40.32129],[-1.72946,40.30291],[-1.71927,40.2771],[-1.69035,40.30966],[-1.54048,40.1908],[-1.5109,40.20372],[-1.47442,40.18504],[-1.43921,40.19701],[-1.45621,40.13095],[-1.4076,40.1014],[-1.42029,40.09351],[-1.37686,40.0165],[-1.24946,39.9951],[-1.16519,40.0101],[-1.14239,39.97184],[-1.20818,39.94381],[-1.20004,39.85871],[-1.215,39.80877],[-1.27541,39.73864],[-1.26199,39.69891],[-1.30785,39.67082],[-1.36853,39.68962],[-1.41793,39.65494],[-1.4618,39.57691],[-1.52054,39.55027],[-1.5026,39.54562],[-1.49915,39.50045],[-1.51245,39.49627],[-1.51339,39.45827],[-1.52892,39.4546],[-1.52085,39.43152],[-1.49665,39.42932],[-1.50517,39.418],[-1.48266,39.42178],[-1.48814,39.40063],[-1.45274,39.39867],[-1.45288,39.38374],[-1.46819,39.38333],[-1.44879,39.37819],[-1.4551,39.36085],[-1.43229,39.37758],[-1.42603,39.36276],[-1.41468,39.3803],[-1.33664,39.334],[-1.31274,39.34317],[-1.165,39.31051],[-1.18083,39.21182],[-1.25572,39.10617],[-1.26675,39.05102],[-1.22654,39.02467],[-1.14665,38.92935],[-0.95941,38.94458],[-0.95652,38.92012],[-0.92454,38.89175],[-0.9357,38.85594],[-0.92488,38.82336],[-0.92894,38.78383],[-0.96143,38.77479],[-0.91579,38.69597],[-0.96247,38.65693],[-1.0341,38.65657],[-1.1156,38.71139],[-1.11967,38.73772],[-1.18363,38.75509],[-1.24976,38.73861],[-1.34407,38.6771],[-1.36667,38.704],[-1.40222,38.6908],[-1.4477,38.64952],[-1.452,38.58146],[-1.48769,38.56331],[-1.49873,38.53206],[-1.47987,38.47984],[-1.47855,38.37638],[-1.58954,38.30999],[-1.67025,38.31165],[-1.69273,38.33782],[-1.68756,38.36583],[-1.70194,38.37492],[-1.7173,38.36365],[-1.74351,38.38129],[-1.77072,38.37893],[-1.77114,38.36486],[-1.79575,38.37027],[-1.7843,38.35615],[-1.90754,38.29796],[-1.98263,38.28137],[-2.04899,38.30578],[-2.11373,38.2382],[-2.21294,38.20302],[-2.26165,38.11296],[-2.32698,38.06869],[-2.34163,38.026],[-2.35792,38.02244],[-2.5513,38.08409],[-2.44628,38.18519],[-2.45434,38.21549],[-2.43539,38.26502],[-2.44137,38.28563],[-2.48521,38.30026],[-2.4834,38.39786],[-2.57355,38.41625],[-2.56662,38.49047],[-2.59709,38.5124],[-2.67969,38.49692],[-2.7677,38.53291],[-2.77995,38.50971],[-2.88149,38.45264],[-2.90579,38.46991],[-2.96359,38.47145],[-2.99351,38.45012],[-3.00171,38.40832],[-3.06497,38.47825],[-3.13829,38.43858],[-3.27942,38.46024],[-3.32649,38.48212],[-3.37501,38.47524],[-3.37668,38.4396],[-3.4517,38.40032],[-3.52844,38.40864],[-3.54189,38.44539],[-3.58308,38.45147],[-3.59824,38.39847],[-3.78561,38.42527],[-3.83006,38.4128],[-3.83056,38.3929],[-3.85428,38.37514],[-3.91512,38.36881],[-4.15656,38.38132],[-4.25778,38.40158],[-4.2768,38.39021],[-4.26887,38.34717],[-4.28733,38.34276],[-4.45299,38.40087],[-4.51269,38.46385],[-4.5663,38.49094],[-4.59369,38.48638],[-4.62278,38.52379],[-4.70395,38.55317],[-4.70737,38.57195],[-4.86017,38.61398],[-4.87697,38.68609],[-5.0046,38.6951],[-5.00802,38.71523],[-5.04695,38.72909],[-4.98999,38.73976],[-4.94348,38.85438],[-4.91494,38.88744],[-4.84732,38.8824],[-4.83113,38.93561],[-4.91822,38.95705],[-4.9625,39.05873],[-4.87999,39.03243],[-4.83279,39.04616],[-4.82693,39.06412],[-4.8744,39.10043],[-4.85317,39.15244],[-4.81027,39.19942],[-4.64789,39.16687],[-4.70823,39.20987],[-4.76101,39.32079],[-4.70666,39.32773],[-4.70421,39.36445],[-4.6695,39.42454],[-4.69028,39.45179],[-4.77461,39.39719],[-4.87093,39.36831],[-4.902,39.3745],[-4.99806,39.42665],[-5.05252,39.48429],[-5.08389,39.49067],[-5.20207,39.59202],[-5.1505,39.66284],[-5.13779,39.715],[-5.17396,39.75126],[-5.15846,39.75966],[-5.1669,39.79988],[-5.20646,39.79756],[-5.25482,39.75234],[-5.30808,39.76003],[-5.31259,39.82428],[-5.28405,39.86388],[-5.32361,39.89173],[-5.40611,39.87773],[-5.36514,39.98292],[-5.36901,40.10009],[-5.33746,40.11591],[-5.21637,40.10801],[-5.20352,40.08343],[-5.17162,40.08482],[-5.08777,40.12432],[-5.06698,40.15092],[-5.01854,40.15905],[-5.01334,40.11106],[-4.95455,40.12113],[-4.95629,40.13335],[-4.92545,40.13604],[-4.92467,40.16998],[-4.80767,40.23532],[-4.81824,40.25477],[-4.80347,40.27526],[-4.76159,40.2609],[-4.69814,40.28219],[-4.68726,40.212],[-4.65423,40.19807],[-4.57908,40.2172],[-4.52791,40.20009],[-4.50979,40.21919],[-4.43743,40.2367],[-4.43525,40.25913],[-4.38348,40.28905],[-4.38011,40.31834],[-4.35639,40.30862],[-4.34849,40.23675],[-4.30799,40.23388],[-4.30611,40.22178],[-4.26996,40.23568],[-4.248,40.27348],[-4.20323,40.26882],[-4.19087,40.29736],[-4.14399,40.26462],[-4.14577,40.24518],[-4.10427,40.24183],[-4.07289,40.26545],[-4.02403,40.24897],[-4.02616,40.23561],[-3.991,40.20948],[-3.95287,40.2128],[-3.95089,40.19033],[-3.93114,40.20398],[-3.87202,40.19015],[-3.83419,40.16135],[-3.8046,40.17684],[-3.77045,40.1394],[-3.74437,40.13222],[-3.72222,40.14771],[-3.68372,40.13227],[-3.66731,40.14329],[-3.65573,40.12491],[-3.60763,40.10897],[-3.63609,40.04163],[-3.69989,40.01954],[-3.72009,39.98444],[-3.74621,39.98109],[-3.72794,39.96455],[-3.75882,39.96889],[-3.75437,39.95044],[-3.77049,39.95055],[-3.75797,39.95832],[-3.7636,39.96752],[-3.78335,39.9448],[-3.80955,39.95396],[-3.83204,39.93156],[-3.84004,39.94196],[-3.87519,39.92874],[-3.86894,39.90524],[-3.81489,39.88574],[-3.74387,39.9408],[-3.6345,39.96589],[-3.63794,39.98835],[-3.58999,40.01317],[-3.51969,40.02107],[-3.50654,40.04876],[-3.40107,40.03418],[-3.37578,40.05125],[-3.37771,40.07477],[-3.33442,40.08105],[-3.27487,40.04735],[-3.20096,40.06049],[-3.17795,40.09223],[-3.16143,40.06489],[-3.08972,40.07012],[-3.05298,40.09939],[-3.09675,40.14239],[-3.08928,40.16297],[-3.06784,40.15791],[-3.08576,40.18615],[-3.0797,40.22777],[-3.09675,40.27105],[-3.10944,40.28519],[-3.12824,40.27879],[-3.1734,40.23417],[-3.1972,40.25755],[-3.18061,40.31339],[-3.14118,40.3506],[-3.15343,40.3677],[-3.13056,40.40519],[-3.15551,40.43943],[-3.1986,40.44225],[-3.19995,40.51445],[-3.23045,40.53901],[-3.29713,40.53752],[-3.28407,40.56898],[-3.32827,40.59484],[-3.32164,40.61219],[-3.33852,40.62585],[-3.32367,40.62969],[-3.31386,40.64974],[-3.3165,40.65518],[-3.3456,40.63774],[-3.39335,40.69246],[-3.40473,40.66964],[-3.46855,40.68994],[-3.43494,40.72799],[-3.45042,40.73489],[-3.44434,40.76158],[-3.45901,40.78132],[-3.51157,40.7885],[-3.47739,40.82356],[-3.47257,40.86422],[-3.44049,40.87535],[-3.46058,40.90666],[-3.44406,40.90685],[-3.4183,40.98756],[-3.39445,41.00028],[-3.43893,41.04267],[-3.4258,41.0829],[-3.48875,41.09429],[-3.50926,41.1364],[-3.5411,41.14967],[-3.53972,41.16504],[-3.46691,41.18326],[-3.44415,41.21534],[-3.40249,41.21362],[-3.3995,41.25454],[-3.41152,41.26071],[-3.41458,41.26558],[-3.41564,41.27211],[-3.41515,41.2732],[-3.40978,41.26062],[-3.33635,41.25303],[-3.29017,41.25793],[-3.27576,41.27503],[-3.27426,41.26026],[-3.25426,41.25838],[-3.23124,41.29487],[-3.19975,41.30443],[-3.0619,41.27343],[-2.95013,41.29264],[-2.94119,41.31394],[-2.90102,41.32556]],[[-3.37405,40.64025],[-3.36361,40.63842],[-3.37173,40.62577],[-3.38213,40.63047],[-3.37405,40.64025]],[[-2.75149,43.45665],[-2.73871,43.42969],[-2.69568,43.40676],[-2.64631,43.41594],[-2.61863,43.39186],[-2.50973,43.37737],[-2.50261,43.36422],[-2.45974,43.33557],[-2.35293,43.2987],[-2.20245,43.31173],[-2.18957,43.29237],[-2.1305,43.28746],[-2.03047,43.321],[-1.99094,43.31587],[-1.9624,43.33815],[-1.92378,43.33204],[-1.86497,43.37238],[-1.79126,43.39591],[-1.79695,43.38249],[-1.77901,43.36341],[-1.78924,43.35298],[-1.73738,43.33016],[-1.72937,43.29382],[-1.78324,43.28682],[-1.79497,43.24693],[-1.86057,43.21209],[-1.86769,43.2305],[-1.88093,43.22878],[-1.88191,43.20679],[-1.91415,43.22517],[-1.92069,43.15063],[-1.90195,43.13585],[-1.94752,43.09753],[-2.02282,43.06519],[-2.02044,43.04673],[-2.04139,43.0297],[-2.02831,42.99884],[-2.03834,42.98099],[-2.09524,42.97255],[-2.11763,42.94225],[-2.18096,42.93513],[-2.19913,42.95118],[-2.23216,42.93179],[-2.23776,42.896],[-2.25307,42.89277],[-2.23541,42.8353],[-2.28101,42.78513],[-2.26217,42.74846],[-2.31685,42.73935],[-2.32401,42.72377],[-2.31686,42.6825],[-2.29358,42.67794],[-2.28848,42.65507],[-2.38195,42.6343],[-2.37626,42.65071],[-2.4158,42.66268],[-2.48307,42.61216],[-2.50008,42.61648],[-2.49063,42.58536],[-2.4622,42.58739],[-2.45324,42.56711],[-2.42112,42.60712],[-2.39675,42.5991],[-2.3922,42.51695],[-2.42312,42.51071],[-2.42058,42.48924],[-2.51472,42.49012],[-2.51059,42.52004],[-2.53735,42.49524],[-2.52982,42.48394],[-2.56826,42.49415],[-2.59465,42.47237],[-2.60498,42.50336],[-2.64625,42.48295],[-2.67735,42.51012],[-2.67578,42.52573],[-2.70549,42.51677],[-2.68177,42.5954],[-2.76372,42.62284],[-2.77795,42.58134],[-2.82499,42.55494],[-2.84085,42.58119],[-2.8199,42.59147],[-2.81877,42.61272],[-2.8418,42.6086],[-2.84289,42.6296],[-2.89572,42.65464],[-2.9025,42.6936],[-2.93136,42.7084],[-2.98063,42.70382],[-3.01695,42.74108],[-3.04201,42.73952],[-3.04965,42.76561],[-3.14791,42.7567],[-3.12325,42.78933],[-3.15923,42.80459],[-3.11315,42.86106],[-3.11494,42.88925],[-3.16282,42.85674],[-3.19069,42.86946],[-3.22218,42.83864],[-3.20553,42.8274],[-3.27908,42.87235],[-3.27724,42.90158],[-3.24854,42.91215],[-3.22473,42.94969],[-3.14473,42.93468],[-3.14927,42.91706],[-3.0921,42.89878],[-3.01891,42.90851],[-2.98119,42.93944],[-3.04147,42.96992],[-3.06026,43.00351],[-3.1778,43.02198],[-3.14186,43.02981],[-3.14031,43.06715],[-3.15819,43.07402],[-3.13394,43.09723],[-3.18179,43.12088],[-3.14136,43.16154],[-3.14829,43.174],[-3.22409,43.17013],[-3.25342,43.19858],[-3.41765,43.13343],[-3.44927,43.23315],[-3.34013,43.27803],[-3.3324,43.30188],[-3.27945,43.29005],[-3.22523,43.30894],[-3.20951,43.28354],[-3.15733,43.30132],[-3.15329,43.35332],[-3.11477,43.35048],[-3.10936,43.36467],[-3.0852,43.37771],[-3.10446,43.36467],[-3.08122,43.35186],[-3.0755,43.3548],[-3.07229,43.36271],[-3.05954,43.36183],[-3.04785,43.35935],[-3.0749,43.35416],[-3.03184,43.34663],[-3.04378,43.33913],[-3.02072,43.32554],[-3.01025,43.33724],[-3.02781,43.34195],[-3.01259,43.34774],[-3.0396,43.37331],[-2.97047,43.41338],[-2.94688,43.41214],[-2.94691,43.43603],[-2.80698,43.43049],[-2.75149,43.45665]],[[-2.83547,42.79627],[-2.86846,42.73992],[-2.7845,42.69894],[-2.7679,42.66601],[-2.65917,42.67246],[-2.63485,42.6478],[-2.5174,42.64633],[-2.52202,42.68403],[-2.57777,42.66821],[-2.60898,42.69596],[-2.57263,42.72517],[-2.5583,42.76273],[-2.58937,42.75032],[-2.60235,42.77063],[-2.64371,42.76472],[-2.73155,42.79451],[-2.82681,42.78445],[-2.83547,42.79627]],[[-3.27478,43.26455],[-3.30584,43.25348],[-3.28504,43.1977],[-3.26519,43.20577],[-3.26977,43.23205],[-3.25106,43.24868],[-3.24942,43.25966],[-3.27478,43.26455]],[[-2.68421,43.42608],[-2.68141,43.42574],[-2.68144,43.42292],[-2.68726,43.42752],[-2.68421,43.42608]],[[-2.49367,43.36826],[-2.49424,43.36652],[-2.49659,43.36532],[-2.49696,43.36686],[-2.49367,43.36826]],[[-1.99801,43.32244],[-1.99843,43.32108],[-2.00105,43.32075],[-2.00077,43.32197],[-1.99801,43.32244]],[[-2.77435,43.45053],[-2.77661,43.45133],[-2.77587,43.453],[-2.77472,43.45191],[-2.77435,43.45053]],[[-2.93484,43.44111],[-2.93485,43.43925],[-2.93503,43.43882],[-2.9357,43.44006],[-2.93484,43.44111]],[[-3.07855,43.35407],[-3.07929,43.35432],[-3.07934,43.35468],[-3.07806,43.35463],[-3.07855,43.35407]],[[-2.1497,43.29622],[-2.15029,43.29642],[-2.1509,43.29737],[-2.14984,43.29667],[-2.1497,43.29622]],[[-2.41848,43.32671],[-2.41971,43.3271],[-2.4184,43.32681],[-2.41848,43.32671]]]}},{"type":"Feature","properties":{"level":"province"},"geometry":{"type":"MultiLineString","coordinates":[[[3.21365,39.95751],[3.1544,39.92322],[3.13839,39.92809],[3.13133,39.92687],[3.11079,39.89927],[3.08004,39.90227],[3.08379,39.87548],[3.10564,39.85765],[3.19036,39.89242],[3.20446,39.88881],[3.18825,39.88162],[3.19721,39.86186],[3.17855,39.84058],[3.12077,39.83209],[3.13507,39.78267],[3.25259,39.72937],[3.32891,39.7598],[3.34812,39.78937],[3.43219,39.7451],[3.46132,39.7481],[3.45269,39.72249],[3.47869,39.71581],[3.45671,39.70551],[3.45235,39.68223],[3.45594,39.65631],[3.44101,39.65648],[3.43629,39.63427],[3.39689,39.62831],[3.38502,39.5928],[3.40407,39.57944],[3.33186,39.54044],[3.34032,39.53488],[3.29185,39.49429],[3.27486,39.41593],[3.26711,39.42784],[3.26096,39.42403],[3.24441,39.37744],[3.22213,39.37287],[3.23223,39.36164],[3.188,39.35194],[3.17106,39.32653],[3.1464,39.32997],[3.06876,39.26672],[3.05012,39.2656],[3.01355,39.31044],[2.98606,39.31591],[2.9908,39.33677],[2.95782,39.36248],[2.91351,39.35242],[2.88194,39.36616],[2.78734,39.36306],[2.74203,39.40624],[2.74731,39.44147],[2.722,39.47572],[2.74841,39.51066],[2.66953,39.56246],[2.63271,39.56843],[2.61991,39.54956],[2.63944,39.55262],[2.63247,39.5452],[2.60107,39.55112],[2.59573,39.5467],[2.59706,39.54351],[2.59032,39.53655],[2.59031,39.53107],[2.58829,39.53346],[2.57609,39.53363],[2.57544,39.53111],[2.56466,39.52803],[2.56159,39.53192],[2.54104,39.52483],[2.52174,39.4566],[2.47608,39.46626],[2.47915,39.49194],[2.45618,39.50477],[2.47961,39.51761],[2.45675,39.53429],[2.41944,39.52289],[2.41366,39.53901],[2.38693,39.52088],[2.38853,39.53375],[2.36302,39.5328],[2.39051,39.54621],[2.3465,39.5646],[2.35601,39.60556],[2.46222,39.65201],[2.52787,39.70155],[2.58551,39.71628],[2.61983,39.75595],[2.6632,39.7724],[2.66943,39.79223],[2.69445,39.79133],[2.69946,39.81085],[2.7756,39.83985],[2.77837,39.85559],[2.84501,39.86174],[2.95037,39.92008],[2.98266,39.90825],[3.02814,39.93508],[3.06101,39.93264],[3.0603,39.91984],[3.1205,39.93139],[3.16567,39.95992],[3.21365,39.95751]],[[4.09416,40.08797],[4.09285,40.0596],[4.10336,40.04448],[4.13353,40.06325],[4.1266,40.02615],[4.14081,40.03592],[4.13655,40.06708],[4.15549,40.06791],[4.17272,40.06019],[4.1608,40.03348],[4.17108,40.03649],[4.18223,40.02179],[4.19531,40.03221],[4.19411,40.00984],[4.20528,39.99303],[4.20756,40.01302],[4.22046,39.99669],[4.26985,39.99654],[4.25485,39.99286],[4.26617,39.98192],[4.25477,39.96394],[4.26547,39.94991],[4.28066,39.94991],[4.27434,39.93367],[4.30971,39.88036],[4.32779,39.87696],[4.31035,39.87004],[4.31028,39.87818],[4.29612,39.89186],[4.2565,39.89711],[4.30743,39.86543],[4.28754,39.81519],[4.26918,39.80908],[4.2188,39.82913],[4.21102,39.82934],[4.20819,39.82483],[4.05861,39.90596],[3.95951,39.93835],[3.90018,39.92247],[3.82098,39.9256],[3.83596,40.00245],[3.79901,39.99778],[3.79079,40.01613],[3.82235,40.05115],[3.89861,40.05983],[3.92127,40.04534],[3.93395,40.06292],[3.97873,40.0511],[4.01617,40.05559],[4.03212,40.06556],[4.04106,40.05594],[4.05373,40.05187],[4.08939,40.06898],[4.08149,40.08911],[4.09416,40.08797]],[[4.16878,40.05718],[4.16816,40.0576],[4.16763,40.05725],[4.16801,40.05682],[4.16878,40.05718]],[[4.03004,39.91557],[4.03038,39.91638],[4.03009,39.91674],[4.02972,39.91587],[4.03004,39.91557]],[[1.53253,39.11839],[1.55714,39.09331],[1.60424,39.09089],[1.59846,39.08242],[1.60991,39.0793],[1.58798,39.06332],[1.62154,39.0277],[1.58522,39.01572],[1.57789,39.00106],[1.58134,38.98934],[1.52738,38.98245],[1.52885,38.94497],[1.51019,38.9468],[1.47683,38.91302],[1.45507,38.91705],[1.45718,38.90372],[1.45056,38.9117],[1.43954,38.91667],[1.43863,38.90253],[1.42128,38.9036],[1.40316,38.87485],[1.40633,38.83172],[1.38446,38.8424],[1.3712,38.83042],[1.34326,38.87106],[1.32042,38.85578],[1.31476,38.86808],[1.29739,38.86221],[1.29587,38.87716],[1.26771,38.87803],[1.2553,38.85974],[1.24805,38.8558],[1.22417,38.87081],[1.21331,38.90199],[1.23648,38.93879],[1.21494,38.95816],[1.22918,38.97454],[1.30653,38.97241],[1.28446,38.99386],[1.29894,39.00953],[1.29393,39.03154],[1.35884,39.07406],[1.36608,39.06417],[1.37516,39.06226],[1.42628,39.09254],[1.44053,39.08051],[1.4627,39.10355],[1.48843,39.11054],[1.49238,39.10166],[1.49494,39.10179],[1.49836,39.09878],[1.53253,39.11839]],[[1.29965,38.87013],[1.29966,38.87156],[1.29906,38.87172],[1.29913,38.87067],[1.29965,38.87013]],[[1.43589,38.76176],[1.49647,38.68824],[1.53029,38.67281],[1.56906,38.69162],[1.58472,38.6628],[1.52413,38.65301],[1.44719,38.68499],[1.38553,38.64134],[1.38027,38.71931],[1.39658,38.73548],[1.41925,38.72251],[1.43327,38.77165],[1.43589,38.76176]],[[1.43046,38.75465],[1.42999,38.7538],[1.4309,38.75326],[1.43117,38.7537],[1.43046,38.75465]],[[1.45671,38.72655],[1.45603,38.72649],[1.45596,38.72624],[1.45728,38.72622],[1.45671,38.72655]],[[2.9512,39.16548],[2.9766,39.15803],[2.95665,39.14757],[2.95793,39.12691],[2.9195,39.12895],[2.91689,39.16162],[2.93168,39.14333],[2.93109,39.15649],[2.94967,39.14841],[2.9512,39.16548]],[[2.33858,39.5977],[2.31866,39.57673],[2.30319,39.57282],[2.30971,39.58347],[2.33858,39.5977]],[[2.96622,39.19046],[2.97296,39.18665],[2.96162,39.17544],[2.95502,39.18235],[2.96622,39.19046]],[[1.42342,38.79657],[1.43162,38.78414],[1.43333,38.77494],[1.43222,38.77397],[1.42649,38.78206],[1.41937,38.7793],[1.42342,38.79657]],[[1.21477,38.98959],[1.21892,38.9784],[1.21408,38.97593],[1.20623,38.98943],[1.21477,38.98959]],[[1.20023,38.87067],[1.203,38.86466],[1.18843,38.8626],[1.19557,38.86992],[1.20023,38.87067]],[[4.27806,39.96668],[4.28403,39.95981],[4.27296,39.95671],[4.27356,39.96435],[4.27806,39.96668]],[[1.64143,39.04152],[1.64643,39.04046],[1.65044,39.03222],[1.63983,39.03476],[1.64143,39.04152]],[[1.47785,38.80025],[1.48241,38.79924],[1.4803,38.78797],[1.4741,38.7974],[1.47777,38.80505],[1.47785,38.80025]],[[4.29002,39.80232],[4.29611,39.80027],[4.28543,39.79929],[4.28197,39.80097],[4.29002,39.80232]],[[4.30611,39.8783],[4.30574,39.87558],[4.30725,39.87133],[4.30121,39.8815],[4.30611,39.8783]],[[1.19861,38.9597],[1.19872,38.95642],[1.18977,38.95782],[1.19296,38.95975],[1.19861,38.9597]],[[1.21747,38.97047],[1.22014,38.96818],[1.21576,38.96685],[1.2151,38.9726],[1.21747,38.97047]],[[1.21138,38.87],[1.2154,38.86903],[1.21386,38.86588],[1.20663,38.86826],[1.21138,38.87]],[[3.14797,39.92161],[3.15004,39.91999],[3.14409,39.92262],[3.14553,39.92303],[3.14797,39.92161]],[[2.97664,39.16973],[2.97861,39.16788],[2.97729,39.16639],[2.97451,39.16779],[2.97664,39.16973]],[[2.45439,39.5005],[2.45198,39.49949],[2.4476,39.49538],[2.451,39.49991],[2.45439,39.5005]],[[4.07669,40.09187],[4.0762,40.09081],[4.07292,40.09247],[4.07549,40.09457],[4.07669,40.09187]],[[4.21228,40.01829],[4.21203,40.01629],[4.20815,40.01411],[4.2087,40.01685],[4.21228,40.01829]],[[1.41049,38.81823],[1.41231,38.81464],[1.41146,38.8138],[1.40918,38.81749],[1.41049,38.81823]],[[3.01204,39.3053],[3.01197,39.30351],[3.00818,39.30467],[3.01061,39.30578],[3.01204,39.3053]],[[1.41879,38.79384],[1.42009,38.79256],[1.41985,38.79162],[1.41683,38.79486],[1.41879,38.79384]],[[2.97359,39.19807],[2.974,39.19585],[2.97096,39.19585],[2.97108,39.19776],[2.97359,39.19807]],[[2.5433,39.50521],[2.54647,39.50395],[2.54707,39.50277],[2.54519,39.50259],[2.5433,39.50521]],[[4.20949,40.01779],[4.20839,40.01913],[4.20873,40.02207],[4.21065,40.02019],[4.20992,40.01963],[4.20949,40.01779]],[[2.58884,39.53081],[2.58871,39.52865],[2.58584,39.52809],[2.58762,39.53079],[2.58884,39.53081]],[[1.58468,38.98484],[1.58487,38.98217],[1.58381,38.98217],[1.58301,38.98515],[1.58468,38.98484]],[[4.28725,39.88567],[4.2861,39.88598],[4.28656,39.88815],[4.2888,39.88679],[4.28725,39.88567]],[[4.03207,40.06867],[4.03325,40.0685],[4.03103,40.06645],[4.03112,40.0695],[4.03207,40.06867]],[[2.7105,39.81582],[2.7089,39.8167],[2.70968,39.81915],[2.71086,39.81705],[2.7105,39.81582]],[[1.16519,38.97303],[1.16638,38.97294],[1.16709,38.97185],[1.16493,38.97165],[1.16519,38.97303]],[[3.13136,39.94426],[3.12994,39.94425],[3.13221,39.94605],[3.13215,39.94494],[3.13136,39.94426]],[[2.97489,39.20098],[2.9739,39.19962],[2.97132,39.20047],[2.97209,39.20101],[2.97489,39.20098]],[[4.13722,40.04528],[4.13602,40.04638],[4.13678,40.04809],[4.13755,40.04641],[4.13722,40.04528]],[[2.95865,39.12626],[2.95994,39.12593],[2.96045,39.12519],[2.9584,39.12441],[2.95865,39.12626]],[[3.00232,39.3101],[3.00153,39.30943],[2.99979,39.31024],[3.00087,39.31122],[3.00232,39.3101]],[[2.3488,39.57635],[2.34717,39.57638],[2.34731,39.57768],[2.34853,39.57763],[2.3488,39.57635]],[[3.16999,39.83604],[3.17143,39.83592],[3.17166,39.83527],[3.16943,39.8347],[3.16999,39.83604]],[[1.16099,38.98009],[1.1603,38.979],[1.15866,38.97963],[1.16124,38.98112],[1.16099,38.98009]],[[4.22285,39.82373],[4.22131,39.82184],[4.2198,39.82191],[4.22146,39.82413],[4.22285,39.82373]],[[1.43201,39.09113],[1.43153,39.09155],[1.43254,39.09308],[1.43275,39.09198],[1.43201,39.09113]],[[2.97966,39.2066],[2.97827,39.20657],[2.97799,39.20725],[2.97871,39.20778],[2.97966,39.2066]],[[1.42305,38.79917],[1.42374,38.79826],[1.42123,38.79869],[1.42234,38.79962],[1.42305,38.79917]],[[3.01037,39.29856],[3.00974,39.29809],[3.00982,39.30002],[3.01006,39.29988],[3.01037,39.29856]],[[1.40458,38.81633],[1.4041,38.81567],[1.40239,38.81581],[1.40447,38.81692],[1.40458,38.81633]],[[1.16553,38.96866],[1.16652,38.96846],[1.16494,38.96745],[1.16474,38.9684],[1.16553,38.96866]],[[1.4176,38.7744],[1.41724,38.77376],[1.41605,38.77351],[1.41717,38.77494],[1.4176,38.7744]],[[1.48197,38.78769],[1.4833,38.78758],[1.48433,38.78704],[1.48135,38.78768],[1.48197,38.78769]],[[1.31527,39.04957],[1.31602,39.04875],[1.31481,39.04973],[1.31642,39.05065],[1.31527,39.04957]],[[4.04344,40.05845],[4.04357,40.05765],[4.04151,40.05768],[4.04334,40.05859],[4.04344,40.05845]],[[2.4558,39.50281],[2.45631,39.50189],[2.45464,39.5027],[2.45483,39.50283],[2.4558,39.50281]],[[4.29924,39.88132],[4.29832,39.8815],[4.29795,39.88295],[4.29837,39.88292],[4.29924,39.88132]],[[2.93897,39.12464],[2.93955,39.12597],[2.94034,39.12543],[2.94007,39.12497],[2.93897,39.12464]],[[4.29031,39.91143],[4.28939,39.91198],[4.28959,39.91283],[4.29072,39.91255],[4.29031,39.91143]],[[2.57302,39.5298],[2.57394,39.52985],[2.57422,39.52929],[2.57339,39.52877],[2.57302,39.5298]],[[1.18953,38.95687],[1.18935,38.95646],[1.18819,38.9567],[1.18934,38.95771],[1.18953,38.95687]],[[1.42425,38.89702],[1.42426,38.89663],[1.42297,38.89578],[1.42303,38.89703],[1.42425,38.89702]],[[1.58706,39.00104],[1.58637,39.00141],[1.58688,39.00235],[1.58758,39.00157],[1.58706,39.00104]],[[1.57882,38.98275],[1.57898,38.98215],[1.57749,38.98182],[1.57808,38.98274],[1.57882,38.98275]],[[4.02746,40.06536],[4.02841,40.06542],[4.02722,40.06438],[4.02681,40.06536],[4.02746,40.06536]],[[1.59357,39.0981],[1.5923,39.09799],[1.59212,39.09904],[1.59359,39.09832],[1.59357,39.0981]],[[2.5926,39.53425],[2.59316,39.53345],[2.59136,39.53408],[2.59185,39.5345],[2.5926,39.53425]],[[1.29377,39.01076],[1.29299,39.01072],[1.293,39.01185],[1.29328,39.01187],[1.29377,39.01076]],[[1.43871,38.88757],[1.43799,38.88805],[1.43887,38.88869],[1.43908,38.88815],[1.43871,38.88757]],[[2.98377,39.32601],[2.98195,39.32511],[2.98153,39.32533],[2.98419,39.32641],[2.98377,39.32601]],[[2.47525,39.46554],[2.47463,39.46471],[2.47402,39.46522],[2.47471,39.4659],[2.47525,39.46554]],[[4.08131,40.09023],[4.08238,40.08991],[4.08284,40.09006],[4.08252,40.08982],[4.08124,40.08978],[4.08068,40.09063],[4.08131,40.09023]],[[4.20448,40.0146],[4.20448,40.01404],[4.20532,40.01366],[4.20384,40.01402],[4.20448,40.0146]],[[4.28008,39.95027],[4.27952,39.95082],[4.28045,39.95122],[4.2806,39.95109],[4.28008,39.95027]],[[4.13222,40.06408],[4.13183,40.06379],[4.13087,40.06442],[4.13166,40.06469],[4.13222,40.06408]],[[1.61059,39.08058],[1.61083,39.0816],[1.61134,39.08172],[1.61138,39.08098],[1.61059,39.08058]],[[1.40446,38.81421],[1.40517,38.81383],[1.40282,38.81415],[1.4038,38.81455],[1.40446,38.81421]],[[2.94276,39.12596],[2.94345,39.12584],[2.9441,39.12539],[2.94235,39.12563],[2.94276,39.12596]],[[2.4711,39.46168],[2.47175,39.46263],[2.47244,39.46282],[2.47194,39.46212],[2.4711,39.46168]],[[1.42599,38.7769],[1.42681,38.77677],[1.4273,38.77616],[1.42557,38.77683],[1.42599,38.7769]],[[2.97711,39.20261],[2.97739,39.20254],[2.97593,39.20161],[2.97608,39.20262],[2.97711,39.20261]],[[1.49432,39.10265],[1.49374,39.10282],[1.49487,39.10356],[1.4948,39.10297],[1.49432,39.10265]],[[1.19545,38.871],[1.1956,38.87146],[1.19689,38.87201],[1.19625,38.87137],[1.19545,38.871]],[[2.96139,39.13864],[2.96221,39.13854],[2.96274,39.13823],[2.96082,39.13855],[2.96139,39.13864]],[[4.13767,40.04369],[4.13706,40.04442],[4.13736,40.04488],[4.13772,40.04457],[4.13767,40.04369]],[[3.40623,39.77017],[3.40685,39.7701],[3.40692,39.76993],[3.40573,39.7697],[3.40623,39.77017]],[[2.93902,39.12619],[2.93941,39.12595],[2.93776,39.12599],[2.93806,39.12618],[2.93902,39.12619]],[[4.03503,40.06545],[4.03379,40.06526],[4.03362,40.06548],[4.0348,40.06572],[4.03503,40.06545]],[[3.03675,39.27954],[3.03621,39.27899],[3.0356,39.27923],[3.03575,39.27952],[3.03675,39.27954]],[[2.93558,39.12217],[2.93686,39.12202],[2.93699,39.12179],[2.93556,39.12184],[2.93558,39.12217]],[[2.96584,39.1947],[2.96537,39.19471],[2.96468,39.1955],[2.96551,39.19524],[2.96584,39.1947]],[[1.2022,38.95853],[1.20118,38.9583],[1.20096,38.95875],[1.20161,38.95875],[1.2022,38.95853]],[[1.21876,38.96526],[1.21743,38.96469],[1.21719,38.9649],[1.21787,38.96526],[1.21876,38.96526]],[[1.61029,39.08065],[1.60983,39.08009],[1.60913,39.08007],[1.60967,39.08061],[1.61029,39.08065]],[[2.54076,39.47797],[2.54046,39.4779],[2.54116,39.47907],[2.54103,39.47829],[2.54076,39.47797]],[[4.21324,40.01483],[4.21284,40.01446],[4.21219,40.0145],[4.21318,40.01507],[4.21324,40.01483]],[[2.98877,39.33367],[2.98892,39.334],[2.98986,39.33394],[2.98877,39.33367]],[[-5.84083,43.66062],[-5.83002,43.64012],[-5.7831,43.6313],[-5.79097,43.6142],[-5.75558,43.58337],[-5.71197,43.56862],[-5.67611,43.57098],[-5.70126,43.56615],[-5.67916,43.54124],[-5.61756,43.55902],[-5.49378,43.54402],[-5.41325,43.55487],[-5.38822,43.52974],[-5.2954,43.53516],[-5.21623,43.4749],[-5.12352,43.48461],[-5.03704,43.46068],[-4.9829,43.45493],[-4.92607,43.46239],[-4.69931,43.40479],[-4.68087,43.40923],[-4.56744,43.39202],[-4.51873,43.39581],[-4.51084,43.37991],[-4.53444,43.36834],[-4.53946,43.34396],[-4.52235,43.33578],[-4.52171,43.28063],[-4.54777,43.26869],[-4.55524,43.2881],[-4.60655,43.30055],[-4.63188,43.26765],[-4.73094,43.25734],[-4.71968,43.23582],[-4.74581,43.18412],[-4.84102,43.18078],[-4.87124,43.22813],[-4.91143,43.23736],[-4.96392,43.21244],[-4.99686,43.1731],[-5.07586,43.18153],[-5.10173,43.10185],[-5.1478,43.11512],[-5.2166,43.08449],[-5.28212,43.07743],[-5.36914,43.09458],[-5.39045,43.04934],[-5.47852,43.05491],[-5.49375,43.02135],[-5.57014,43.02273],[-5.69335,43.05648],[-5.72838,43.04251],[-5.76386,42.97013],[-5.80401,42.96262],[-5.91462,42.9927],[-5.95674,43.01859],[-5.97503,43.06542],[-6.02021,43.05488],[-6.08188,43.07572],[-6.09596,43.03128],[-6.13667,43.02099],[-6.1784,43.0478],[-6.21556,43.0472],[-6.22681,43.00891],[-6.28519,43.03637],[-6.32649,43.03133],[-6.35909,43.05958],[-6.39705,43.03832],[-6.39435,43.01661],[-6.41111,43.01693],[-6.40758,42.99949],[-6.42408,42.98788],[-6.47814,42.99121],[-6.47301,42.96775],[-6.43364,42.96416],[-6.4331,42.93976],[-6.54123,42.91251],[-6.63878,42.92546],[-6.72266,42.91749],[-6.77285,42.88254],[-6.77067,42.89862],[-6.8358,42.91635],[-6.83609,42.95776],[-6.87107,42.98858],[-6.91032,42.99014],[-6.9571,43.03678],[-6.96196,42.99072],[-6.99717,43.01948],[-6.98191,43.04137],[-6.96464,43.03467],[-6.96859,43.05722],[-6.93869,43.08651],[-6.91559,43.07342],[-6.8276,43.12319],[-6.82155,43.14324],[-6.83891,43.16614],[-6.87171,43.17987],[-6.86825,43.19002],[-6.8854,43.1568],[-6.95736,43.13548],[-6.98077,43.16655],[-6.9649,43.18755],[-6.97102,43.20425],[-7.00144,43.20728],[-7.00958,43.22288],[-7.02005,43.21324],[-7.06159,43.24405],[-7.07151,43.27122],[-7.05978,43.30534],[-7.10093,43.30381],[-7.13121,43.33135],[-7.12753,43.3726],[-7.18249,43.39246],[-7.16855,43.40359],[-7.17299,43.43041],[-7.10166,43.42748],[-7.08915,43.45512],[-7.04827,43.47708],[-7.04718,43.50899],[-7.02322,43.55958],[-7.01732,43.55594],[-7.00597,43.55502],[-7.00318,43.55743],[-7.00018,43.55412],[-6.97406,43.55675],[-6.92538,43.57499],[-6.91025,43.56645],[-6.87626,43.56241],[-6.82831,43.56638],[-6.81109,43.55446],[-6.78496,43.556],[-6.76695,43.56879],[-6.72205,43.55598],[-6.7095,43.56411],[-6.68475,43.55866],[-6.62631,43.57291],[-6.59848,43.55403],[-6.5333,43.54523],[-6.4745,43.55026],[-6.47023,43.57116],[-6.44549,43.56275],[-6.44503,43.56116],[-6.44445,43.56103],[-6.44461,43.56021],[-6.44389,43.55954],[-6.44266,43.55902],[-6.43907,43.55891],[-6.43883,43.55614],[-6.42975,43.55276],[-6.35577,43.55115],[-6.30364,43.56337],[-6.29575,43.56664],[-6.29882,43.5693],[-6.29706,43.57116],[-6.29636,43.56955],[-6.28543,43.56997],[-6.26774,43.57898],[-6.25595,43.57779],[-6.24451,43.59518],[-6.20306,43.57291],[-6.18821,43.57954],[-6.18637,43.5639],[-6.15447,43.57073],[-6.15424,43.56835],[-6.15115,43.5697],[-6.14743,43.5675],[-6.14736,43.56368],[-6.11299,43.55543],[-6.09251,43.55832],[-6.07819,43.56466],[-6.07908,43.56785],[-6.07737,43.57041],[-6.07793,43.5643],[-6.06603,43.5659],[-6.01727,43.58826],[-5.9971,43.57412],[-5.95633,43.57976],[-5.91499,43.60803],[-5.91478,43.62371],[-5.88725,43.62322],[-5.86667,43.63132],[-5.84083,43.66062]],[[-5.59043,43.54901],[-5.59126,43.54981],[-5.59167,43.54987],[-5.59125,43.54888],[-5.59043,43.54901]],[[-6.03088,43.59203],[-6.03171,43.58919],[-6.03477,43.58886],[-6.03353,43.59144],[-6.03088,43.59203]],[[-4.78823,43.43539],[-4.78933,43.43295],[-4.79135,43.43392],[-4.79123,43.43543],[-4.78823,43.43539]],[[-4.57432,43.39884],[-4.57405,43.39783],[-4.57647,43.39797],[-4.57537,43.40012],[-4.57432,43.39884]],[[-5.86313,43.6638],[-5.8636,43.66179],[-5.86598,43.66332],[-5.8636,43.66454],[-5.86313,43.6638]],[[-4.81063,43.43858],[-4.80851,43.43845],[-4.80836,43.43769],[-4.81117,43.43725],[-4.81063,43.43858]],[[-6.98522,43.56116],[-6.98605,43.55972],[-6.98776,43.55951],[-6.9871,43.56114],[-6.98522,43.56116]],[[-6.75334,43.56635],[-6.75223,43.56751],[-6.75136,43.56722],[-6.75232,43.56469],[-6.75334,43.56635]],[[-6.9873,43.55894],[-6.98745,43.55795],[-6.98948,43.55837],[-6.98896,43.55925],[-6.9873,43.55894]],[[-6.65875,43.56885],[-6.65964,43.56766],[-6.66134,43.56877],[-6.65931,43.56941],[-6.65875,43.56885]],[[-6.29306,43.57207],[-6.29227,43.5719],[-6.29503,43.57182],[-6.29259,43.57281],[-6.29306,43.57207]],[[-6.19192,43.58061],[-6.19349,43.58087],[-6.19304,43.58194],[-6.19175,43.58209],[-6.19192,43.58061]],[[-4.73026,43.41864],[-4.73048,43.41717],[-4.73161,43.4175],[-4.7316,43.41848],[-4.73026,43.41864]],[[-6.41653,43.5606],[-6.41764,43.55898],[-6.41871,43.55989],[-6.41731,43.5608],[-6.41653,43.5606]],[[-6.87416,43.56743],[-6.87305,43.56696],[-6.87434,43.56586],[-6.87492,43.56663],[-6.87416,43.56743]],[[-4.8232,43.43714],[-4.82382,43.43839],[-4.82249,43.43874],[-4.82195,43.43827],[-4.8232,43.43714]],[[-4.82491,43.4384],[-4.82687,43.43759],[-4.82733,43.43818],[-4.82665,43.43891],[-4.82491,43.4384]],[[-6.09607,43.55911],[-6.09695,43.55935],[-6.09598,43.56087],[-6.09523,43.56039],[-6.09607,43.55911]],[[-6.24389,43.5963],[-6.24273,43.5962],[-6.2431,43.5952],[-6.24462,43.59548],[-6.24389,43.5963]],[[-5.76544,43.60557],[-5.76678,43.6055],[-5.76774,43.60724],[-5.76665,43.60625],[-5.76544,43.60557]],[[-4.77535,43.43275],[-4.77636,43.43277],[-4.77663,43.43301],[-4.77524,43.43386],[-4.77535,43.43275]],[[-4.70837,43.41577],[-4.70867,43.41498],[-4.71022,43.41495],[-4.70945,43.41549],[-4.70837,43.41577]],[[-4.79631,43.43345],[-4.79778,43.43414],[-4.79808,43.43453],[-4.79634,43.43432],[-4.79631,43.43345]],[[-6.22694,43.59147],[-6.2263,43.59088],[-6.22674,43.58993],[-6.22738,43.59112],[-6.22694,43.59147]],[[-6.94912,43.56984],[-6.95011,43.56968],[-6.9506,43.57069],[-6.94986,43.57067],[-6.94912,43.56984]],[[-6.8709,43.56915],[-6.87019,43.56917],[-6.87073,43.56808],[-6.87135,43.56831],[-6.8709,43.56915]],[[-6.06866,43.56754],[-6.07413,43.56885],[-6.07436,43.56904],[-6.0696,43.56794],[-6.06866,43.56754]],[[-6.23163,43.59143],[-6.23251,43.59165],[-6.23205,43.59274],[-6.23136,43.59239],[-6.23163,43.59143]],[[-5.85547,43.65676],[-5.8563,43.65771],[-5.85579,43.65831],[-5.85538,43.65752],[-5.85547,43.65676]],[[-6.76546,43.56988],[-6.76487,43.56993],[-6.76454,43.56929],[-6.7657,43.56923],[-6.76546,43.56988]],[[-6.89075,43.57056],[-6.89121,43.57018],[-6.88987,43.57172],[-6.88993,43.57109],[-6.89075,43.57056]],[[-6.7664,43.57368],[-6.76798,43.57434],[-6.76822,43.57471],[-6.7662,43.5739],[-6.7664,43.57368]],[[-6.46141,43.57039],[-6.4618,43.56973],[-6.46243,43.57018],[-6.46173,43.57063],[-6.46141,43.57039]],[[-4.73737,43.41674],[-4.73803,43.41707],[-4.73837,43.41783],[-4.73771,43.41795],[-4.73737,43.41674]],[[-6.32059,43.56441],[-6.32068,43.56357],[-6.32143,43.56379],[-6.32081,43.56488],[-6.32059,43.56441]],[[-6.38003,43.55854],[-6.37988,43.55777],[-6.38068,43.55761],[-6.38077,43.55861],[-6.38003,43.55854]],[[-7.01912,43.55965],[-7.01843,43.55902],[-7.02013,43.55911],[-7.0196,43.55962],[-7.01912,43.55965]],[[-6.8731,43.56548],[-6.87389,43.5656],[-6.87308,43.56647],[-6.87284,43.56579],[-6.8731,43.56548]],[[-4.85898,43.44588],[-4.85994,43.44607],[-4.86012,43.44633],[-4.85938,43.44657],[-4.85898,43.44588]],[[-6.30763,43.5686],[-6.3084,43.56928],[-6.30846,43.56975],[-6.30765,43.56925],[-6.30763,43.5686]],[[-6.94707,43.5738],[-6.94769,43.57414],[-6.94686,43.57486],[-6.94675,43.57407],[-6.94707,43.5738]],[[-6.95748,43.5652],[-6.95751,43.56468],[-6.95848,43.56464],[-6.95809,43.56513],[-6.95748,43.5652]],[[-6.87524,43.56675],[-6.87575,43.56705],[-6.87452,43.5679],[-6.87449,43.56761],[-6.87524,43.56675]],[[-6.03223,43.59277],[-6.03261,43.59171],[-6.03323,43.5917],[-6.03266,43.59261],[-6.03223,43.59277]],[[-4.72926,43.41654],[-4.72915,43.41709],[-4.72821,43.41704],[-4.72857,43.41662],[-4.72926,43.41654]],[[-6.27192,43.58368],[-6.27113,43.58377],[-6.27261,43.58342],[-6.27192,43.58368]],[[-6.28026,43.57527],[-6.28078,43.57483],[-6.28128,43.57494],[-6.28054,43.57565],[-6.28026,43.57527]],[[-6.51316,43.55248],[-6.51385,43.55195],[-6.51414,43.55211],[-6.51282,43.55285],[-6.51316,43.55248]],[[-6.4097,43.5581],[-6.41099,43.55824],[-6.40936,43.55837],[-6.4097,43.5581]],[[-4.7289,43.41742],[-4.72964,43.41729],[-4.73003,43.4174],[-4.72938,43.41779],[-4.7289,43.41742]],[[-4.62324,43.40221],[-4.62336,43.40209],[-4.62464,43.4023],[-4.624,43.40251],[-4.62324,43.40221]],[[-6.30241,43.5658],[-6.30274,43.5659],[-6.30169,43.5663],[-6.30182,43.566],[-6.30241,43.5658]],[[-6.40069,43.55824],[-6.40101,43.55833],[-6.39992,43.55897],[-6.39996,43.55879],[-6.40069,43.55824]],[[-6.47251,43.57112],[-6.47184,43.57097],[-6.47291,43.57102],[-6.47251,43.57112]],[[-6.50801,43.55073],[-6.50771,43.55132],[-6.50699,43.55149],[-6.50801,43.55073]],[[-6.49933,43.55184],[-6.49978,43.5515],[-6.50039,43.55146],[-6.49981,43.55198],[-6.49933,43.55184]],[[-5.77949,43.61301],[-5.77994,43.61305],[-5.78078,43.61366],[-5.78065,43.61371],[-5.77949,43.61301]],[[-6.44464,43.56336],[-6.44485,43.56334],[-6.44376,43.56414],[-6.44464,43.56336]],[[-4.76277,43.42586],[-4.76344,43.42577],[-4.76391,43.42594],[-4.76277,43.42586]],[[-4.78271,43.43336],[-4.78244,43.43316],[-4.78351,43.43329],[-4.78271,43.43336]],[[-7.68029,43.78714],[-7.66231,43.77481],[-7.70106,43.73695],[-7.70259,43.68636],[-7.7193,43.68738],[-7.691,43.65405],[-7.73548,43.62214],[-7.71792,43.58341],[-7.74625,43.58076],[-7.76031,43.54803],[-7.74443,43.5119],[-7.82166,43.40168],[-7.88194,43.40753],[-7.89819,43.39113],[-7.88695,43.33718],[-7.94711,43.28602],[-7.92185,43.26946],[-7.96139,43.18984],[-7.91683,43.08827],[-7.94298,43.06762],[-7.90531,42.9854],[-7.9163,42.9323],[-7.94332,42.91735],[-7.93551,42.90346],[-7.99543,42.85036],[-8.04593,42.83149],[-8.07508,42.85331],[-8.11685,42.84119],[-8.18327,42.86014],[-8.2208,42.84429],[-8.20727,42.82516],[-8.25457,42.8367],[-8.28058,42.81087],[-8.3151,42.84585],[-8.32529,42.83119],[-8.33968,42.84064],[-8.33163,42.79443],[-8.35472,42.77882],[-8.39208,42.78936],[-8.41466,42.7666],[-8.40733,42.75402],[-8.47035,42.74368],[-8.55654,42.76061],[-8.55497,42.74651],[-8.59993,42.74312],[-8.60664,42.71515],[-8.65094,42.72915],[-8.7183,42.706],[-8.74696,42.65081],[-8.77,42.65308],[-8.79489,42.63659],[-8.82594,42.6461],[-8.82237,42.64616],[-8.81226,42.66723],[-8.8446,42.68704],[-8.84,42.66103],[-8.85204,42.66522],[-8.8611,42.64643],[-8.83774,42.63229],[-8.85893,42.62661],[-8.85739,42.60638],[-8.88768,42.61053],[-8.87349,42.63238],[-8.89892,42.64456],[-8.93729,42.60709],[-8.91988,42.587],[-8.9883,42.56584],[-8.99591,42.52957],[-9.04284,42.51737],[-9.02973,42.54802],[-9.03926,42.56556],[-9.09142,42.57649],[-9.091,42.57805],[-9.08949,42.57739],[-9.08186,42.578],[-9.07926,42.58012],[-9.07921,42.59808],[-9.06451,42.60034],[-9.04053,42.63736],[-9.0338,42.6952],[-8.99093,42.74053],[-8.95421,42.7485],[-8.92458,42.78829],[-8.90392,42.78844],[-8.90416,42.81383],[-8.87942,42.81609],[-8.87572,42.82891],[-8.88776,42.81575],[-8.89905,42.829],[-8.90885,42.82515],[-8.90896,42.79635],[-8.93134,42.80731],[-8.96312,42.77857],[-8.97484,42.79135],[-8.97864,42.79],[-8.98159,42.77806],[-9.01784,42.78097],[-9.02017,42.80071],[-9.06388,42.78691],[-9.04789,42.76968],[-9.08634,42.73774],[-9.11567,42.75413],[-9.13457,42.7907],[-9.14059,42.7961],[-9.15105,42.79805],[-9.11218,42.81299],[-9.10819,42.8355],[-9.13824,42.84986],[-9.14562,42.8672],[-9.15022,42.87216],[-9.12548,42.90561],[-9.16077,42.91188],[-9.17278,42.9443],[-9.19099,42.9519],[-9.18905,42.91531],[-9.23332,42.94092],[-9.23328,42.92684],[-9.26268,42.9193],[-9.27327,42.88006],[-9.27553,42.91035],[-9.29792,42.92308],[-9.25723,43.00245],[-9.30139,43.04942],[-9.26192,43.04858],[-9.24954,43.07146],[-9.25776,43.09069],[-9.22101,43.08843],[-9.2202,43.11399],[-9.19841,43.10398],[-9.19038,43.09008],[-9.16713,43.10546],[-9.16448,43.15267],[-9.19273,43.12209],[-9.21408,43.16185],[-9.19929,43.15436],[-9.18021,43.16831],[-9.17455,43.19156],[-9.16136,43.18327],[-9.15013,43.19537],[-9.10697,43.18531],[-9.09997,43.1874],[-9.09828,43.18989],[-9.09849,43.19313],[-9.09067,43.18062],[-9.05967,43.18497],[-9.01286,43.23346],[-8.99599,43.21627],[-8.9809,43.22935],[-8.93975,43.22687],[-8.95276,43.26347],[-8.97685,43.26199],[-8.99129,43.27474],[-8.98481,43.28231],[-8.95679,43.29374],[-8.92772,43.28198],[-8.9064,43.29419],[-8.91146,43.30304],[-8.90656,43.30608],[-8.9118,43.32092],[-8.87553,43.3125],[-8.84833,43.31956],[-8.8412,43.34528],[-8.785,43.30386],[-8.74772,43.2943],[-8.72591,43.29893],[-8.71159,43.28997],[-8.60718,43.32234],[-8.60401,43.31782],[-8.56811,43.31178],[-8.53503,43.31596],[-8.50587,43.33063],[-8.4933,43.36039],[-8.45674,43.35982],[-8.43976,43.3815],[-8.40886,43.36926],[-8.40077,43.38997],[-8.37429,43.36505],[-8.40402,43.36369],[-8.37844,43.35727],[-8.38704,43.33948],[-8.35607,43.34354],[-8.33779,43.37695],[-8.35529,43.39035],[-8.30686,43.40567],[-8.20882,43.32784],[-8.22305,43.38689],[-8.1737,43.4199],[-8.23317,43.42929],[-8.25937,43.41786],[-8.2797,43.43662],[-8.31656,43.44501],[-8.25492,43.46618],[-8.20147,43.46007],[-8.1696,43.48052],[-8.17003,43.49846],[-8.15232,43.50409],[-8.15137,43.5175],[-8.20048,43.47718],[-8.24859,43.47619],[-8.24732,43.49333],[-8.26619,43.46771],[-8.34109,43.45837],[-8.31969,43.49804],[-8.33227,43.51304],[-8.29632,43.53502],[-8.32207,43.56523],[-8.26008,43.5579],[-8.19246,43.60308],[-8.18843,43.62113],[-8.15551,43.61528],[-8.09329,43.66662],[-8.08682,43.66148],[-8.07729,43.64421],[-8.05387,43.64894],[-8.07589,43.66027],[-8.07579,43.68288],[-8.06663,43.68262],[-8.0684,43.69583],[-8.06344,43.69751],[-8.06414,43.70406],[-8.03298,43.71459],[-8.02556,43.70914],[-8.00039,43.70511],[-7.94657,43.74406],[-7.92273,43.74323],[-7.92207,43.74753],[-7.90446,43.76986],[-7.86835,43.77355],[-7.86821,43.77167],[-7.86336,43.76609],[-7.85927,43.76352],[-7.85922,43.75996],[-7.87203,43.73545],[-7.84927,43.71031],[-7.87602,43.72329],[-7.86935,43.70717],[-7.892,43.68475],[-7.87186,43.67199],[-7.90448,43.67135],[-7.84697,43.6682],[-7.86824,43.6979],[-7.86048,43.70674],[-7.83404,43.71106],[-7.83885,43.6962],[-7.81493,43.69515],[-7.82956,43.71007],[-7.81257,43.72658],[-7.72545,43.74675],[-7.68029,43.78714]],[[-8.35039,43.34891],[-8.35118,43.34841],[-8.34994,43.34771],[-8.34935,43.3487],[-8.35039,43.34891]],[[-7.97654,43.71963],[-7.97636,43.72054],[-7.97795,43.7207],[-7.97762,43.72001],[-7.97654,43.71963]],[[-8.10906,43.64843],[-8.10956,43.64903],[-8.11027,43.64829],[-8.1092,43.64801],[-8.10906,43.64843]],[[-8.47401,43.35694],[-8.47339,43.35792],[-8.4736,43.35803],[-8.47469,43.35691],[-8.47401,43.35694]],[[-9.0361,43.20616],[-9.03649,43.20676],[-9.03734,43.20574],[-9.0365,43.20588],[-9.0361,43.20616]],[[-9.25991,42.99403],[-9.26009,42.99493],[-9.26068,42.99523],[-9.26042,42.9942],[-9.25991,42.99403]],[[-7.87084,43.77206],[-7.87017,43.7723],[-7.87146,43.77233],[-7.87084,43.77206]],[[-8.96213,43.28949],[-8.96209,43.29049],[-8.96242,43.29018],[-8.96213,43.28949]],[[-9.01235,42.48295],[-8.99936,42.4688],[-9.01043,42.46296],[-9.02037,42.47434],[-9.01235,42.48295]],[[-8.83763,43.36233],[-8.8441,43.35525],[-8.84971,43.36124],[-8.84455,43.36108],[-8.83956,43.36304],[-8.83763,43.36233]],[[-8.83354,43.3618],[-8.83084,43.35734],[-8.83413,43.35615],[-8.83571,43.35927],[-8.83354,43.3618]],[[-9.00582,42.50003],[-9.00398,42.49988],[-9.00344,42.49588],[-9.006,42.4966],[-9.00571,42.49785],[-9.00709,42.49947],[-9.00582,42.50003]],[[-8.83387,43.356],[-8.83147,43.35468],[-8.83148,43.35299],[-8.83528,43.35346],[-8.83387,43.356]],[[-8.96539,42.77669],[-8.96329,42.77636],[-8.9631,42.7731],[-8.96649,42.77532],[-8.96539,42.77669]],[[-9.1463,42.81382],[-9.1469,42.8103],[-9.14813,42.80995],[-9.14765,42.81435],[-9.1463,42.81382]],[[-9.04914,42.51046],[-9.04817,42.50938],[-9.04909,42.50705],[-9.05063,42.50919],[-9.04914,42.51046]],[[-8.44776,43.38209],[-8.44597,43.38145],[-8.44795,43.37952],[-8.44925,43.38135],[-8.44776,43.38209]],[[-8.45005,43.37975],[-8.4483,43.37932],[-8.44809,43.3788],[-8.44972,43.37797],[-8.45174,43.37888],[-8.45005,43.37975]],[[-8.9398,42.5511],[-8.93832,42.54907],[-8.93889,42.54803],[-8.94081,42.55013],[-8.9398,42.5511]],[[-8.45314,43.37752],[-8.45095,43.37775],[-8.45022,43.37745],[-8.45249,43.37581],[-8.45314,43.37752]],[[-8.33949,43.51169],[-8.33707,43.51175],[-8.33603,43.51067],[-8.3405,43.51185],[-8.33949,43.51169]],[[-9.15217,43.19631],[-9.15355,43.19611],[-9.1533,43.1983],[-9.15271,43.19781],[-9.15217,43.19631]],[[-8.99629,42.48844],[-8.99615,42.48754],[-8.9983,42.48837],[-8.99719,42.48953],[-8.99629,42.48844]],[[-9.16991,42.86566],[-9.16834,42.86585],[-9.16838,42.86442],[-9.1704,42.86516],[-9.17029,42.86663],[-9.16991,42.86566]],[[-9.15062,42.80556],[-9.14976,42.80421],[-9.15095,42.80343],[-9.15137,42.80542],[-9.15062,42.80556]],[[-8.94197,43.2321],[-8.94353,43.23239],[-8.94374,43.23415],[-8.94233,43.23337],[-8.94197,43.2321]],[[-9.04823,42.51141],[-9.04689,42.51064],[-9.0473,42.50992],[-9.04939,42.51191],[-9.04823,42.51141]],[[-8.8769,43.32115],[-8.87537,43.32009],[-8.87451,43.31906],[-8.87728,43.32041],[-8.8769,43.32115]],[[-9.21264,43.16362],[-9.21345,43.16256],[-9.21447,43.16436],[-9.21385,43.16433],[-9.21264,43.16362]],[[-9.00892,42.51729],[-9.00825,42.51727],[-9.00868,42.51582],[-9.0099,42.51718],[-9.00892,42.51729]],[[-9.11475,43.19772],[-9.11418,43.19672],[-9.11481,43.19555],[-9.11569,43.1972],[-9.11475,43.19772]],[[-9.18693,43.16989],[-9.18585,43.16984],[-9.18517,43.16894],[-9.18688,43.16866],[-9.18693,43.16989]],[[-7.86871,43.77737],[-7.86914,43.7766],[-7.87095,43.7782],[-7.86911,43.77788],[-7.86871,43.77737]],[[-9.18509,42.88128],[-9.18444,42.87992],[-9.186,42.87974],[-9.18616,42.88052],[-9.18509,42.88128]],[[-8.32582,43.52939],[-8.32455,43.52877],[-8.32459,43.52781],[-8.32635,43.52849],[-8.32582,43.52939]],[[-8.26218,43.41877],[-8.26077,43.41858],[-8.26411,43.41782],[-8.26299,43.41929],[-8.26218,43.41877]],[[-9.00166,42.49066],[-9.0027,42.49074],[-9.00255,42.49234],[-9.00179,42.49195],[-9.00166,42.49066]],[[-7.86902,43.78028],[-7.86761,43.78019],[-7.86663,43.77957],[-7.86746,43.77907],[-7.86902,43.78028]],[[-9.22566,43.0993],[-9.22636,43.10092],[-9.22604,43.10128],[-9.22511,43.09994],[-9.22566,43.0993]],[[-9.14168,42.80503],[-9.14217,42.80518],[-9.14277,42.80615],[-9.14134,42.80616],[-9.14168,42.80503]],[[-8.87684,42.60122],[-8.87783,42.60199],[-8.87686,42.60286],[-8.87659,42.602],[-8.87684,42.60122]],[[-9.13567,42.84768],[-9.13513,42.84701],[-9.13539,42.84629],[-9.1366,42.84825],[-9.13567,42.84768]],[[-9.13726,42.80898],[-9.13738,42.80812],[-9.13895,42.80855],[-9.1384,42.80966],[-9.13726,42.80898]],[[-7.85813,43.76659],[-7.85807,43.76572],[-7.85971,43.76628],[-7.85925,43.76662],[-7.85813,43.76659]],[[-9.04273,42.66212],[-9.04188,42.66109],[-9.04399,42.66155],[-9.04359,42.6622],[-9.04273,42.66212]],[[-9.16896,42.79964],[-9.16879,42.79811],[-9.16982,42.79816],[-9.16965,42.79959],[-9.16896,42.79964]],[[-8.05399,43.71057],[-8.05292,43.71021],[-8.05285,43.7097],[-8.05377,43.70968],[-8.05399,43.71057]],[[-8.22342,43.38562],[-8.22349,43.38488],[-8.22494,43.38491],[-8.22413,43.38561],[-8.22342,43.38562]],[[-7.86723,43.78087],[-7.86563,43.78015],[-7.86569,43.77971],[-7.86773,43.78093],[-7.86723,43.78087]],[[-8.34144,43.37591],[-8.34088,43.37597],[-8.34028,43.37536],[-8.34185,43.37519],[-8.34144,43.37591]],[[-9.10185,43.19041],[-9.10083,43.19042],[-9.10055,43.18915],[-9.1023,43.19035],[-9.10185,43.19041]],[[-8.19119,43.61349],[-8.19059,43.61271],[-8.1914,43.61222],[-8.1917,43.61334],[-8.19119,43.61349]],[[-8.44681,43.38331],[-8.44639,43.38331],[-8.44546,43.38206],[-8.44734,43.38271],[-8.44681,43.38331]],[[-8.21056,43.59632],[-8.20958,43.59604],[-8.20953,43.59534],[-8.21118,43.59601],[-8.21056,43.59632]],[[-9.03284,43.21702],[-9.03232,43.2164],[-9.03148,43.21625],[-9.03268,43.21603],[-9.03284,43.21702]],[[-9.17045,42.80144],[-9.16964,42.80137],[-9.17017,42.80038],[-9.17111,42.80091],[-9.17045,42.80144]],[[-8.96932,42.5654],[-8.97044,42.56526],[-8.96977,42.56626],[-8.96932,42.5654]],[[-8.84221,42.62626],[-8.8433,42.6254],[-8.84361,42.62545],[-8.84339,42.62636],[-8.84221,42.62626]],[[-9.04523,42.51848],[-9.04554,42.51778],[-9.04649,42.51753],[-9.0462,42.51835],[-9.04523,42.51848]],[[-8.97812,42.78308],[-8.97873,42.78331],[-8.97858,42.78477],[-8.97808,42.78412],[-8.97812,42.78308]],[[-8.33626,43.40585],[-8.3365,43.4064],[-8.33543,43.40698],[-8.33561,43.40616],[-8.33626,43.40585]],[[-9.18675,42.87921],[-9.18714,42.87899],[-9.18797,42.87928],[-9.18693,42.88013],[-9.18675,42.87921]],[[-9.00744,42.51483],[-9.00768,42.51441],[-9.00843,42.51464],[-9.00755,42.51552],[-9.00744,42.51483]],[[-9.14644,42.81749],[-9.14575,42.81744],[-9.14618,42.81641],[-9.14679,42.81721],[-9.14644,42.81749]],[[-8.93465,42.58133],[-8.93536,42.58209],[-8.93394,42.58257],[-8.93461,42.58192],[-8.93465,42.58133]],[[-9.14356,42.80326],[-9.1438,42.80286],[-9.14391,42.80447],[-9.1432,42.80403],[-9.14356,42.80326]],[[-8.19769,43.6116],[-8.1981,43.61228],[-8.19707,43.61269],[-8.19769,43.61195],[-8.19769,43.6116]],[[-9.0409,43.21202],[-9.04034,43.21149],[-9.04027,43.21084],[-9.0415,43.21188],[-9.0409,43.21202]],[[-8.90877,43.30588],[-8.90806,43.30596],[-8.90969,43.30574],[-8.90908,43.30618],[-8.90877,43.30588]],[[-9.09753,43.1935],[-9.0976,43.19293],[-9.09831,43.19333],[-9.09774,43.19401],[-9.09753,43.1935]],[[-9.11751,43.19863],[-9.11787,43.19945],[-9.1174,43.20002],[-9.11723,43.19957],[-9.11751,43.19863]],[[-7.75054,43.74761],[-7.75112,43.74759],[-7.75138,43.74786],[-7.75019,43.74828],[-7.75054,43.74761]],[[-8.75814,43.30166],[-8.75787,43.3014],[-8.75859,43.3009],[-8.75895,43.3016],[-8.75814,43.30166]],[[-8.09045,43.66597],[-8.09104,43.66596],[-8.09158,43.66658],[-8.09044,43.66629],[-8.09045,43.66597]],[[-8.07652,43.66888],[-8.07686,43.669],[-8.07713,43.66979],[-8.07608,43.66953],[-8.07652,43.66888]],[[-8.55393,43.31463],[-8.55435,43.31503],[-8.55343,43.31546],[-8.55323,43.31502],[-8.55393,43.31463]],[[-9.17286,42.79889],[-9.17283,42.79819],[-9.17388,42.79842],[-9.17365,42.79876],[-9.17286,42.79889]],[[-9.00623,42.51411],[-9.00699,42.51373],[-9.00712,42.51387],[-9.00637,42.51484],[-9.00623,42.51411]],[[-9.04602,42.5115],[-9.0455,42.51149],[-9.04588,42.51081],[-9.04662,42.51147],[-9.04602,42.5115]],[[-9.29774,42.92117],[-9.2986,42.92168],[-9.29882,42.92226],[-9.2983,42.92213],[-9.29774,42.92117]],[[-9.06037,42.62001],[-9.06142,42.61941],[-9.06182,42.61966],[-9.06101,42.62028],[-9.06037,42.62001]],[[-8.85504,42.62644],[-8.85565,42.62596],[-8.85557,42.62706],[-8.85504,42.62644]],[[-9.13599,42.79039],[-9.13702,42.79055],[-9.13724,42.7908],[-9.13577,42.79064],[-9.13599,42.79039]],[[-8.99128,42.77764],[-8.99095,42.77718],[-8.99202,42.77707],[-8.99203,42.77765],[-8.99128,42.77764]],[[-9.08143,42.73291],[-9.0815,42.73259],[-9.08299,42.73267],[-9.08131,42.73302],[-9.08143,42.73291]],[[-9.18465,42.87902],[-9.18387,42.87871],[-9.1857,42.87884],[-9.18465,42.87902]],[[-9.00531,42.49303],[-9.00463,42.49282],[-9.00471,42.49251],[-9.00593,42.49269],[-9.00531,42.49303]],[[-8.99275,42.48564],[-8.99256,42.48505],[-8.99353,42.486],[-8.99317,42.4862],[-8.99275,42.48564]],[[-9.12923,42.77199],[-9.12983,42.77225],[-9.12862,42.77242],[-9.12924,42.77212],[-9.12923,42.77199]],[[-8.19422,43.61316],[-8.19452,43.61362],[-8.19404,43.61421],[-8.19389,43.61359],[-8.19422,43.61316]],[[-9.14546,42.81446],[-9.14568,42.81461],[-9.1457,42.81568],[-9.14531,42.81543],[-9.14546,42.81446]],[[-8.84188,43.36257],[-8.84258,43.3625],[-8.84289,43.36277],[-8.8422,43.36293],[-8.84188,43.36257]],[[-9.13231,42.84476],[-9.13264,42.84495],[-9.13268,42.84616],[-9.13228,42.84579],[-9.13231,42.84476]],[[-9.13663,43.20056],[-9.13634,43.20058],[-9.13601,43.19997],[-9.13704,43.20058],[-9.13663,43.20056]],[[-8.41382,43.38931],[-8.4128,43.38917],[-8.41272,43.38897],[-8.41404,43.38904],[-8.41382,43.38931]],[[-9.06446,42.6197],[-9.06378,42.61976],[-9.06361,42.6196],[-9.06494,42.61951],[-9.06446,42.6197]],[[-8.14819,43.62326],[-8.14833,43.6226],[-8.14849,43.62247],[-8.14812,43.62374],[-8.14819,43.62326]],[[-8.86891,42.60421],[-8.86942,42.60493],[-8.86904,42.60522],[-8.86884,42.605],[-8.86891,42.60421]],[[-8.78066,43.30412],[-8.78094,43.30423],[-8.78088,43.30527],[-8.78063,43.30519],[-8.78066,43.30412]],[[-8.99956,42.49507],[-9.00008,42.49486],[-9.00058,42.49505],[-9.0004,42.49533],[-8.99956,42.49507]],[[-8.91745,42.58635],[-8.91768,42.58597],[-8.91845,42.58601],[-8.91815,42.5863],[-8.91745,42.58635]],[[-9.14652,42.86205],[-9.14683,42.86229],[-9.14667,42.86328],[-9.14651,42.86317],[-9.14652,42.86205]],[[-9.14823,42.8789],[-9.14731,42.87875],[-9.14852,42.87866],[-9.14823,42.8789]],[[-8.99873,42.4898],[-8.99797,42.48968],[-8.99921,42.48954],[-8.99873,42.4898]],[[-8.40664,43.38849],[-8.40807,43.38873],[-8.40777,43.38886],[-8.40664,43.38849]],[[-9.07995,42.59617],[-9.08066,42.59623],[-9.08085,42.59659],[-9.07985,42.59632],[-9.07995,42.59617]],[[1.74871,42.49482],[1.82355,42.48655],[1.89195,42.44772],[1.93668,42.45441],[1.96543,42.38093],[2.01519,42.34738],[2.08459,42.36174],[2.14825,42.42043],[2.20667,42.41738],[2.25693,42.43874],[2.43272,42.39375],[2.4334,42.37762],[2.48091,42.34096],[2.53089,42.33293],[2.57101,42.35806],[2.67165,42.34075],[2.65138,42.3863],[2.67093,42.38717],[2.67209,42.40346],[2.73355,42.42482],[2.79931,42.41848],[2.83962,42.45926],[2.91842,42.4562],[2.94709,42.48212],[2.96742,42.46542],[3.03324,42.47487],[3.08519,42.42585],[3.17462,42.43534],[3.16055,42.42798],[3.17098,42.41639],[3.15587,42.40689],[3.16502,42.40066],[3.15343,42.39143],[3.16336,42.39173],[3.16714,42.38891],[3.1551,42.3787],[3.16295,42.36046],[3.19464,42.33581],[3.22927,42.35156],[3.23822,42.34898],[3.24976,42.32977],[3.2677,42.34044],[3.32226,42.3194],[3.28691,42.30367],[3.28627,42.29326],[3.29929,42.28451],[3.29056,42.28201],[3.2762,42.28709],[3.2769,42.27987],[3.28786,42.26573],[3.25371,42.2525],[3.26437,42.23787],[3.22952,42.25153],[3.21814,42.23232],[3.16262,42.26423],[3.11174,42.2059],[3.12387,42.12847],[3.17681,42.11154],[3.16954,42.10533],[3.2147,42.06119],[3.199,42.04925],[3.19571,42.01377],[3.23361,41.95055],[3.21815,41.94267],[3.2142,41.93638],[3.22056,41.93481],[3.22038,41.92227],[3.20743,41.91733],[3.20301,41.89164],[3.18333,41.88779],[3.1783,41.879],[3.1769,41.86643],[3.13194,41.84196],[3.10216,41.84491],[3.05632,41.78757],[3.0462,41.78879],[3.04871,41.78268],[3.04368,41.78166],[3.04363,41.77849],[3.02968,41.77948],[3.03016,41.77081],[3.01113,41.77218],[2.97755,41.75766],[2.93487,41.72036],[2.93477,41.71519],[2.90257,41.70997],[2.88769,41.70127],[2.85365,41.69961],[2.81947,41.68886],[2.78912,41.66998],[2.77778,41.65],[2.75787,41.67913],[2.77686,41.73549],[2.6576,41.74769],[2.54731,41.71907],[2.51597,41.7619],[2.46915,41.77779],[2.47218,41.7896],[2.35294,41.80794],[2.32599,41.85566],[2.32798,41.88305],[2.36967,41.8855],[2.38261,41.87152],[2.40712,41.89572],[2.4427,41.88749],[2.48118,41.91602],[2.4291,41.96893],[2.47431,41.96935],[2.48802,41.98467],[2.46878,41.99384],[2.4989,42.00152],[2.50616,42.03227],[2.48222,42.04925],[2.49035,42.06732],[2.45804,42.07928],[2.41753,42.06498],[2.3945,42.08676],[2.40018,42.10276],[2.36603,42.12135],[2.29492,42.10268],[2.29955,42.1342],[2.27002,42.14521],[2.21512,42.14209],[2.20107,42.12429],[2.1447,42.13141],[2.12592,42.11311],[2.09232,42.1443],[2.06038,42.13536],[2.00398,42.14952],[1.99149,42.18259],[1.96589,42.17879],[1.96521,42.19909],[2.0073,42.19407],[1.99555,42.1723],[2.00483,42.1621],[2.06051,42.17789],[2.0533,42.21953],[2.03019,42.21587],[2.01673,42.23298],[2.0699,42.2916],[1.90312,42.3233],[1.84233,42.30634],[1.8347,42.35515],[1.85506,42.36965],[1.82999,42.38141],[1.80604,42.37009],[1.80155,42.42492],[1.73192,42.44038],[1.72427,42.48696],[1.74871,42.49482]],[[3.28661,42.33311],[3.28579,42.33344],[3.28609,42.33216],[3.28686,42.33223],[3.28661,42.33311]],[[3.24227,42.34012],[3.24177,42.33976],[3.24335,42.33931],[3.24309,42.33982],[3.24227,42.34012]],[[3.21783,41.92494],[3.21724,41.92479],[3.217,41.92456],[3.21833,41.92488],[3.21783,41.92494]],[[3.21829,41.92429],[3.21727,41.92414],[3.21764,41.92404],[3.21829,41.92429]],[[1.99713,42.48637],[1.98666,42.47146],[2.01277,42.44835],[1.95675,42.45769],[1.97884,42.49478],[1.99713,42.48637]],[[2.03043,42.1272],[2.01703,42.10967],[2.00754,42.10725],[2.00253,42.12557],[2.03043,42.1272]],[[3.22512,42.04922],[3.22334,42.04486],[3.21923,42.04719],[3.22005,42.04923],[3.22512,42.04922]],[[3.29533,42.29434],[3.29733,42.29325],[3.29656,42.28989],[3.2931,42.29289],[3.29533,42.29434]],[[3.31929,42.32489],[3.32025,42.3231],[3.3245,42.32129],[3.32137,42.32151],[3.32151,42.32215],[3.31845,42.32383],[3.31929,42.32489]],[[3.22709,42.0448],[3.22715,42.04394],[3.2254,42.04336],[3.22505,42.04292],[3.22525,42.04258],[3.22377,42.04367],[3.22709,42.0448]],[[3.29252,42.28248],[3.29366,42.28152],[3.29337,42.27987],[3.29175,42.28118],[3.29252,42.28248]],[[3.30533,42.32817],[3.30668,42.32759],[3.30405,42.3272],[3.3042,42.32768],[3.30533,42.32817]],[[3.1659,42.40188],[3.16656,42.40117],[3.16527,42.40071],[3.16518,42.40165],[3.1659,42.40188]],[[3.29535,42.29551],[3.29682,42.29447],[3.29669,42.29387],[3.29532,42.2948],[3.29535,42.29551]],[[3.20485,42.07438],[3.20573,42.07423],[3.2061,42.07336],[3.20503,42.07342],[3.20485,42.07438]],[[3.33191,42.32016],[3.33255,42.31993],[3.33193,42.31902],[3.33137,42.31982],[3.33191,42.32016]],[[3.30831,42.29241],[3.30896,42.29209],[3.30931,42.29131],[3.30853,42.29132],[3.30831,42.29241]],[[3.05662,41.78731],[3.05622,41.78667],[3.05494,41.78714],[3.0555,41.78735],[3.05662,41.78731]],[[3.30921,42.29228],[3.30941,42.29221],[3.3098,42.29154],[3.30883,42.29257],[3.30921,42.29228]],[[3.26425,42.23747],[3.26435,42.23729],[3.26334,42.23727],[3.26399,42.23754],[3.26425,42.23747]],[[3.18533,41.86282],[3.186,41.86274],[3.18644,41.86249],[3.18525,41.8626],[3.18533,41.86282]],[[-13.89051,28.75685],[-13.83632,28.71275],[-13.8243,28.55282],[-13.86723,28.4803],[-13.84988,28.40113],[-13.91735,28.25195],[-14.01261,28.20769],[-14.21827,28.16558],[-14.33159,28.04462],[-14.47779,28.07747],[-14.50719,28.06407],[-14.49143,28.11091],[-14.45023,28.10009],[-14.37297,28.11713],[-14.22254,28.21512],[-14.20369,28.32839],[-14.16232,28.36869],[-14.14724,28.4384],[-14.10051,28.47528],[-14.03346,28.593],[-14.03876,28.61507],[-14.00892,28.67754],[-14.02104,28.70728],[-13.97671,28.73524],[-13.89051,28.75685]],[[-15.41889,28.1804],[-15.40115,28.16647],[-15.40733,28.13275],[-15.40698,28.15837],[-15.41757,28.12823],[-15.41733,28.14616],[-15.42776,28.14669],[-15.4111,28.10084],[-15.41975,28.05971],[-15.37324,28.00948],[-15.37507,27.9977],[-15.37002,27.99673],[-15.37069,27.99382],[-15.36799,27.99308],[-15.36708,27.99151],[-15.36738,27.98995],[-15.38433,27.96734],[-15.35848,27.93133],[-15.38439,27.92702],[-15.38587,27.8574],[-15.41633,27.84416],[-15.42437,27.80821],[-15.52205,27.77974],[-15.56387,27.76036],[-15.57076,27.73722],[-15.5989,27.73458],[-15.65901,27.75668],[-15.67456,27.74923],[-15.78764,27.83471],[-15.8338,27.91049],[-15.83451,27.97107],[-15.82293,28.01349],[-15.78636,28.02109],[-15.71093,28.08302],[-15.69633,28.1516],[-15.70934,28.1656],[-15.66656,28.15827],[-15.63751,28.17195],[-15.59982,28.14438],[-15.5269,28.15526],[-15.46741,28.12605],[-15.45372,28.12796],[-15.4375,28.13789],[-15.43154,28.15132],[-15.44149,28.16655],[-15.41889,28.1804]],[[-13.4676,29.2294],[-13.42388,29.20871],[-13.41948,29.1844],[-13.4291,29.15422],[-13.46445,29.12804],[-13.4475,29.08907],[-13.4861,28.99276],[-13.64073,28.92032],[-13.73642,28.90674],[-13.78706,28.83853],[-13.80182,28.85901],[-13.87637,28.85865],[-13.88166,28.88617],[-13.82906,28.93025],[-13.83441,28.98938],[-13.81544,29.03341],[-13.75587,29.07783],[-13.70697,29.08001],[-13.65154,29.11434],[-13.65774,29.12354],[-13.63318,29.11585],[-13.60183,29.13611],[-13.54763,29.11853],[-13.52461,29.14113],[-13.49685,29.21823],[-13.4676,29.2294]],[[-13.50798,29.29077],[-13.47161,29.26573],[-13.50475,29.22499],[-13.54396,29.21851],[-13.50798,29.29077]],[[-13.50487,29.41562],[-13.50499,29.41434],[-13.50267,29.4124],[-13.49769,29.41301],[-13.48884,29.40518],[-13.49178,29.39685],[-13.5287,29.38508],[-13.52396,29.41079],[-13.51885,29.41024],[-13.50487,29.41562]],[[-13.81283,28.76519],[-13.8157,28.73659],[-13.8308,28.73964],[-13.83574,28.75253],[-13.81283,28.76519]],[[-13.53403,29.3037],[-13.53133,29.29043],[-13.53907,29.28908],[-13.54027,29.30258],[-13.53403,29.3037]],[[-13.33619,29.27732],[-13.33381,29.27638],[-13.33802,29.27369],[-13.33852,29.27481],[-13.33619,29.27732]],[[-13.44054,29.22263],[-13.43973,29.22212],[-13.43947,29.21952],[-13.44121,29.22149],[-13.44054,29.22263]],[[-13.52722,29.31019],[-13.52764,29.31099],[-13.52674,29.31188],[-13.52631,29.31119],[-13.52722,29.31019]],[[-13.54759,28.95383],[-13.54609,28.95361],[-13.54814,28.95283],[-13.55027,28.9524],[-13.54759,28.95383]],[[-13.54827,28.95687],[-13.54736,28.95623],[-13.5488,28.95562],[-13.54915,28.95636],[-13.54827,28.95687]],[[-13.47029,29.23885],[-13.47091,29.23901],[-13.47053,29.24054],[-13.46994,29.2397],[-13.47029,29.23885]],[[-13.48724,29.40338],[-13.48701,29.40303],[-13.48624,29.40342],[-13.48699,29.40245],[-13.48724,29.40338]],[[-13.51587,29.41321],[-13.51538,29.41291],[-13.51473,29.41291],[-13.51574,29.41261],[-13.51656,29.41335],[-13.51587,29.41321]],[[-15.43895,28.14018],[-15.43823,28.14154],[-15.43744,28.14212],[-15.43787,28.14127],[-15.43895,28.14018]],[[-15.43714,28.14243],[-15.43704,28.14304],[-15.43567,28.14475],[-15.43714,28.14243]],[[-13.52275,29.15572],[-13.52228,29.15573],[-13.52261,29.15524],[-13.52342,29.15553],[-13.52275,29.15572]],[[-14.07027,28.53999],[-14.06962,28.54099],[-14.06987,28.54028],[-14.07027,28.53999]],[[-8.18101,42.85828],[-8.11637,42.84116],[-8.07508,42.85331],[-8.04682,42.83148],[-8.01359,42.85021],[-7.9686,42.84961],[-7.95641,42.83975],[-7.98048,42.81134],[-7.97841,42.7787],[-7.93537,42.73974],[-7.86639,42.72064],[-7.86143,42.7062],[-7.88971,42.68371],[-7.89255,42.62963],[-7.93006,42.57883],[-7.99249,42.5725],[-8.01863,42.54222],[-8.0905,42.55776],[-8.14683,42.54867],[-8.17386,42.57197],[-8.30273,42.49021],[-8.36634,42.48735],[-8.34202,42.4657],[-8.3147,42.38098],[-8.3247,42.34505],[-8.26195,42.31538],[-8.26458,42.25286],[-8.22946,42.23293],[-8.16268,42.24489],[-8.16405,42.22209],[-8.19226,42.20912],[-8.16127,42.17863],[-8.20808,42.14049],[-8.25077,42.13769],[-8.25922,42.12102],[-8.32243,42.10195],[-8.3319,42.0842],[-8.52355,42.07845],[-8.55674,42.0514],[-8.63704,42.04707],[-8.6635,42.00221],[-8.74412,41.96526],[-8.75536,41.93482],[-8.87158,41.86633],[-8.87576,41.8741],[-8.88193,41.88127],[-8.87416,41.89905],[-8.8881,41.93635],[-8.87683,42.00244],[-8.88978,42.02616],[-8.88396,42.03829],[-8.88595,42.05041],[-8.89675,42.06681],[-8.89159,42.08225],[-8.90068,42.11229],[-8.85164,42.12828],[-8.82604,42.11508],[-8.82013,42.14138],[-8.8502,42.15651],[-8.82251,42.15708],[-8.81595,42.18746],[-8.79704,42.19788],[-8.77942,42.20362],[-8.77782,42.21994],[-8.77523,42.22213],[-8.71274,42.24105],[-8.66119,42.28488],[-8.61086,42.28751],[-8.62373,42.30987],[-8.61187,42.34521],[-8.63678,42.34749],[-8.63625,42.32651],[-8.66227,42.31114],[-8.65181,42.29775],[-8.68967,42.28],[-8.73148,42.28669],[-8.79256,42.24635],[-8.81385,42.25944],[-8.85519,42.26141],[-8.87302,42.24998],[-8.87395,42.25414],[-8.86856,42.25605],[-8.86253,42.26895],[-8.85585,42.3098],[-8.8316,42.27809],[-8.81687,42.27869],[-8.81844,42.31352],[-8.83916,42.33913],[-8.79113,42.32704],[-8.75501,42.33992],[-8.73686,42.37661],[-8.69675,42.39353],[-8.69799,42.40261],[-8.68666,42.40277],[-8.68496,42.40748],[-8.65636,42.4233],[-8.6536,42.42577],[-8.65193,42.42837],[-8.68116,42.42107],[-8.69518,42.43768],[-8.70359,42.42696],[-8.74139,42.41365],[-8.74874,42.40323],[-8.75726,42.40235],[-8.76167,42.3944],[-8.77039,42.39436],[-8.77471,42.38766],[-8.81332,42.40117],[-8.8389,42.38427],[-8.88094,42.41485],[-8.87119,42.43526],[-8.88257,42.45481],[-8.9333,42.45299],[-8.93747,42.4792],[-8.89083,42.48654],[-8.88984,42.48099],[-8.89111,42.49481],[-8.8843,42.49686],[-8.88192,42.49937],[-8.87162,42.50121],[-8.85551,42.47275],[-8.87274,42.46161],[-8.86943,42.44805],[-8.85593,42.45076],[-8.8481,42.46033],[-8.81964,42.45177],[-8.83089,42.48433],[-8.80532,42.5008],[-8.82629,42.51533],[-8.81641,42.52018],[-8.81347,42.52894],[-8.82892,42.51845],[-8.8255,42.53884],[-8.83635,42.55867],[-8.8186,42.55927],[-8.83487,42.56479],[-8.79517,42.58007],[-8.78529,42.59959],[-8.77221,42.59324],[-8.779,42.61415],[-8.72827,42.66767],[-8.7183,42.706],[-8.65094,42.72915],[-8.60664,42.71515],[-8.59993,42.74312],[-8.55628,42.74599],[-8.55345,42.7613],[-8.43115,42.74618],[-8.407,42.75421],[-8.41466,42.7666],[-8.39208,42.78936],[-8.35472,42.77882],[-8.33163,42.79443],[-8.33968,42.84064],[-8.32529,42.83119],[-8.3151,42.84585],[-8.27947,42.8109],[-8.25457,42.8367],[-8.20727,42.82516],[-8.2208,42.84429],[-8.18101,42.85828]],[[-8.82467,42.55586],[-8.82441,42.55465],[-8.8227,42.55434],[-8.82349,42.55587],[-8.82467,42.55586]],[[-8.82303,42.55905],[-8.82364,42.5584],[-8.8238,42.55733],[-8.82259,42.55785],[-8.82303,42.55905]],[[-8.81815,42.51175],[-8.81758,42.51265],[-8.81776,42.51297],[-8.81854,42.51238],[-8.81815,42.51175]],[[-8.8598,42.40292],[-8.85942,42.40324],[-8.86019,42.404],[-8.86047,42.40359],[-8.8598,42.40292]],[[-8.90718,42.46085],[-8.90594,42.46047],[-8.9057,42.46055],[-8.90623,42.46103],[-8.90718,42.46085]],[[-8.61451,42.34596],[-8.61389,42.34637],[-8.61497,42.34625],[-8.61451,42.34596]],[[-8.92632,42.47906],[-8.92611,42.4794],[-8.92713,42.47983],[-8.92671,42.47911],[-8.92632,42.47906]],[[-8.87672,42.57487],[-8.85588,42.56599],[-8.87175,42.52414],[-8.87534,42.52979],[-8.8818,42.53019],[-8.87001,42.56091],[-8.87448,42.56332],[-8.88074,42.55768],[-8.89191,42.56847],[-8.87672,42.57487]],[[-8.87442,42.535],[-8.87418,42.5356],[-8.87424,42.53626],[-8.87542,42.53496],[-8.87442,42.535]],[[-8.87718,42.53589],[-8.87684,42.53681],[-8.87721,42.53748],[-8.87753,42.53661],[-8.87718,42.53589]],[[-8.92171,42.3997],[-8.93655,42.3568],[-8.94422,42.35509],[-8.94507,42.3804],[-8.93211,42.39824],[-8.92171,42.3997]],[[-8.91397,42.25146],[-8.89547,42.2274],[-8.91392,42.21134],[-8.90351,42.22434],[-8.9176,42.24843],[-8.91397,42.25146]],[[-8.9074,42.20539],[-8.89202,42.19633],[-8.88965,42.19113],[-8.91268,42.19555],[-8.9074,42.20539]],[[-8.84195,42.50083],[-8.84412,42.48548],[-8.8524,42.48297],[-8.8529,42.48929],[-8.84195,42.50083]],[[-8.77882,42.62069],[-8.7863,42.61407],[-8.79044,42.61657],[-8.787,42.62097],[-8.77882,42.62069]],[[-8.70625,42.41004],[-8.70818,42.40764],[-8.71242,42.41262],[-8.70805,42.4147],[-8.70625,42.41004]],[[-8.93556,42.34899],[-8.93314,42.3488],[-8.93272,42.34516],[-8.93806,42.34292],[-8.93556,42.34899]],[[-8.89742,42.54359],[-8.90076,42.53738],[-8.90292,42.53796],[-8.90415,42.54118],[-8.89742,42.54359]],[[-8.83394,42.49134],[-8.83383,42.4894],[-8.83696,42.48989],[-8.83372,42.4972],[-8.83394,42.49134]],[[-8.85562,42.14859],[-8.85372,42.1468],[-8.85334,42.14505],[-8.85725,42.14616],[-8.85562,42.14859]],[[-8.79975,42.20168],[-8.80173,42.19937],[-8.80484,42.2003],[-8.80026,42.20301],[-8.79975,42.20168]],[[-8.91552,42.54759],[-8.91335,42.54565],[-8.91406,42.54357],[-8.9146,42.54456],[-8.91705,42.54549],[-8.91552,42.54759]],[[-8.86402,42.14771],[-8.86276,42.1454],[-8.86605,42.14497],[-8.86652,42.14699],[-8.86402,42.14771]],[[-8.85693,42.46373],[-8.8558,42.46179],[-8.86059,42.46597],[-8.85851,42.46538],[-8.85693,42.46373]],[[-8.90696,42.54522],[-8.90599,42.54377],[-8.90819,42.54666],[-8.90714,42.54646],[-8.90696,42.54522]],[[-8.83766,42.55194],[-8.8378,42.5502],[-8.83941,42.5506],[-8.83889,42.55233],[-8.83766,42.55194]],[[-8.9071,42.53427],[-8.90727,42.53309],[-8.90908,42.53244],[-8.90949,42.53378],[-8.9071,42.53427]],[[-8.85092,42.45795],[-8.85442,42.45546],[-8.85495,42.45577],[-8.85511,42.45717],[-8.85092,42.45795]],[[-8.83575,42.48279],[-8.83679,42.48057],[-8.83875,42.48262],[-8.83806,42.48312],[-8.83575,42.48279]],[[-8.62805,42.30793],[-8.62791,42.30691],[-8.62898,42.30608],[-8.62927,42.3083],[-8.62805,42.30793]],[[-8.8185,42.49809],[-8.81872,42.49724],[-8.82041,42.49658],[-8.81948,42.49851],[-8.8185,42.49809]],[[-8.81601,42.49735],[-8.81481,42.49755],[-8.81415,42.4969],[-8.81591,42.4959],[-8.81601,42.49735]],[[-8.79624,42.60982],[-8.79785,42.60967],[-8.79715,42.61158],[-8.79572,42.61022],[-8.79624,42.60982]],[[-8.94842,42.36629],[-8.94931,42.3667],[-8.9493,42.36765],[-8.94776,42.36752],[-8.94842,42.36629]],[[-8.73301,42.66597],[-8.73326,42.66619],[-8.73068,42.66883],[-8.73102,42.66701],[-8.73301,42.66597]],[[-8.90592,42.54219],[-8.90543,42.54117],[-8.90578,42.53993],[-8.90693,42.54153],[-8.90592,42.54219]],[[-8.94286,42.46431],[-8.94207,42.46386],[-8.94288,42.46265],[-8.9442,42.46343],[-8.94286,42.46431]],[[-8.94399,42.47713],[-8.94542,42.47676],[-8.94462,42.47851],[-8.94383,42.47794],[-8.94399,42.47713]],[[-8.83121,42.5417],[-8.83159,42.54118],[-8.83283,42.54192],[-8.83151,42.54253],[-8.83121,42.5417]],[[-8.88856,42.04293],[-8.88906,42.0422],[-8.89135,42.0423],[-8.89129,42.04254],[-8.88856,42.04293]],[[-8.91201,42.54382],[-8.91283,42.54415],[-8.91262,42.54558],[-8.9118,42.54533],[-8.91201,42.54382]],[[-8.75342,42.3506],[-8.75308,42.34999],[-8.75442,42.34895],[-8.75431,42.35052],[-8.75342,42.3506]],[[-8.79316,42.61279],[-8.79246,42.61242],[-8.79219,42.61149],[-8.79388,42.61254],[-8.79316,42.61279]],[[-8.87799,42.14742],[-8.876,42.14709],[-8.87585,42.14667],[-8.87727,42.14613],[-8.87799,42.14742]],[[-8.8508,42.46439],[-8.84947,42.46496],[-8.85076,42.46368],[-8.85161,42.46556],[-8.85128,42.46609],[-8.8508,42.46439]],[[-8.82905,42.53709],[-8.83007,42.53701],[-8.82949,42.53854],[-8.82886,42.53759],[-8.82905,42.53709]],[[-8.91602,42.21718],[-8.91552,42.21627],[-8.91734,42.21698],[-8.91653,42.21729],[-8.91602,42.21718]],[[-8.87361,42.55462],[-8.87464,42.55447],[-8.87465,42.55557],[-8.87431,42.55564],[-8.87361,42.55462]],[[-8.89846,42.11382],[-8.89944,42.11373],[-8.89946,42.11427],[-8.89818,42.11477],[-8.89846,42.11382]],[[-8.84995,42.46721],[-8.84867,42.46672],[-8.84765,42.46543],[-8.85189,42.46693],[-8.84995,42.46721]],[[-8.89835,42.21503],[-8.89746,42.21417],[-8.89822,42.21362],[-8.899,42.21525],[-8.89835,42.21503]],[[-8.82727,42.53363],[-8.828,42.53451],[-8.82721,42.53524],[-8.82705,42.53496],[-8.82727,42.53363]],[[-8.8873,42.49652],[-8.88761,42.49691],[-8.88654,42.49819],[-8.88665,42.49712],[-8.8873,42.49652]],[[-8.62905,42.30927],[-8.63008,42.30911],[-8.63014,42.3099],[-8.62932,42.30994],[-8.62905,42.30927]],[[-8.82743,42.53048],[-8.82798,42.53165],[-8.82727,42.53208],[-8.82743,42.53048]],[[-8.73614,42.66437],[-8.73618,42.6641],[-8.73808,42.66334],[-8.73715,42.66431],[-8.73614,42.66437]],[[-8.87953,42.43015],[-8.87906,42.4297],[-8.88048,42.4295],[-8.88039,42.43008],[-8.87953,42.43015]],[[-8.82938,42.12369],[-8.82844,42.12348],[-8.82822,42.12286],[-8.8294,42.12297],[-8.82938,42.12369]],[[-8.87199,42.55983],[-8.87276,42.56065],[-8.87235,42.56101],[-8.8718,42.56084],[-8.87199,42.55983]],[[-8.90313,42.11744],[-8.90222,42.11712],[-8.90166,42.11627],[-8.90343,42.11708],[-8.90313,42.11744]],[[-8.83731,42.49325],[-8.8378,42.49314],[-8.83769,42.49443],[-8.837,42.49383],[-8.83731,42.49325]],[[-8.89734,42.08771],[-8.8981,42.088],[-8.89757,42.0888],[-8.89715,42.08866],[-8.89734,42.08771]],[[-8.87751,42.52715],[-8.87815,42.52762],[-8.87776,42.52822],[-8.87712,42.52754],[-8.87751,42.52715]],[[-8.9372,42.34236],[-8.93784,42.34243],[-8.93617,42.34323],[-8.93666,42.34257],[-8.9372,42.34236]],[[-8.83125,42.46995],[-8.83208,42.46997],[-8.8322,42.47038],[-8.83069,42.47048],[-8.83125,42.46995]],[[-8.77766,42.22333],[-8.77829,42.22348],[-8.77798,42.22415],[-8.77722,42.2239],[-8.77766,42.22333]],[[-8.6249,42.34028],[-8.62548,42.34057],[-8.62512,42.34144],[-8.62473,42.34104],[-8.6249,42.34028]],[[-8.8275,42.32314],[-8.82803,42.32281],[-8.82858,42.32288],[-8.82775,42.32391],[-8.8275,42.32314]],[[-8.9455,42.37942],[-8.94586,42.38024],[-8.9449,42.38094],[-8.9454,42.38041],[-8.9455,42.37942]],[[-8.87543,41.86887],[-8.87592,41.86907],[-8.87519,41.87019],[-8.87491,41.86997],[-8.87543,41.86887]],[[-8.90383,42.11611],[-8.90433,42.11664],[-8.90371,42.11768],[-8.90358,42.11688],[-8.90383,42.11611]],[[-8.82492,42.4958],[-8.82487,42.49491],[-8.82545,42.49479],[-8.82565,42.49533],[-8.82492,42.4958]],[[-8.62297,42.33926],[-8.62356,42.33944],[-8.62342,42.34031],[-8.62314,42.34015],[-8.62297,42.33926]],[[-8.89531,42.4902],[-8.89585,42.49046],[-8.89503,42.49121],[-8.89503,42.49077],[-8.89531,42.4902]],[[-8.88744,42.5443],[-8.88793,42.5446],[-8.88734,42.5454],[-8.88722,42.5449],[-8.88744,42.5443]],[[-8.86583,42.51844],[-8.86612,42.51919],[-8.86494,42.51946],[-8.86574,42.5188],[-8.86583,42.51844]],[[-8.87526,42.14784],[-8.87508,42.14794],[-8.87443,42.14755],[-8.87566,42.1473],[-8.87526,42.14784]],[[-8.8941,42.05898],[-8.89486,42.05941],[-8.89505,42.05971],[-8.8938,42.05927],[-8.8941,42.05898]],[[-8.88996,42.02696],[-8.88978,42.02659],[-8.89082,42.02698],[-8.89049,42.02728],[-8.88996,42.02696]],[[-8.9006,42.11536],[-8.90027,42.11477],[-8.90101,42.11478],[-8.90097,42.11598],[-8.9006,42.11536]],[[-8.90544,42.11834],[-8.90478,42.11812],[-8.90441,42.11754],[-8.9049,42.11754],[-8.90544,42.11834]],[[-8.91285,42.20347],[-8.91266,42.20314],[-8.91294,42.20205],[-8.91319,42.20242],[-8.91285,42.20347]],[[-16.15754,28.58816],[-16.12669,28.57073],[-16.12671,28.56362],[-16.11947,28.5536],[-16.12528,28.54975],[-16.12767,28.54641],[-16.1257,28.5321],[-16.23716,28.48539],[-16.24627,28.47112],[-16.23566,28.47905],[-16.24708,28.45568],[-16.24279,28.46805],[-16.36036,28.37954],[-16.36146,28.30435],[-16.4247,28.20446],[-16.42515,28.15009],[-16.54696,28.02481],[-16.59524,28.0291],[-16.64433,28.00352],[-16.70234,28.00407],[-16.71162,28.04684],[-16.73775,28.05502],[-16.73762,28.08673],[-16.77704,28.11713],[-16.807,28.17449],[-16.83759,28.20759],[-16.8412,28.26437],[-16.89664,28.33215],[-16.92597,28.34192],[-16.91815,28.36074],[-16.83202,28.39328],[-16.80829,28.37617],[-16.75185,28.37068],[-16.67435,28.40202],[-16.60397,28.39423],[-16.55485,28.41888],[-16.53331,28.41669],[-16.51428,28.419],[-16.456,28.46008],[-16.42871,28.48936],[-16.41097,28.52715],[-16.33422,28.55768],[-16.32907,28.57679],[-16.22365,28.56541],[-16.19305,28.57202],[-16.15754,28.58816]],[[-16.37606,28.29108],[-16.37538,28.29196],[-16.37543,28.29212],[-16.37617,28.29117],[-16.37606,28.29108]],[[-16.37708,28.2896],[-16.37656,28.2905],[-16.37729,28.28948],[-16.37708,28.2896]],[[-17.91069,28.85763],[-17.85808,28.83266],[-17.81422,28.83889],[-17.80919,28.84524],[-17.80323,28.84158],[-17.78875,28.84391],[-17.77755,28.84016],[-17.72464,28.74309],[-17.77006,28.67706],[-17.74993,28.62431],[-17.76016,28.5699],[-17.84056,28.4528],[-17.86871,28.47338],[-17.88003,28.54013],[-17.9259,28.59621],[-18.0072,28.75771],[-18.00574,28.78444],[-17.96775,28.82733],[-17.94621,28.84258],[-17.94305,28.84052],[-17.93914,28.84088],[-17.92678,28.84621],[-17.92016,28.85729],[-17.91069,28.85763]],[[-17.96201,28.82995],[-17.96257,28.8303],[-17.9609,28.82864],[-17.96109,28.82983],[-17.96201,28.82995]],[[-17.95874,28.83197],[-17.95829,28.83068],[-17.95809,28.83051],[-17.95812,28.83143],[-17.95874,28.83197]],[[-17.26073,28.21797],[-17.24507,28.20082],[-17.20634,28.19679],[-17.19608,28.20005],[-17.18394,28.18028],[-17.119,28.15355],[-17.10351,28.12844],[-17.09846,28.0956],[-17.1679,28.03585],[-17.26967,28.025],[-17.3489,28.0982],[-17.34124,28.13118],[-17.34601,28.15202],[-17.34308,28.15245],[-17.33456,28.16291],[-17.32037,28.20335],[-17.29336,28.20708],[-17.2819,28.21131],[-17.27671,28.21789],[-17.27457,28.21702],[-17.27554,28.21593],[-17.27369,28.21446],[-17.26073,28.21797]],[[-17.92516,27.84951],[-17.9018,27.84201],[-17.88351,27.81329],[-17.88352,27.80315],[-17.92697,27.73233],[-17.95703,27.71999],[-17.97786,27.63955],[-18.00989,27.64977],[-18.05044,27.69255],[-18.16029,27.71506],[-18.15164,27.76057],[-18.14083,27.76265],[-18.14058,27.76602],[-18.13658,27.76682],[-18.13245,27.77027],[-18.13231,27.77128],[-18.08248,27.7532],[-18.03675,27.76203],[-17.98913,27.79976],[-17.99345,27.82279],[-17.92516,27.84951]],[[-16.15878,28.59446],[-16.15832,28.59299],[-16.15889,28.591],[-16.16132,28.59245],[-16.15878,28.59446]],[[-16.15581,28.60365],[-16.15718,28.60193],[-16.15772,28.60196],[-16.15545,28.60526],[-16.15581,28.60365]],[[-16.76314,28.38076],[-16.76176,28.38005],[-16.76212,28.3782],[-16.76351,28.3794],[-16.76314,28.38076]],[[-17.99581,27.82477],[-17.9952,27.82343],[-17.99642,27.82282],[-17.99718,27.82445],[-17.99581,27.82477]],[[-17.27067,28.21859],[-17.26948,28.21835],[-17.2719,28.21812],[-17.27172,28.2185],[-17.27067,28.21859]],[[-17.29989,28.20945],[-17.30061,28.20898],[-17.30068,28.2101],[-17.29963,28.20961],[-17.29989,28.20945]],[[-17.96891,28.82943],[-17.96794,28.82893],[-17.96806,28.82843],[-17.96914,28.82881],[-17.96891,28.82943]],[[-16.13257,28.58126],[-16.13269,28.58039],[-16.1336,28.58077],[-16.133,28.58141],[-16.13257,28.58126]],[[-16.48659,28.43934],[-16.48729,28.43975],[-16.48734,28.44047],[-16.48658,28.43978],[-16.48659,28.43934]],[[-17.33774,28.08354],[-17.33771,28.08325],[-17.33827,28.08443],[-17.33796,28.08431],[-17.33774,28.08354]],[[-3.59024,43.51356],[-3.54634,43.50771],[-3.49783,43.47224],[-3.43088,43.462],[-3.42978,43.44101],[-3.46497,43.4446],[-3.49168,43.4248],[-3.46357,43.43128],[-3.46472,43.40394],[-3.45005,43.43606],[-3.42524,43.41325],[-3.32379,43.41916],[-3.32076,43.40279],[-3.22129,43.3939],[-3.22589,43.38761],[-3.21189,43.37484],[-3.15329,43.35332],[-3.15152,43.30685],[-3.20951,43.28354],[-3.22523,43.30894],[-3.27945,43.29005],[-3.3324,43.30188],[-3.34013,43.27803],[-3.44906,43.23591],[-3.41765,43.13343],[-3.60354,43.14964],[-3.61245,43.16952],[-3.65102,43.18104],[-3.70468,43.11628],[-3.75488,43.10055],[-3.76457,43.08103],[-3.84696,43.0844],[-3.83177,43.06383],[-3.84987,43.04022],[-3.89075,43.04183],[-3.90926,43.0161],[-3.953,43.0001],[-3.99098,42.93109],[-3.97372,42.91192],[-3.92964,42.9147],[-3.93354,42.8996],[-3.86709,42.95483],[-3.83057,42.9292],[-3.86681,42.89923],[-3.90782,42.91452],[-3.89293,42.88736],[-3.92435,42.88922],[-3.89747,42.88029],[-3.91483,42.86008],[-3.87982,42.85133],[-3.86374,42.88981],[-3.83479,42.87736],[-3.81603,42.81056],[-3.86204,42.78652],[-3.89445,42.80454],[-3.91095,42.76839],[-3.97729,42.75805],[-3.99965,42.76898],[-4.00356,42.83141],[-4.05469,42.76303],[-4.08134,42.76146],[-4.10517,42.79303],[-4.14991,42.78931],[-4.18543,42.8173],[-4.15809,42.83766],[-4.14045,42.829],[-4.12612,42.85664],[-4.1499,42.87113],[-4.21423,42.84717],[-4.24025,42.95653],[-4.34848,42.97258],[-4.39811,43.03487],[-4.44755,43.05854],[-4.46275,43.06054],[-4.47571,43.0387],[-4.52093,43.04737],[-4.55845,43.01952],[-4.60608,43.03577],[-4.63813,43.01667],[-4.72282,43.01724],[-4.74326,43.02816],[-4.74399,43.05645],[-4.76611,43.05563],[-4.7665,43.07455],[-4.8169,43.09266],[-4.85143,43.12595],[-4.83457,43.15746],[-4.84807,43.17814],[-4.73416,43.18988],[-4.7196,43.23645],[-4.73094,43.25734],[-4.63188,43.26765],[-4.60655,43.30055],[-4.55524,43.2881],[-4.54777,43.26869],[-4.52351,43.27817],[-4.52235,43.33578],[-4.53881,43.35593],[-4.5115,43.39366],[-4.38936,43.38992],[-4.34067,43.40587],[-4.32802,43.39125],[-4.28025,43.388],[-4.17523,43.40105],[-4.08123,43.43832],[-3.97869,43.44088],[-3.9571,43.45582],[-3.94554,43.47115],[-3.89493,43.47083],[-3.7852,43.49177],[-3.76329,43.4672],[-3.81433,43.44948],[-3.82534,43.45167],[-3.81515,43.43701],[-3.83069,43.43516],[-3.80372,43.42662],[-3.82271,43.41358],[-3.81602,43.40181],[-3.77914,43.42097],[-3.79128,43.43221],[-3.77611,43.44941],[-3.76526,43.44628],[-3.74613,43.45153],[-3.77718,43.45822],[-3.73462,43.45928],[-3.59024,43.51356]],[[-4.1106,42.82385],[-4.10438,42.7972],[-4.08906,42.79989],[-4.08852,42.81849],[-4.1106,42.82385]],[[-4.17462,42.82308],[-4.17456,42.81162],[-4.1611,42.81312],[-4.16308,42.82095],[-4.17462,42.82308]],[[-3.77083,43.46516],[-3.77023,43.46593],[-3.77201,43.4652],[-3.7716,43.46487],[-3.77083,43.46516]],[[-3.94254,43.47098],[-3.94329,43.47074],[-3.94185,43.47058],[-3.94203,43.47099],[-3.94254,43.47098]],[[-3.26021,43.26358],[-3.24942,43.25966],[-3.26977,43.23205],[-3.26519,43.20577],[-3.28581,43.1979],[-3.3046,43.25869],[-3.26021,43.26358]],[[-3.72911,43.47631],[-3.72746,43.47135],[-3.73047,43.47007],[-3.73178,43.47287],[-3.72911,43.47631]],[[-4.02514,43.45329],[-4.022,43.45318],[-4.02096,43.45282],[-4.02644,43.45307],[-4.02514,43.45329]],[[-4.50026,43.39616],[-4.50081,43.39618],[-4.50144,43.39719],[-4.49939,43.39734],[-4.50026,43.39616]],[[-3.52765,43.49656],[-3.52757,43.4952],[-3.52925,43.49616],[-3.52829,43.49702],[-3.52765,43.49656]],[[-3.75548,43.47355],[-3.75461,43.47318],[-3.75542,43.47227],[-3.75685,43.47291],[-3.75548,43.47355]],[[-4.48298,43.39607],[-4.48204,43.39571],[-4.48442,43.39554],[-4.48271,43.39633],[-4.48298,43.39607]],[[-3.31329,43.40504],[-3.3137,43.40499],[-3.31386,43.40589],[-3.31298,43.40658],[-3.31329,43.40504]],[[-3.9334,43.47328],[-3.93287,43.47327],[-3.93283,43.47271],[-3.93414,43.47312],[-3.9334,43.47328]],[[-4.02147,43.45118],[-4.02083,43.45057],[-4.02265,43.45119],[-4.02147,43.45118]],[[-3.91621,43.47488],[-3.91606,43.47541],[-3.91458,43.4758],[-3.91486,43.47542],[-3.91621,43.47488]],[[-3.25529,43.40289],[-3.256,43.40287],[-3.25744,43.40334],[-3.25684,43.40338],[-3.25529,43.40289]],[[-3.91961,43.47371],[-3.92016,43.47366],[-3.9183,43.47423],[-3.91961,43.47371]],[[-3.7942,43.4181],[-3.79524,43.41802],[-3.79542,43.41828],[-3.7946,43.41846],[-3.7942,43.4181]],[[-3.93163,43.47348],[-3.93203,43.47287],[-3.93274,43.47319],[-3.93264,43.47355],[-3.93163,43.47348]],[[-3.21838,43.38654],[-3.21909,43.38667],[-3.21766,43.38674],[-3.21838,43.38654]],[[-3.40471,43.41755],[-3.40515,43.41733],[-3.40577,43.41736],[-3.40556,43.4176],[-3.40471,43.41755]],[[-4.02136,43.45232],[-4.02214,43.45235],[-4.02103,43.45238],[-4.02136,43.45232]],[[-4.40658,37.27412],[-4.37894,37.2742],[-4.38501,37.23801],[-4.37201,37.21539],[-4.32245,37.20423],[-4.33221,37.19116],[-4.28707,37.11952],[-4.27251,37.0149],[-4.23133,37.01694],[-4.16664,36.95708],[-4.09989,36.95271],[-4.04569,36.90286],[-3.92952,36.88288],[-3.86761,36.85068],[-3.8267,36.85533],[-3.76814,36.80196],[-3.77744,36.73792],[-3.84471,36.75355],[-3.95726,36.72609],[-4.06735,36.74874],[-4.10847,36.72534],[-4.18078,36.71468],[-4.39375,36.72234],[-4.4153,36.70699],[-4.41325,36.7177],[-4.41852,36.71711],[-4.41745,36.70891],[-4.51165,36.59314],[-4.60281,36.56296],[-4.63813,36.50708],[-4.74054,36.48263],[-4.86093,36.50763],[-4.93497,36.49981],[-5.0049,36.45974],[-5.08098,36.45056],[-5.17694,36.41427],[-5.22004,36.37541],[-5.24801,36.31042],[-5.27783,36.33712],[-5.32008,36.32507],[-5.34716,36.41865],[-5.42962,36.53334],[-5.49239,36.53647],[-5.52425,36.49771],[-5.60829,36.51229],[-5.60417,36.54892],[-5.52332,36.53112],[-5.46082,36.58878],[-5.45591,36.61958],[-5.38072,36.63178],[-5.32403,36.67334],[-5.32463,36.72401],[-5.29093,36.77517],[-5.31982,36.78673],[-5.34071,36.81942],[-5.30158,36.86964],[-5.26978,36.88421],[-5.17226,36.82351],[-5.13329,36.8391],[-5.10508,36.89794],[-5.08677,36.90509],[-5.11012,36.95933],[-5.09558,36.9683],[-5.14231,37.00583],[-5.12075,37.02847],[-5.05309,37.0306],[-4.90837,37.11465],[-4.90331,37.13879],[-4.94266,37.15759],[-4.9396,37.1757],[-4.90511,37.18187],[-4.89762,37.15603],[-4.8755,37.15819],[-4.85386,37.19859],[-4.82591,37.20071],[-4.79371,37.15356],[-4.70861,37.1977],[-4.73231,37.22615],[-4.71794,37.23989],[-4.73574,37.24484],[-4.71969,37.2597],[-4.61419,37.25542],[-4.6023,37.20924],[-4.57621,37.20916],[-4.49808,37.22333],[-4.47755,37.24473],[-4.48572,37.25198],[-4.46414,37.25208],[-4.445,37.27759],[-4.40658,37.27412]],[[-2.18191,37.89882],[-2.17201,37.88869],[-2.1232,37.90055],[-2.10039,37.8772],[-2.02182,37.86822],[-1.9947,37.88048],[-1.9745,37.86847],[-1.99564,37.84024],[-2.00884,37.77495],[-1.99583,37.72805],[-2.01265,37.7006],[-2.01181,37.67225],[-1.97681,37.61873],[-1.84526,37.45483],[-1.80895,37.43347],[-1.81176,37.45156],[-1.73707,37.44263],[-1.63012,37.37523],[-1.67708,37.35285],[-1.68901,37.33924],[-1.7083,37.30411],[-1.75881,37.26308],[-1.77348,37.24585],[-1.77478,37.24319],[-1.77517,37.23949],[-1.79756,37.22961],[-1.84948,37.06835],[-1.90076,36.98776],[-1.90374,36.93737],[-1.94053,36.93652],[-1.9673,36.89886],[-1.99208,36.89373],[-1.99961,36.84002],[-2.06002,36.80972],[-2.06041,36.77768],[-2.1062,36.76265],[-2.12428,36.732],[-2.1842,36.71925],[-2.29123,36.82007],[-2.36143,36.8416],[-2.42655,36.81074],[-2.47512,36.83703],[-2.46412,36.82585],[-2.48195,36.83558],[-2.56192,36.81613],[-2.61965,36.72696],[-2.70033,36.683],[-2.77154,36.68143],[-2.8156,36.70629],[-2.84948,36.69547],[-2.92537,36.7517],[-2.97768,36.73833],[-3.12868,36.75087],[-3.14019,36.78779],[-3.02901,36.84444],[-3.07193,36.91929],[-3.03132,36.92459],[-3.02934,36.94753],[-2.9905,36.95819],[-2.97621,36.97812],[-3.00571,37.02334],[-3.02958,37.11325],[-3.00026,37.09498],[-2.94896,37.09655],[-2.92915,37.15657],[-2.88099,37.1871],[-2.87496,37.23145],[-2.84538,37.27922],[-2.779,37.26266],[-2.75903,37.22671],[-2.73302,37.23732],[-2.66011,37.21199],[-2.66565,37.28533],[-2.6546,37.34061],[-2.63729,37.34333],[-2.64164,37.38779],[-2.51415,37.47953],[-2.45752,37.49083],[-2.45632,37.50943],[-2.35851,37.52229],[-2.35573,37.54699],[-2.3743,37.55735],[-2.3679,37.59158],[-2.39127,37.63249],[-2.35956,37.62127],[-2.30894,37.63343],[-2.32334,37.69387],[-2.27678,37.77622],[-2.30177,37.80828],[-2.28939,37.83148],[-2.29495,37.87632],[-2.20767,37.91657],[-2.18191,37.89882]],[[-3.03454,35.9381],[-3.03749,35.93894],[-3.03108,35.94143],[-3.03369,35.93985],[-3.03454,35.9381]],[[-1.88571,36.99326],[-1.88527,36.99299],[-1.88505,36.99206],[-1.8863,36.9925],[-1.88571,36.99326]],[[-1.65136,37.34705],[-1.6518,37.34683],[-1.65301,37.34705],[-1.65216,37.34781],[-1.65136,37.34705]],[[-1.64784,37.35982],[-1.64831,37.35933],[-1.64908,37.35933],[-1.64896,37.35974],[-1.64784,37.35982]],[[-1.14985,38.74607],[-1.11967,38.73772],[-1.1156,38.71139],[-1.02607,38.65453],[-1.00157,38.57267],[-1.02606,38.52282],[-1.01364,38.49673],[-1.09416,38.43793],[-1.07721,38.43147],[-1.08438,38.34622],[-0.98915,38.32088],[-0.96768,38.27564],[-0.98855,38.19953],[-1.03676,38.13772],[-1.0226,38.07569],[-0.90018,37.92313],[-0.83072,37.86442],[-0.76239,37.84695],[-0.75086,37.82181],[-0.75221,37.78821],[-0.77576,37.81911],[-0.79627,37.8105],[-0.79802,37.78479],[-0.84483,37.74804],[-0.85703,37.71336],[-0.80277,37.6582],[-0.72767,37.63479],[-0.71979,37.64882],[-0.74027,37.65952],[-0.72992,37.66201],[-0.74574,37.70599],[-0.74562,37.74825],[-0.74165,37.74318],[-0.73354,37.74654],[-0.74548,37.74897],[-0.75795,37.77987],[-0.74647,37.78075],[-0.74506,37.7588],[-0.72783,37.75009],[-0.72142,37.74003],[-0.72719,37.74674],[-0.73305,37.74692],[-0.73824,37.73461],[-0.73146,37.67849],[-0.70972,37.64131],[-0.68829,37.63276],[-0.70222,37.63026],[-0.73185,37.6015],[-0.82,37.57502],[-0.87635,37.57736],[-0.91925,37.55394],[-0.96041,37.55867],[-0.9674,37.56929],[-0.94976,37.56762],[-0.992,37.60153],[-0.98413,37.5843],[-1.01799,37.57275],[-1.03117,37.57912],[-1.07402,37.58415],[-1.10866,37.56937],[-1.12714,37.55212],[-1.11106,37.53408],[-1.16647,37.54207],[-1.17393,37.56297],[-1.21348,37.57535],[-1.24623,37.57609],[-1.25575,37.55758],[-1.32618,37.56273],[-1.40159,37.50722],[-1.45968,37.48657],[-1.48622,37.42292],[-1.51901,37.43178],[-1.62676,37.3739],[-1.73707,37.44263],[-1.81176,37.45156],[-1.80895,37.43347],[-1.84526,37.45483],[-2.01181,37.67225],[-1.99583,37.72805],[-2.00884,37.77495],[-1.99528,37.84139],[-1.9745,37.86847],[-1.9947,37.88048],[-2.02182,37.86822],[-2.10039,37.8772],[-2.1232,37.90055],[-2.17201,37.88869],[-2.24716,37.93443],[-2.29847,38.00212],[-2.34163,38.026],[-2.3299,38.0654],[-2.26165,38.11296],[-2.21294,38.20302],[-2.11373,38.2382],[-2.04899,38.30578],[-1.98263,38.28137],[-1.90754,38.29796],[-1.7843,38.35615],[-1.79575,38.37027],[-1.77114,38.36486],[-1.77135,38.37855],[-1.74512,38.38123],[-1.68756,38.36583],[-1.69273,38.33782],[-1.67025,38.31165],[-1.58954,38.30999],[-1.5582,38.3252],[-1.47855,38.37638],[-1.47987,38.47984],[-1.49873,38.53206],[-1.48769,38.56331],[-1.452,38.58146],[-1.4477,38.64952],[-1.42166,38.677],[-1.36667,38.704],[-1.34407,38.6771],[-1.24959,38.73869],[-1.18363,38.75509],[-1.14985,38.74607]],[[-1.4684,37.47044],[-1.4678,37.47116],[-1.46788,37.47165],[-1.46856,37.47095],[-1.4684,37.47044]],[[-0.7705,37.70244],[-0.7646,37.69371],[-0.76849,37.69024],[-0.77615,37.69568],[-0.7705,37.70244]],[[-0.79636,37.70104],[-0.79755,37.69601],[-0.80437,37.70152],[-0.79996,37.70372],[-0.79636,37.70104]],[[-0.70612,37.73045],[-0.70477,37.72823],[-0.70854,37.72537],[-0.70927,37.73028],[-0.70612,37.73045]],[[-0.7576,37.7886],[-0.75604,37.78762],[-0.75362,37.78359],[-0.75672,37.7836],[-0.7576,37.7886]],[[-1.26629,37.55729],[-1.26659,37.55476],[-1.27001,37.55514],[-1.26909,37.5571],[-1.26629,37.55729]],[[-1.54575,37.40959],[-1.54367,37.40885],[-1.54841,37.40767],[-1.54731,37.4096],[-1.54575,37.40959]],[[-0.96759,37.55995],[-0.96773,37.55855],[-0.97175,37.55934],[-0.96956,37.56002],[-0.96759,37.55995]],[[-0.75919,37.78881],[-0.75987,37.78607],[-0.75736,37.78482],[-0.76051,37.7848],[-0.75919,37.78881]],[[-0.76173,37.79055],[-0.75913,37.79044],[-0.75902,37.79028],[-0.76147,37.78871],[-0.76173,37.79055]],[[-0.75914,37.78435],[-0.75765,37.78413],[-0.7587,37.78302],[-0.75957,37.78249],[-0.75914,37.78435]],[[-0.75743,37.7823],[-0.75689,37.78036],[-0.75907,37.78085],[-0.7595,37.78226],[-0.75743,37.7823]],[[-0.73898,37.66939],[-0.74092,37.66851],[-0.74135,37.66942],[-0.74033,37.6705],[-0.73898,37.66939]],[[-0.74861,37.66502],[-0.7497,37.66495],[-0.75006,37.66569],[-0.74765,37.66569],[-0.74861,37.66502]],[[-1.042,37.57096],[-1.0409,37.57101],[-1.04064,37.57038],[-1.04202,37.57014],[-1.042,37.57096]],[[-1.20775,37.57144],[-1.20756,37.57083],[-1.20874,37.5709],[-1.20794,37.57235],[-1.20775,37.57144]],[[-0.64808,37.65653],[-0.64821,37.65597],[-0.64955,37.65501],[-0.64907,37.65605],[-0.64808,37.65653]],[[-0.74783,37.78853],[-0.74785,37.78789],[-0.748,37.78935],[-0.74767,37.78873],[-0.74783,37.78853]],[[-0.75847,37.78732],[-0.75786,37.78673],[-0.75813,37.78642],[-0.75919,37.78728],[-0.75847,37.78732]],[[-0.7454,37.78386],[-0.74566,37.78325],[-0.74618,37.78406],[-0.74572,37.78432],[-0.7454,37.78386]],[[-0.75744,37.78566],[-0.75713,37.78512],[-0.75849,37.78586],[-0.75833,37.78608],[-0.75744,37.78566]],[[-1.48366,39.41824],[-1.48814,39.40063],[-1.46667,39.4023],[-1.47674,39.39306],[-1.45218,39.39759],[-1.46819,39.38333],[-1.44879,39.37819],[-1.4551,39.36085],[-1.43229,39.37758],[-1.42603,39.36276],[-1.41468,39.3803],[-1.33664,39.334],[-1.31274,39.34317],[-1.165,39.31051],[-1.18083,39.21182],[-1.25572,39.10617],[-1.26675,39.05102],[-1.22654,39.02467],[-1.14665,38.92935],[-0.95941,38.94458],[-0.95652,38.92012],[-0.92454,38.89175],[-0.9357,38.85594],[-0.92488,38.82336],[-0.92894,38.78383],[-0.96143,38.77479],[-0.91579,38.69597],[-0.96247,38.65693],[-1.0341,38.65657],[-1.1156,38.71139],[-1.11967,38.73772],[-1.18363,38.75509],[-1.24976,38.73861],[-1.34407,38.6771],[-1.36667,38.704],[-1.38377,38.69918],[-1.4477,38.64952],[-1.452,38.58146],[-1.48769,38.56331],[-1.49721,38.53807],[-1.47987,38.47984],[-1.47855,38.37638],[-1.5582,38.3252],[-1.58954,38.30999],[-1.67025,38.31165],[-1.69273,38.33782],[-1.68912,38.367],[-1.76906,38.37941],[-1.77114,38.36486],[-1.79575,38.37027],[-1.7843,38.35615],[-1.90754,38.29796],[-1.98263,38.28137],[-2.02264,38.30074],[-2.06377,38.29759],[-2.11373,38.2382],[-2.21294,38.20302],[-2.26165,38.11296],[-2.3299,38.0654],[-2.34163,38.026],[-2.42212,38.03336],[-2.54749,38.07983],[-2.44628,38.18519],[-2.45434,38.21549],[-2.4366,38.27213],[-2.48521,38.30026],[-2.48236,38.3962],[-2.57188,38.41413],[-2.56662,38.49047],[-2.5927,38.51082],[-2.67969,38.49692],[-2.7641,38.53498],[-2.74679,38.54681],[-2.7655,38.57385],[-2.7501,38.61556],[-2.76369,38.62789],[-2.72825,38.61608],[-2.66885,38.64922],[-2.63807,38.73535],[-2.69628,38.78293],[-2.73224,38.78185],[-2.76231,38.88077],[-2.88289,38.93849],[-2.83226,39.02324],[-2.80993,39.02383],[-2.80501,39.07894],[-2.84266,39.13449],[-2.72319,39.26479],[-2.74337,39.31702],[-2.63497,39.32676],[-2.61926,39.34014],[-2.54878,39.32346],[-2.51105,39.34215],[-2.37408,39.23278],[-2.34989,39.27854],[-2.32119,39.28374],[-2.28868,39.22666],[-2.16868,39.28107],[-2.05096,39.26668],[-2.09562,39.35943],[-2.02033,39.35182],[-2.02843,39.33681],[-1.9898,39.29368],[-1.88708,39.30479],[-1.76985,39.28051],[-1.73928,39.32116],[-1.55568,39.40185],[-1.48366,39.41824]],[[-5.01386,41.16425],[-4.86368,41.09402],[-4.81497,41.10345],[-4.81352,41.12938],[-4.78619,41.14356],[-4.7221,41.14932],[-4.71272,41.0621],[-4.63829,41.03131],[-4.60675,40.9708],[-4.56635,40.9562],[-4.55956,40.88585],[-4.53157,40.85864],[-4.55671,40.83633],[-4.54639,40.82555],[-4.49377,40.83352],[-4.47384,40.77465],[-4.43113,40.74238],[-4.41962,40.63343],[-4.25604,40.65146],[-4.27399,40.67994],[-4.2529,40.68953],[-4.16023,40.68982],[-4.17352,40.67398],[-4.16118,40.62347],[-4.24544,40.60245],[-4.26214,40.60518],[-4.2711,40.62902],[-4.29071,40.62782],[-4.27857,40.60317],[-4.28926,40.56419],[-4.32822,40.53376],[-4.31568,40.46477],[-4.34125,40.42868],[-4.32109,40.41031],[-4.42173,40.40623],[-4.44373,40.3857],[-4.43864,40.35275],[-4.4606,40.34138],[-4.45576,40.31935],[-4.5029,40.31489],[-4.52679,40.34487],[-4.54622,40.34183],[-4.52938,40.29313],[-4.56948,40.2573],[-4.56568,40.21819],[-4.65423,40.19807],[-4.68726,40.212],[-4.69814,40.28219],[-4.76159,40.2609],[-4.80347,40.27526],[-4.81824,40.25477],[-4.80767,40.23532],[-4.92467,40.16998],[-4.92545,40.13604],[-4.95629,40.13335],[-4.95455,40.12113],[-5.01334,40.11106],[-5.00667,40.12994],[-5.02705,40.15838],[-5.06813,40.15029],[-5.14141,40.09175],[-5.19979,40.08245],[-5.21531,40.10785],[-5.33598,40.11582],[-5.36799,40.16411],[-5.36967,40.21831],[-5.34441,40.26476],[-5.4291,40.25261],[-5.47091,40.20785],[-5.53096,40.19472],[-5.61004,40.21548],[-5.622,40.24588],[-5.6492,40.24972],[-5.69266,40.29211],[-5.73713,40.29375],[-5.67303,40.34854],[-5.68636,40.35537],[-5.67844,40.38702],[-5.69119,40.42199],[-5.63417,40.46045],[-5.56092,40.4771],[-5.5746,40.44425],[-5.52593,40.42236],[-5.51147,40.42629],[-5.50983,40.46366],[-5.46555,40.46592],[-5.42851,40.56447],[-5.52469,40.54073],[-5.51622,40.58538],[-5.50086,40.59735],[-5.49966,40.58159],[-5.44765,40.57959],[-5.38295,40.62076],[-5.36589,40.64877],[-5.38546,40.67145],[-5.21444,40.75783],[-5.21899,40.77297],[-5.16151,40.814],[-5.16381,40.86838],[-5.11504,40.90281],[-5.1276,40.95412],[-5.10484,40.96025],[-5.08984,40.99663],[-5.1066,41.0295],[-5.14654,41.04364],[-5.14859,41.09215],[-5.12917,41.10538],[-5.12404,41.1356],[-5.10013,41.1471],[-5.05986,41.13862],[-5.01386,41.16425]],[[-3.02689,43.21657],[-3.00678,43.19659],[-2.98004,43.20186],[-2.94639,43.17087],[-2.95417,43.15971],[-2.93581,43.13621],[-2.97548,43.09947],[-2.89416,43.04642],[-2.63362,43.01991],[-2.6337,43.04482],[-2.66167,43.07427],[-2.54665,43.08818],[-2.52485,43.04533],[-2.54958,43.01979],[-2.59653,43.00925],[-2.60268,42.98223],[-2.58102,42.96426],[-2.5425,42.95016],[-2.5353,42.97345],[-2.3548,42.95003],[-2.24115,42.88603],[-2.23541,42.8353],[-2.28101,42.78513],[-2.26217,42.74846],[-2.31685,42.73935],[-2.32401,42.72377],[-2.31686,42.6825],[-2.29358,42.67794],[-2.28848,42.65507],[-2.38195,42.6343],[-2.37626,42.65071],[-2.4158,42.66268],[-2.48307,42.61216],[-2.50008,42.61648],[-2.49063,42.58536],[-2.4622,42.58739],[-2.45324,42.56711],[-2.42112,42.60712],[-2.39675,42.5991],[-2.3922,42.51695],[-2.42312,42.51071],[-2.42058,42.48924],[-2.51472,42.49012],[-2.51059,42.52004],[-2.53735,42.49524],[-2.53048,42.48357],[-2.56826,42.49415],[-2.59699,42.47294],[-2.60543,42.50352],[-2.64775,42.48326],[-2.67578,42.52573],[-2.70569,42.51716],[-2.68054,42.59452],[-2.74077,42.62255],[-2.76372,42.62284],[-2.77795,42.58134],[-2.82499,42.55494],[-2.84085,42.58119],[-2.8199,42.59147],[-2.81877,42.61272],[-2.8418,42.6086],[-2.84289,42.6296],[-2.89572,42.65464],[-2.9025,42.6936],[-2.93136,42.7084],[-2.98063,42.70382],[-3.01695,42.74108],[-3.04201,42.73952],[-3.04965,42.76561],[-3.14791,42.7567],[-3.12325,42.78933],[-3.15923,42.80459],[-3.11315,42.86106],[-3.11494,42.88925],[-3.16282,42.85674],[-3.19069,42.86946],[-3.22218,42.83864],[-3.20553,42.8274],[-3.28261,42.87551],[-3.27724,42.90158],[-3.24854,42.91215],[-3.22473,42.94969],[-3.14473,42.93468],[-3.14927,42.91706],[-3.0921,42.89878],[-3.01891,42.90851],[-2.98147,42.93881],[-3.04478,42.97393],[-2.9557,42.99885],[-2.98572,42.99213],[-2.98601,43.0121],[-3.0329,43.02033],[-3.01855,43.03766],[-3.02863,43.04658],[-3.04974,43.04723],[-3.08899,43.00164],[-3.1778,43.02198],[-3.14186,43.02981],[-3.14031,43.06715],[-3.15819,43.07402],[-3.13394,43.09723],[-3.18171,43.12031],[-3.16185,43.15426],[-3.13829,43.16318],[-3.11134,43.1435],[-3.0269,43.16137],[-3.0165,43.20283],[-3.04007,43.20988],[-3.02689,43.21657]],[[-2.83547,42.79627],[-2.86846,42.73992],[-2.7845,42.69894],[-2.7679,42.66601],[-2.65917,42.67246],[-2.63485,42.6478],[-2.5174,42.64633],[-2.52202,42.68403],[-2.57777,42.66821],[-2.60898,42.69596],[-2.57263,42.72517],[-2.5583,42.76273],[-2.58937,42.75032],[-2.60235,42.77063],[-2.64371,42.76472],[-2.73155,42.79451],[-2.82681,42.78445],[-2.83547,42.79627]],[[-4.67789,39.43485],[-4.6717,39.41355],[-4.70421,39.36445],[-4.70666,39.32773],[-4.76101,39.32079],[-4.70823,39.20987],[-4.64897,39.1649],[-4.81027,39.19942],[-4.85317,39.15244],[-4.8744,39.10043],[-4.82693,39.06412],[-4.83279,39.04616],[-4.87999,39.03243],[-4.9625,39.05873],[-4.91822,38.95705],[-4.83241,38.93891],[-4.84732,38.8824],[-4.91494,38.88744],[-4.94348,38.85438],[-4.98999,38.73976],[-5.09919,38.70765],[-5.1845,38.7197],[-5.16732,38.68047],[-5.18576,38.67417],[-5.18423,38.65973],[-5.20848,38.6677],[-5.21474,38.64857],[-5.22377,38.65671],[-5.29224,38.61081],[-5.30851,38.57762],[-5.37175,38.58357],[-5.39272,38.55348],[-5.38317,38.54048],[-5.40693,38.5437],[-5.41862,38.51273],[-5.47949,38.48468],[-5.48445,38.46339],[-5.51921,38.46347],[-5.56813,38.43339],[-5.58449,38.40028],[-5.55925,38.36689],[-5.57565,38.32911],[-5.52596,38.26412],[-5.52043,38.20757],[-5.53871,38.20061],[-5.53967,38.16069],[-5.57586,38.14964],[-5.58479,38.13171],[-5.63343,38.13812],[-5.69363,38.08374],[-5.7349,38.08626],[-5.73882,38.13282],[-5.69526,38.14971],[-5.70579,38.16938],[-5.68406,38.15798],[-5.68861,38.18188],[-5.72816,38.19742],[-5.87468,38.15834],[-5.88066,38.13228],[-5.92638,38.10501],[-5.90898,38.06285],[-5.93422,38.04688],[-5.95369,37.99535],[-6.11531,37.98177],[-6.18024,37.94103],[-6.20152,37.96206],[-6.30362,37.97834],[-6.35271,38.0074],[-6.36725,38.04892],[-6.4139,38.05856],[-6.45244,38.05596],[-6.44361,38.04696],[-6.47656,38.00783],[-6.54569,38.02812],[-6.58233,38.02085],[-6.58053,38.05277],[-6.6221,38.09701],[-6.73282,38.08995],[-6.77009,38.09946],[-6.77005,38.11211],[-6.80834,38.11124],[-6.79509,38.17854],[-6.85534,38.17903],[-6.93781,38.20693],[-6.93647,38.22052],[-6.97185,38.20236],[-7.01121,38.20455],[-7.02857,38.18264],[-7.06639,38.18657],[-7.08561,38.1694],[-7.14287,38.24048],[-7.15056,38.27574],[-7.16961,38.27927],[-7.28052,38.42035],[-7.33594,38.43494],[-7.29558,38.47777],[-7.32262,38.47823],[-7.30304,38.54491],[-7.24413,38.62363],[-7.26969,38.63879],[-7.2553,38.72589],[-7.12855,38.81385],[-7.08917,38.81887],[-7.06832,38.85382],[-7.03934,38.86478],[-7.03314,38.87918],[-7.05204,38.90716],[-6.95131,39.024],[-6.99587,39.09926],[-7.0391,39.11838],[-7.1058,39.09932],[-7.14381,39.10925],[-7.13459,39.1711],[-7.24135,39.20854],[-7.24778,39.25395],[-7.2314,39.27836],[-7.20386,39.2657],[-7.1552,39.31445],[-7.15542,39.32966],[-7.16851,39.32015],[-7.17783,39.33122],[-7.1543,39.36751],[-7.07387,39.38122],[-7.06297,39.37227],[-7.07912,39.35142],[-7.09859,39.35912],[-7.1021,39.34637],[-7.07717,39.31018],[-7.04413,39.32693],[-7.03261,39.36764],[-7.00927,39.38849],[-7.06702,39.4143],[-7.04938,39.43667],[-6.88322,39.38276],[-6.80207,39.3895],[-6.79701,39.34451],[-6.74675,39.32175],[-6.76117,39.27661],[-6.80086,39.23942],[-6.7675,39.18837],[-6.681,39.17715],[-6.65973,39.19907],[-6.63337,39.19684],[-6.5801,39.1798],[-6.57425,39.15836],[-6.53994,39.15526],[-6.54036,39.1817],[-6.3791,39.16277],[-6.32411,39.18643],[-6.3116,39.11161],[-6.23085,39.0898],[-6.20314,39.0565],[-6.15745,39.05547],[-6.1421,39.03158],[-6.0186,39.12912],[-6.00931,39.05253],[-5.94229,39.10851],[-5.92666,39.10464],[-5.93764,39.08379],[-5.92469,39.08318],[-5.83345,39.11033],[-5.81037,39.14458],[-5.75518,39.1323],[-5.68704,39.08206],[-5.64594,39.10232],[-5.6044,39.10039],[-5.58362,39.11811],[-5.60087,39.13435],[-5.57656,39.15091],[-5.61324,39.18822],[-5.55101,39.21588],[-5.52814,39.19147],[-5.51458,39.20971],[-5.45984,39.15837],[-5.41267,39.15696],[-5.38402,39.17419],[-5.34905,39.23356],[-5.34001,39.33331],[-5.24762,39.30182],[-5.12355,39.3365],[-5.11358,39.38747],[-5.08987,39.39036],[-5.05384,39.36243],[-4.98464,39.37161],[-4.97403,39.39468],[-4.93647,39.3961],[-4.87093,39.36831],[-4.77461,39.39719],[-4.69028,39.45179],[-4.67789,39.43485]],[[-0.15968,38.88351],[-0.14808,38.85843],[-0.07062,38.88572],[-0.03468,38.85689],[-0.0248,38.87255],[-0.03751,38.88693],[0.01527,38.86379],[0.1258,38.8486],[0.1095,38.84553],[0.19752,38.80405],[0.18206,38.79385],[0.19024,38.77347],[0.22477,38.76428],[0.22165,38.75825],[0.224,38.74896],[0.23392,38.73693],[0.18241,38.72078],[0.14861,38.67926],[0.09846,38.67284],[0.07359,38.6447],[0.08386,38.63103],[0.05137,38.64131],[0.03055,38.62592],[-0.01588,38.62666],[-0.06174,38.58205],[-0.04958,38.56219],[-0.09756,38.52347],[-0.15198,38.53504],[-0.37501,38.44304],[-0.40457,38.40146],[-0.40384,38.35248],[-0.44426,38.36325],[-0.51063,38.3259],[-0.51371,38.19746],[-0.59527,38.18788],[-0.63085,38.14894],[-0.64764,37.99999],[-0.66598,37.97622],[-0.69674,37.96947],[-0.71982,37.91138],[-0.74906,37.89973],[-0.76239,37.84695],[-0.83191,37.86513],[-0.92119,37.94424],[-1.0226,38.07569],[-1.03676,38.13772],[-0.98855,38.19953],[-0.96768,38.27564],[-0.98915,38.32088],[-1.08438,38.34622],[-1.08806,38.36777],[-1.07721,38.43147],[-1.09416,38.43793],[-1.01364,38.49673],[-1.02606,38.52282],[-1.00157,38.57267],[-1.02693,38.65552],[-0.96247,38.65693],[-0.91579,38.69597],[-0.96143,38.77479],[-0.92894,38.78383],[-0.90499,38.76708],[-0.86169,38.77089],[-0.83462,38.73243],[-0.73493,38.75945],[-0.70719,38.73382],[-0.64403,38.72814],[-0.64247,38.70414],[-0.61805,38.68665],[-0.50711,38.74298],[-0.52963,38.76709],[-0.56564,38.75543],[-0.59129,38.79682],[-0.46188,38.80765],[-0.40339,38.83971],[-0.38144,38.8349],[-0.31081,38.88151],[-0.23054,38.85349],[-0.15968,38.88351]],[[-0.4802,38.16696],[-0.47203,38.16647],[-0.46489,38.16323],[-0.48434,38.16642],[-0.4802,38.16696]],[[0.23072,38.75692],[0.23046,38.75361],[0.2282,38.75386],[0.22889,38.75685],[0.23072,38.75692]],[[-0.12963,38.50334],[-0.12903,38.5012],[-0.13302,38.50216],[-0.13122,38.50408],[-0.12963,38.50334]],[[0.21863,38.72623],[0.21813,38.72622],[0.21507,38.72741],[0.21628,38.7277],[0.21863,38.72623]],[[-0.48584,38.16671],[-0.48512,38.1667],[-0.48458,38.16636],[-0.48659,38.16689],[-0.48584,38.16671]],[[-0.07179,38.53732],[-0.07258,38.53634],[-0.07344,38.53662],[-0.07295,38.53714],[-0.07179,38.53732]],[[-0.47353,38.16125],[-0.47456,38.16107],[-0.47474,38.16168],[-0.47439,38.16176],[-0.47353,38.16125]],[[-7.92018,42.56666],[-7.88852,42.54147],[-7.92401,42.52504],[-7.9016,42.52136],[-7.91318,42.50839],[-7.87541,42.51095],[-7.80131,42.48003],[-7.76503,42.49396],[-7.74831,42.47999],[-7.78835,42.47348],[-7.7889,42.466],[-7.71317,42.45238],[-7.69787,42.42955],[-7.63141,42.40706],[-7.61907,42.38489],[-7.57612,42.40487],[-7.54196,42.38444],[-7.50758,42.38678],[-7.39925,42.43556],[-7.3699,42.42136],[-7.30694,42.42945],[-7.22007,42.38719],[-7.23093,42.35914],[-7.20267,42.3257],[-7.14927,42.43616],[-7.09974,42.45879],[-7.07705,42.50819],[-6.97854,42.49325],[-6.96009,42.51776],[-6.92505,42.51944],[-6.86006,42.48876],[-6.82278,42.49086],[-6.80831,42.46861],[-6.82277,42.45291],[-6.81427,42.42735],[-6.84351,42.40585],[-6.73395,42.35911],[-6.73429,42.31869],[-6.767,42.25746],[-6.80317,42.23867],[-6.78714,42.21572],[-6.8436,42.2283],[-6.87824,42.21952],[-6.90108,42.18962],[-6.94279,42.17334],[-6.94455,42.14168],[-6.98982,42.12131],[-7.00269,42.08417],[-7.03358,42.07424],[-7.01183,42.05242],[-6.97479,42.05516],[-6.9611,42.02791],[-7.00623,41.95051],[-7.07351,41.95031],[-7.08756,41.97391],[-7.14057,41.99083],[-7.17818,41.97965],[-7.18992,41.94176],[-7.1735,41.91954],[-7.19729,41.88006],[-7.23266,41.86722],[-7.31581,41.84284],[-7.36727,41.85168],[-7.42729,41.80748],[-7.42564,41.83106],[-7.4528,41.86514],[-7.50214,41.86963],[-7.52108,41.84192],[-7.61359,41.82928],[-7.58627,41.88203],[-7.65385,41.88137],[-7.70116,41.90805],[-7.84498,41.88153],[-7.84561,41.86394],[-7.87648,41.84947],[-7.89193,41.85993],[-7.88438,41.92443],[-7.90578,41.92737],[-7.92097,41.87902],[-7.98086,41.87237],[-8.01326,41.82882],[-8.09387,41.80895],[-8.16511,41.81827],[-8.1706,41.87905],[-8.19972,41.87402],[-8.21702,41.91363],[-8.16348,41.98271],[-8.08546,42.01698],[-8.08429,42.04737],[-8.11852,42.08211],[-8.1873,42.07463],[-8.19904,42.15441],[-8.16117,42.17915],[-8.19226,42.20912],[-8.16461,42.22144],[-8.16184,42.24412],[-8.22946,42.23293],[-8.26458,42.25286],[-8.26195,42.31538],[-8.3247,42.34505],[-8.3147,42.38098],[-8.34202,42.4657],[-8.36634,42.48735],[-8.30273,42.49021],[-8.17386,42.57197],[-8.14683,42.54867],[-8.0905,42.55776],[-8.01863,42.54222],[-7.99249,42.5725],[-7.928,42.57853],[-7.92018,42.56666]],[[1.91821,42.31778],[2.0699,42.2916],[2.01673,42.23298],[2.03019,42.21587],[2.0533,42.21953],[2.06051,42.17789],[2.00483,42.1621],[1.99555,42.1723],[2.0073,42.19407],[1.96521,42.19909],[1.96589,42.17879],[1.99149,42.18259],[2.00398,42.14952],[2.06038,42.13536],[2.09232,42.1443],[2.12592,42.11311],[2.1447,42.13141],[2.20107,42.12429],[2.21512,42.14209],[2.27002,42.14521],[2.29955,42.1342],[2.29492,42.10268],[2.36603,42.12135],[2.40018,42.10276],[2.3945,42.08676],[2.41753,42.06498],[2.45804,42.07928],[2.49035,42.06732],[2.48222,42.04925],[2.50616,42.03227],[2.4989,42.00152],[2.46878,41.99384],[2.48802,41.98467],[2.47431,41.96935],[2.4291,41.96893],[2.48118,41.91602],[2.4427,41.88749],[2.40712,41.89572],[2.38261,41.87152],[2.36967,41.8855],[2.32798,41.88305],[2.32599,41.85566],[2.35155,41.80967],[2.47218,41.7896],[2.46915,41.77779],[2.51597,41.7619],[2.54731,41.71907],[2.6576,41.74769],[2.77686,41.73549],[2.75787,41.67913],[2.77778,41.65],[2.55544,41.57937],[2.36904,41.49045],[2.26647,41.45914],[2.19831,41.38689],[2.17181,41.33499],[2.18664,41.36695],[2.18475,41.38082],[2.11585,41.29048],[1.64735,41.19275],[1.64098,41.23537],[1.62401,41.22294],[1.58311,41.23608],[1.57016,41.26073],[1.61971,41.2537],[1.63679,41.29595],[1.58822,41.29356],[1.59551,41.30885],[1.55866,41.34315],[1.57796,41.36246],[1.53682,41.38536],[1.50929,41.39444],[1.47304,41.38076],[1.49017,41.40148],[1.4751,41.42945],[1.4952,41.43561],[1.46848,41.44396],[1.48456,41.47492],[1.39635,41.51289],[1.40872,41.53493],[1.44858,41.53707],[1.43103,41.55566],[1.45448,41.56919],[1.41968,41.58261],[1.39285,41.57509],[1.40664,41.60048],[1.35962,41.61354],[1.39167,41.63409],[1.44832,41.6361],[1.41504,41.67458],[1.42339,41.68412],[1.38192,41.70576],[1.42485,41.73277],[1.40302,41.7453],[1.41701,41.79463],[1.47108,41.80093],[1.46112,41.77669],[1.48259,41.77113],[1.48245,41.79101],[1.50484,41.78789],[1.53072,41.75256],[1.57258,41.78219],[1.5936,41.77793],[1.58881,41.80473],[1.61146,41.81777],[1.63031,41.85878],[1.61912,41.88153],[1.56893,41.88002],[1.65301,41.9288],[1.65007,41.97966],[1.67529,41.98253],[1.66946,41.96991],[1.68275,41.96738],[1.71923,41.98447],[1.69774,42.01469],[1.69744,41.98518],[1.64786,42.00015],[1.65586,42.02092],[1.66597,42.00351],[1.69929,42.0289],[1.69248,42.04613],[1.67023,42.04442],[1.6913,42.0871],[1.72205,42.09109],[1.69856,42.13572],[1.73907,42.17653],[1.73804,42.18942],[1.68035,42.20624],[1.68039,42.22436],[1.70456,42.23882],[1.6846,42.25644],[1.69014,42.27711],[1.67031,42.2817],[1.91821,42.31778]],[[2.02179,42.12768],[2.00253,42.12557],[2.00754,42.10725],[2.02979,42.12124],[2.02179,42.12768]],[[1.71109,41.89039],[1.71875,41.8824],[1.72491,41.89303],[1.70939,41.89711],[1.71109,41.89039]],[[1.62897,41.31065],[1.63748,41.30968],[1.6425,41.31296],[1.63324,41.31349],[1.62897,41.31065]],[[1.65671,42.11444],[1.68315,42.11443],[1.69187,42.11028],[1.64487,42.11262],[1.65671,42.11444]],[[-3.24918,43.196],[-3.22409,43.17013],[-3.15863,43.17813],[-3.14117,43.16541],[-3.18179,43.12088],[-3.13394,43.09723],[-3.15819,43.07402],[-3.14031,43.06715],[-3.14196,43.02941],[-3.1778,43.02198],[-3.06026,43.00351],[-3.04147,42.96992],[-2.98119,42.93944],[-3.01891,42.90851],[-3.0921,42.89878],[-3.14927,42.91706],[-3.14473,42.93468],[-3.22473,42.94969],[-3.24854,42.91215],[-3.27724,42.90158],[-3.28261,42.87551],[-3.20553,42.8274],[-3.22218,42.83864],[-3.19069,42.86946],[-3.16282,42.85674],[-3.11494,42.88925],[-3.11315,42.86106],[-3.15923,42.80459],[-3.12325,42.78933],[-3.14791,42.7567],[-3.04965,42.76561],[-3.04201,42.73952],[-3.01695,42.74108],[-2.98063,42.70382],[-2.93136,42.7084],[-2.9025,42.6936],[-2.89606,42.65503],[-2.85809,42.63821],[-2.91601,42.61952],[-2.94645,42.63932],[-3.08415,42.64069],[-3.05983,42.58919],[-3.13427,42.54205],[-3.07257,42.52892],[-3.09469,42.48807],[-3.046,42.44515],[-3.0633,42.42491],[-3.05688,42.37027],[-3.08265,42.39738],[-3.07818,42.41575],[-3.10135,42.41678],[-3.10527,42.38637],[-3.08481,42.38539],[-3.06346,42.3567],[-3.10967,42.35145],[-3.08859,42.24573],[-3.12906,42.19765],[-3.03437,42.08596],[-2.93118,42.08678],[-2.91362,42.02285],[-2.95052,41.9939],[-2.97079,41.92927],[-3.00807,41.92222],[-3.01677,41.88691],[-3.09716,41.88106],[-3.1362,41.81194],[-3.17135,41.79301],[-3.1945,41.82893],[-3.23439,41.84064],[-3.24334,41.864],[-3.28376,41.88381],[-3.27545,41.76867],[-3.35438,41.73725],[-3.3584,41.69342],[-3.3934,41.69061],[-3.45916,41.58963],[-3.52915,41.61263],[-3.55044,41.59659],[-3.54157,41.57761],[-3.56651,41.57996],[-3.57262,41.5654],[-3.61684,41.57716],[-3.66105,41.56608],[-3.7283,41.51764],[-3.72372,41.47921],[-3.73948,41.45078],[-3.76975,41.46015],[-3.76619,41.53793],[-3.80379,41.52458],[-3.78764,41.48586],[-3.82388,41.48113],[-3.89455,41.55215],[-3.98163,41.58366],[-4.00593,41.61936],[-4.03528,41.62062],[-4.02604,41.69238],[-4.0767,41.73357],[-4.05579,41.74069],[-4.038,41.78985],[-4.09007,41.83086],[-4.07932,41.84845],[-4.08882,41.87065],[-4.03758,41.87277],[-3.9807,41.90062],[-3.98134,41.9307],[-3.92914,41.95937],[-3.89198,41.95794],[-3.88975,41.99091],[-3.9102,41.99697],[-4.03298,41.95408],[-4.01477,41.99859],[-3.97107,42.03322],[-3.98168,42.05105],[-4.03925,42.05335],[-4.07989,42.03678],[-4.10411,42.06163],[-4.10304,42.08704],[-4.07749,42.08268],[-4.05621,42.10091],[-4.10378,42.10969],[-4.12022,42.12813],[-4.20501,42.13361],[-4.18864,42.17638],[-4.23144,42.20845],[-4.22876,42.25038],[-4.24411,42.2594],[-4.26482,42.35251],[-4.28052,42.36379],[-4.27273,42.38572],[-4.32159,42.3799],[-4.33096,42.39095],[-4.31623,42.40998],[-4.33534,42.43061],[-4.31709,42.45893],[-4.24259,42.45624],[-4.25439,42.46792],[-4.24704,42.49472],[-4.2862,42.51197],[-4.27215,42.51998],[-4.27769,42.54469],[-4.30333,42.55536],[-4.30535,42.57081],[-4.27081,42.58139],[-4.28543,42.58198],[-4.2939,42.60526],[-4.26387,42.61796],[-4.29317,42.6909],[-4.26669,42.7053],[-4.25704,42.68811],[-4.14497,42.75252],[-4.10955,42.73388],[-4.08526,42.76408],[-3.99066,42.77098],[-3.96569,42.7586],[-3.91095,42.76839],[-3.89445,42.80454],[-3.86337,42.78646],[-3.82291,42.79907],[-3.82674,42.87086],[-3.86374,42.88981],[-3.88019,42.85139],[-3.91483,42.86008],[-3.89747,42.88029],[-3.92435,42.88922],[-3.89293,42.88736],[-3.91058,42.91093],[-3.90782,42.91452],[-3.8686,42.89908],[-3.83355,42.91799],[-3.83954,42.93978],[-3.88738,42.94877],[-3.89128,42.92549],[-3.93354,42.8996],[-3.92999,42.91485],[-3.97462,42.91235],[-3.98717,42.94054],[-3.94546,43.00577],[-3.90926,43.0161],[-3.89075,43.04183],[-3.85079,43.03925],[-3.83177,43.06383],[-3.84696,43.0844],[-3.76457,43.08103],[-3.75488,43.10055],[-3.70468,43.11628],[-3.65175,43.18079],[-3.61245,43.16952],[-3.60354,43.14964],[-3.43456,43.13165],[-3.24918,43.196]],[[-4.0896,42.16057],[-4.11184,42.15858],[-4.11004,42.14319],[-4.06214,42.13158],[-4.06564,42.1635],[-4.0896,42.16057]],[[-4.03455,42.10658],[-4.0276,42.08785],[-4.03194,42.07864],[-4.02437,42.08355],[-4.03455,42.10658]],[[-2.82771,42.78797],[-2.73155,42.79451],[-2.64371,42.76472],[-2.60235,42.77063],[-2.58937,42.75032],[-2.5583,42.76273],[-2.57263,42.72517],[-2.60898,42.69596],[-2.57777,42.66821],[-2.52202,42.68403],[-2.5174,42.64633],[-2.63485,42.6478],[-2.65917,42.67246],[-2.7679,42.66601],[-2.7845,42.69894],[-2.86846,42.73992],[-2.83547,42.79627],[-2.82771,42.78797]],[[-2.93489,42.59441],[-2.94521,42.60389],[-2.9345,42.61408],[-2.92263,42.60083],[-2.93489,42.59441]],[[-4.24781,42.73604],[-4.25133,42.72655],[-4.26315,42.73048],[-4.26063,42.73889],[-4.24781,42.73604]],[[-2.99194,42.60456],[-2.99452,42.61549],[-2.98522,42.61422],[-2.98286,42.6108],[-2.99194,42.60456]],[[-6.23048,40.4866],[-6.15705,40.45661],[-6.14702,40.43612],[-6.11613,40.44159],[-6.12948,40.42079],[-6.06513,40.39693],[-6.08517,40.39049],[-6.07216,40.387],[-6.08238,40.36321],[-6.10572,40.3568],[-6.01602,40.34029],[-6.00594,40.30581],[-5.93778,40.28107],[-5.91717,40.2777],[-5.88424,40.3266],[-5.79934,40.35375],[-5.78199,40.31246],[-5.80273,40.29763],[-5.79314,40.28671],[-5.69266,40.29211],[-5.6492,40.24972],[-5.622,40.24588],[-5.61452,40.2183],[-5.54811,40.19724],[-5.47091,40.20785],[-5.4291,40.25261],[-5.34321,40.26405],[-5.36967,40.21831],[-5.36799,40.16411],[-5.33598,40.11582],[-5.36901,40.10009],[-5.36514,39.98292],[-5.40611,39.87773],[-5.32361,39.89173],[-5.28405,39.86388],[-5.31259,39.82428],[-5.30808,39.76003],[-5.25482,39.75234],[-5.20646,39.79756],[-5.1669,39.79988],[-5.15846,39.75966],[-5.17396,39.75126],[-5.13779,39.715],[-5.16176,39.64244],[-5.20662,39.59723],[-4.95251,39.39499],[-4.97464,39.39433],[-4.98418,39.37174],[-5.05384,39.36243],[-5.08987,39.39036],[-5.11358,39.38747],[-5.12355,39.3365],[-5.24762,39.30182],[-5.34001,39.33331],[-5.34905,39.23356],[-5.38402,39.17419],[-5.41267,39.15696],[-5.45984,39.15837],[-5.51458,39.20971],[-5.52814,39.19147],[-5.55101,39.21588],[-5.61324,39.18822],[-5.57656,39.15091],[-5.60087,39.13435],[-5.58362,39.11811],[-5.6044,39.10039],[-5.64594,39.10232],[-5.68704,39.08206],[-5.75518,39.1323],[-5.81037,39.14458],[-5.83345,39.11033],[-5.92469,39.08318],[-5.93764,39.08379],[-5.92666,39.10464],[-5.94229,39.10851],[-6.00931,39.05253],[-6.0186,39.12912],[-6.1421,39.03158],[-6.15745,39.05547],[-6.20314,39.0565],[-6.23085,39.0898],[-6.3116,39.11161],[-6.32411,39.18643],[-6.3791,39.16277],[-6.54036,39.1817],[-6.53994,39.15526],[-6.57425,39.15836],[-6.5801,39.1798],[-6.63337,39.19684],[-6.65973,39.19907],[-6.681,39.17715],[-6.7675,39.18837],[-6.80086,39.23942],[-6.76117,39.27661],[-6.74675,39.32175],[-6.79701,39.34451],[-6.8044,39.39039],[-6.88322,39.38276],[-7.04938,39.43667],[-7.06702,39.4143],[-7.00927,39.38849],[-7.04591,39.32493],[-7.07957,39.31139],[-7.10304,39.35456],[-7.07912,39.35142],[-7.06297,39.37227],[-7.12574,39.38117],[-7.16123,39.36134],[-7.17781,39.33079],[-7.15202,39.32148],[-7.20386,39.2657],[-7.30831,39.33683],[-7.32348,39.38193],[-7.2965,39.4589],[-7.38127,39.49181],[-7.39112,39.52988],[-7.42974,39.53451],[-7.46088,39.57263],[-7.49589,39.58644],[-7.54483,39.66375],[-7.33284,39.64117],[-7.25014,39.6672],[-7.1493,39.6529],[-7.01534,39.67079],[-6.97672,39.7727],[-6.98691,39.8101],[-6.90353,39.87131],[-6.90894,39.91916],[-6.88577,39.94044],[-6.88563,39.98041],[-6.86409,40.01245],[-6.94164,40.11287],[-6.99344,40.11272],[-7.0119,40.12687],[-7.01564,40.17806],[-7.02887,40.18531],[-7.01216,40.22648],[-6.96456,40.23758],[-6.95054,40.25825],[-6.86509,40.27063],[-6.83452,40.24758],[-6.7556,40.23892],[-6.71857,40.2692],[-6.69014,40.24266],[-6.67175,40.26323],[-6.58702,40.27072],[-6.55617,40.29078],[-6.56041,40.32905],[-6.53628,40.34724],[-6.43831,40.37277],[-6.41883,40.39929],[-6.3714,40.40187],[-6.34464,40.44278],[-6.27533,40.45852],[-6.23048,40.4866]],[[-5.43132,37.05039],[-5.42011,37.01321],[-5.46029,36.9753],[-5.43895,36.93529],[-5.41285,36.94066],[-5.39239,36.97328],[-5.3021,37.03736],[-5.30022,37.01374],[-5.23453,36.94105],[-5.14238,37.00386],[-5.11515,36.98896],[-5.09558,36.9683],[-5.11012,36.95933],[-5.08677,36.90509],[-5.10508,36.89794],[-5.13329,36.8391],[-5.1704,36.82355],[-5.22201,36.84272],[-5.26978,36.88421],[-5.30158,36.86964],[-5.34071,36.81942],[-5.31982,36.78673],[-5.29093,36.77517],[-5.32463,36.72401],[-5.32403,36.67334],[-5.38072,36.63178],[-5.45591,36.61958],[-5.46082,36.58878],[-5.52332,36.53112],[-5.61048,36.54423],[-5.60829,36.51229],[-5.52425,36.49771],[-5.49239,36.53647],[-5.42932,36.53316],[-5.34716,36.41865],[-5.32008,36.32507],[-5.27783,36.33712],[-5.25235,36.31122],[-5.31705,36.22919],[-5.33865,36.15346],[-5.36503,36.15501],[-5.35215,36.15621],[-5.39142,36.18093],[-5.44065,36.16206],[-5.44727,36.1391],[-5.44312,36.12873],[-5.43591,36.14071],[-5.4436,36.12744],[-5.44045,36.12401],[-5.43001,36.14075],[-5.44257,36.1196],[-5.43108,36.10559],[-5.44354,36.08964],[-5.42954,36.07096],[-5.61108,36.00013],[-5.6525,36.05316],[-5.68929,36.06736],[-5.72382,36.06006],[-5.77634,36.08776],[-5.79724,36.07827],[-5.9149,36.18477],[-6.03447,36.18117],[-6.10276,36.28411],[-6.15109,36.30653],[-6.18221,36.36857],[-6.21875,36.39255],[-6.28883,36.52342],[-6.3096,36.5286],[-6.30505,36.53674],[-6.2905,36.53771],[-6.28729,36.54284],[-6.27936,36.543],[-6.29229,36.53287],[-6.27684,36.54074],[-6.26863,36.532],[-6.28193,36.52748],[-6.25643,36.50782],[-6.2576,36.47311],[-6.22984,36.4626],[-6.17324,36.52141],[-6.20053,36.52873],[-6.20787,36.50958],[-6.24563,36.50896],[-6.25797,36.52919],[-6.22912,36.52507],[-6.23282,36.58492],[-6.24938,36.57228],[-6.23822,36.58448],[-6.26593,36.57983],[-6.29982,36.61786],[-6.3201,36.61197],[-6.31124,36.61784],[-6.33014,36.62437],[-6.32617,36.61038],[-6.33736,36.62528],[-6.35372,36.61421],[-6.38826,36.62899],[-6.44278,36.73775],[-6.34236,36.79442],[-6.35321,36.85504],[-6.33101,36.8988],[-6.27829,36.91085],[-6.25379,36.89391],[-6.15615,36.88565],[-6.10445,36.85726],[-5.89105,36.84219],[-5.87652,36.89471],[-5.84551,36.91521],[-5.71377,36.92039],[-5.66757,36.97599],[-5.61809,36.94016],[-5.58711,36.94701],[-5.5834,36.91509],[-5.53382,36.89345],[-5.54612,36.93018],[-5.46973,36.98395],[-5.51099,37.0336],[-5.43132,37.05039]],[[-6.46916,36.73804],[-6.46831,36.73707],[-6.4685,36.73225],[-6.47205,36.73725],[-6.46916,36.73804]],[[-6.22078,36.38114],[-6.21979,36.37895],[-6.22127,36.38026],[-6.22534,36.39618],[-6.22078,36.38114]],[[-6.31543,36.52864],[-6.31278,36.52821],[-6.31232,36.52783],[-6.31779,36.52787],[-6.31543,36.52864]],[[-6.21921,36.38602],[-6.21912,36.38454],[-6.21893,36.3838],[-6.22033,36.38698],[-6.21921,36.38602]],[[-6.22089,36.38733],[-6.2213,36.38725],[-6.22149,36.39005],[-6.2207,36.38798],[-6.22089,36.38733]],[[-6.21582,36.38244],[-6.21634,36.38248],[-6.21544,36.38396],[-6.2148,36.38321],[-6.21582,36.38244]],[[-5.29309,36.2455],[-5.29503,36.24527],[-5.29542,36.24553],[-5.29428,36.24599],[-5.29309,36.2455]],[[-6.00792,36.18142],[-6.00925,36.18149],[-6.00891,36.1816],[-6.00792,36.18142]],[[-0.16496,40.78863],[-0.14453,40.78544],[-0.12684,40.75332],[-0.0647,40.72741],[0.01574,40.72843],[0.02644,40.69495],[0.04218,40.69101],[0.1125,40.72714],[0.14392,40.71825],[0.22612,40.73316],[0.23652,40.70168],[0.26243,40.70585],[0.29184,40.68855],[0.26783,40.659],[0.27883,40.63006],[0.40196,40.60238],[0.44394,40.57822],[0.43796,40.54706],[0.51317,40.51601],[0.41783,40.40059],[0.40845,40.35735],[0.27836,40.24415],[0.26401,40.20855],[0.19051,40.17043],[0.14755,40.08292],[0.04967,40.03544],[-0.00516,39.91517],[-0.06699,39.85736],[-0.08887,39.85398],[-0.18827,39.72191],[-0.26418,39.7455],[-0.27653,39.77054],[-0.32826,39.80148],[-0.37792,39.79988],[-0.39609,39.75861],[-0.45618,39.7147],[-0.53059,39.79598],[-0.57705,39.7732],[-0.58822,39.74169],[-0.65235,39.75408],[-0.65615,39.83596],[-0.69111,39.85246],[-0.71255,39.81685],[-0.73046,39.81483],[-0.77356,39.8698],[-0.83289,39.911],[-0.8463,39.9477],[-0.83794,39.97655],[-0.77765,39.99841],[-0.75362,40.04661],[-0.68294,40.04422],[-0.62722,40.0762],[-0.61359,40.07001],[-0.62853,40.10258],[-0.57864,40.13734],[-0.54419,40.25166],[-0.49451,40.22873],[-0.42807,40.2438],[-0.38363,40.26485],[-0.40041,40.29485],[-0.38864,40.30694],[-0.36627,40.30505],[-0.34062,40.33999],[-0.28203,40.36529],[-0.28524,40.38632],[-0.34735,40.44394],[-0.27264,40.47376],[-0.27764,40.50153],[-0.30184,40.5154],[-0.29329,40.61104],[-0.37048,40.61359],[-0.38113,40.66423],[-0.32882,40.68028],[-0.307,40.6595],[-0.23599,40.69111],[-0.22403,40.75416],[-0.19718,40.78446],[-0.16496,40.78863]],[[0.68762,39.90063],[0.68447,39.89684],[0.68617,39.89344],[0.68373,39.89729],[0.68762,39.90063]],[[0.67125,39.87598],[0.67244,39.87537],[0.67181,39.87425],[0.67053,39.8748],[0.67125,39.87598]],[[0.66951,39.89052],[0.66819,39.89128],[0.66807,39.89198],[0.66901,39.89197],[0.66951,39.89052]],[[-4.13897,39.56645],[-4.04178,39.57535],[-4.03008,39.52197],[-4.06008,39.52144],[-4.06813,39.45705],[-4.11807,39.45688],[-4.14807,39.36277],[-4.12054,39.36262],[-4.10445,39.34111],[-4.07337,39.36533],[-3.9722,39.35218],[-3.96686,39.29855],[-3.85736,39.2585],[-3.79121,39.2929],[-3.72252,39.26961],[-3.68019,39.29828],[-3.53259,39.30416],[-3.47688,39.34314],[-3.47048,39.37214],[-3.41028,39.40459],[-3.30913,39.39915],[-3.31589,39.43453],[-3.2942,39.47084],[-3.18516,39.47415],[-3.18452,39.48796],[-3.15731,39.49611],[-3.0696,39.45027],[-3.02259,39.457],[-2.99955,39.44164],[-2.95679,39.44721],[-2.9277,39.47076],[-2.93181,39.45282],[-2.86992,39.39048],[-2.89656,39.36677],[-2.88238,39.35088],[-2.83409,39.35347],[-2.79315,39.39774],[-2.77603,39.39476],[-2.72219,39.26719],[-2.84266,39.13449],[-2.80501,39.07894],[-2.80881,39.02869],[-2.83226,39.02324],[-2.88289,38.93849],[-2.8358,38.90598],[-2.79246,38.90555],[-2.76155,38.87981],[-2.75268,38.81473],[-2.73224,38.78185],[-2.69628,38.78293],[-2.64099,38.7431],[-2.66885,38.64922],[-2.72825,38.61608],[-2.76369,38.62789],[-2.7501,38.61556],[-2.7655,38.57385],[-2.74679,38.54681],[-2.77995,38.50971],[-2.88149,38.45264],[-2.90579,38.46991],[-2.96359,38.47145],[-2.99351,38.45012],[-3.00171,38.40832],[-3.06497,38.47825],[-3.13829,38.43858],[-3.27942,38.46024],[-3.32649,38.48212],[-3.37501,38.47524],[-3.37668,38.4396],[-3.4517,38.40032],[-3.52844,38.40864],[-3.54189,38.44539],[-3.58308,38.45147],[-3.59824,38.39847],[-3.78561,38.42527],[-3.83006,38.4128],[-3.83056,38.3929],[-3.85428,38.37514],[-3.91512,38.36881],[-4.15656,38.38132],[-4.25778,38.40158],[-4.2768,38.39021],[-4.26887,38.34717],[-4.28733,38.34276],[-4.45299,38.40087],[-4.51269,38.46385],[-4.5663,38.49094],[-4.59369,38.48638],[-4.62278,38.52379],[-4.70395,38.55317],[-4.70737,38.57195],[-4.86017,38.61398],[-4.87697,38.68609],[-5.0046,38.6951],[-5.00802,38.71523],[-5.04695,38.72909],[-4.98999,38.73976],[-4.94348,38.85438],[-4.91494,38.88744],[-4.84732,38.8824],[-4.83113,38.93561],[-4.91822,38.95705],[-4.9625,39.05873],[-4.87999,39.03243],[-4.83279,39.04616],[-4.82693,39.06412],[-4.8744,39.10043],[-4.85317,39.15244],[-4.81027,39.19942],[-4.64789,39.16687],[-4.70823,39.20987],[-4.76101,39.32079],[-4.70666,39.32773],[-4.70421,39.36445],[-4.6695,39.42454],[-4.6877,39.45029],[-4.61813,39.4544],[-4.61843,39.48465],[-4.56792,39.49728],[-4.55463,39.51078],[-4.56144,39.53314],[-4.54268,39.544],[-4.53109,39.5316],[-4.52495,39.56163],[-4.48219,39.5388],[-4.51122,39.52213],[-4.46159,39.47855],[-4.44191,39.52313],[-4.37721,39.49598],[-4.24209,39.4779],[-4.19323,39.49538],[-4.15873,39.57676],[-4.13897,39.56645]],[[-4.76776,39.51561],[-4.74285,39.48755],[-4.74051,39.45617],[-4.76698,39.43353],[-4.75537,39.41571],[-4.77315,39.39788],[-4.87093,39.36831],[-4.94074,39.39512],[-4.90821,39.49369],[-4.86312,39.55615],[-4.76776,39.51561]],[[-2.76683,38.53297],[-2.70251,38.50109],[-2.59974,38.51292],[-2.57021,38.4948],[-2.57188,38.41413],[-2.48236,38.3962],[-2.48521,38.30026],[-2.4366,38.27213],[-2.45434,38.21549],[-2.44628,38.18519],[-2.53967,38.09261],[-2.60632,38.06186],[-2.59585,38.05319],[-2.60512,37.99815],[-2.66982,37.96143],[-2.70267,37.97152],[-2.78461,37.91764],[-2.87315,37.79149],[-2.88029,37.75994],[-2.90378,37.75117],[-2.90152,37.68929],[-2.88404,37.68132],[-2.97792,37.63398],[-2.97818,37.60275],[-3.05096,37.61836],[-3.0882,37.59554],[-3.17205,37.64287],[-3.21574,37.64419],[-3.26248,37.63921],[-3.29623,37.58826],[-3.3993,37.56405],[-3.50654,37.61723],[-3.53616,37.59734],[-3.53643,37.58082],[-3.62707,37.52854],[-3.77624,37.47648],[-3.78557,37.4909],[-3.84122,37.38624],[-3.95089,37.37835],[-3.98368,37.38853],[-4.04814,37.46797],[-4.08765,37.48608],[-4.05999,37.50581],[-4.09806,37.51153],[-4.12098,37.5543],[-4.16071,37.57511],[-4.17384,37.61008],[-4.22014,37.62024],[-4.2281,37.63954],[-4.16437,37.68151],[-4.18351,37.70704],[-4.23861,37.72009],[-4.20793,37.78005],[-4.28674,37.79654],[-4.25805,37.93932],[-4.28248,38.02197],[-4.25996,38.02223],[-4.26875,38.04005],[-4.24009,38.04703],[-4.25194,38.06352],[-4.21408,38.08948],[-4.21795,38.11077],[-4.16118,38.14554],[-4.16786,38.18079],[-4.20117,38.21408],[-4.196,38.23785],[-4.21669,38.24695],[-4.21022,38.30145],[-4.23854,38.31511],[-4.23744,38.34154],[-4.26927,38.34773],[-4.27866,38.37749],[-4.26823,38.39801],[-3.91512,38.36881],[-3.85428,38.37514],[-3.83056,38.3929],[-3.83006,38.4128],[-3.78561,38.42527],[-3.59824,38.39847],[-3.58308,38.45147],[-3.56736,38.45203],[-3.53516,38.43941],[-3.52844,38.40864],[-3.47101,38.398],[-3.42482,38.4068],[-3.37668,38.4396],[-3.37501,38.47524],[-3.32649,38.48212],[-3.27942,38.46024],[-3.13829,38.43858],[-3.06497,38.47825],[-3.00171,38.40832],[-2.99351,38.45012],[-2.96359,38.47145],[-2.90579,38.46991],[-2.88149,38.45264],[-2.77995,38.50971],[-2.76683,38.53297]],[[-5.03541,38.72619],[-5.00447,38.71183],[-5.0046,38.6951],[-4.87697,38.68609],[-4.86017,38.61398],[-4.70737,38.57195],[-4.70395,38.55317],[-4.62278,38.52379],[-4.59369,38.48638],[-4.5663,38.49094],[-4.51269,38.46385],[-4.45299,38.40087],[-4.28733,38.34276],[-4.23744,38.34154],[-4.23854,38.31511],[-4.21022,38.30145],[-4.21669,38.24695],[-4.196,38.23785],[-4.20117,38.21408],[-4.16786,38.18079],[-4.1612,38.145],[-4.21795,38.11077],[-4.21408,38.08948],[-4.25194,38.06352],[-4.24009,38.04703],[-4.26894,38.03976],[-4.25996,38.02223],[-4.28225,38.02281],[-4.25805,37.93932],[-4.28674,37.79654],[-4.20658,37.77873],[-4.23861,37.72009],[-4.18351,37.70704],[-4.16437,37.68151],[-4.2281,37.63954],[-4.22014,37.62024],[-4.17384,37.61008],[-4.16071,37.57511],[-4.12098,37.5543],[-4.09806,37.51153],[-4.05999,37.50581],[-4.08765,37.48608],[-4.04814,37.46797],[-4.00082,37.40209],[-4.08594,37.40375],[-4.15784,37.34225],[-4.20404,37.35291],[-4.23642,37.33585],[-4.23651,37.29722],[-4.26325,37.26038],[-4.25531,37.22957],[-4.29556,37.19939],[-4.32762,37.18433],[-4.32263,37.20452],[-4.37164,37.2152],[-4.38257,37.23154],[-4.3797,37.27523],[-4.41796,37.2824],[-4.48518,37.25248],[-4.47755,37.24473],[-4.49808,37.22333],[-4.6023,37.20924],[-4.61377,37.25508],[-4.64533,37.24685],[-4.66212,37.28374],[-4.68109,37.29005],[-4.65847,37.30429],[-4.68407,37.31536],[-4.66844,37.31981],[-4.67191,37.33499],[-4.68566,37.33027],[-4.71867,37.3585],[-4.72922,37.33533],[-4.78222,37.3285],[-4.82213,37.3582],[-4.81469,37.37753],[-4.84981,37.41066],[-4.84063,37.43602],[-4.88474,37.43798],[-4.87534,37.45045],[-4.90409,37.46741],[-4.90447,37.48949],[-4.9152,37.48416],[-4.90602,37.49984],[-4.94867,37.52148],[-4.93203,37.54591],[-4.93171,37.61733],[-4.97428,37.60016],[-4.95377,37.65244],[-4.99982,37.70659],[-5.04723,37.71829],[-5.07258,37.7077],[-5.09151,37.67995],[-5.07643,37.6689],[-5.0768,37.66466],[-5.07001,37.66183],[-5.06988,37.65935],[-5.09788,37.67029],[-5.10861,37.70067],[-5.12971,37.69875],[-5.10792,37.66258],[-5.15005,37.66092],[-5.17677,37.68058],[-5.27452,37.62528],[-5.3233,37.61425],[-5.35186,37.58429],[-5.41402,37.64528],[-5.39366,37.65535],[-5.4129,37.665],[-5.40369,37.69302],[-5.38681,37.69731],[-5.37634,37.67756],[-5.34484,37.70534],[-5.3271,37.69162],[-5.3076,37.69924],[-5.30975,37.77359],[-5.34992,37.79427],[-5.34451,37.83987],[-5.41471,37.86946],[-5.41561,37.94367],[-5.47429,37.97535],[-5.49375,37.99695],[-5.49512,38.04184],[-5.53878,38.09381],[-5.58168,38.11547],[-5.58564,38.14036],[-5.53967,38.16069],[-5.53871,38.20061],[-5.52038,38.20844],[-5.52596,38.26412],[-5.57565,38.32911],[-5.55925,38.36689],[-5.58428,38.40097],[-5.55279,38.44562],[-5.48445,38.46339],[-5.47949,38.48468],[-5.41,38.52022],[-5.40693,38.5437],[-5.38366,38.53985],[-5.39272,38.55348],[-5.37175,38.58357],[-5.30851,38.57762],[-5.29224,38.61081],[-5.22377,38.65671],[-5.21474,38.64857],[-5.20848,38.6677],[-5.18423,38.65973],[-5.18576,38.67417],[-5.16732,38.68047],[-5.1845,38.7197],[-5.09919,38.70765],[-5.03541,38.72619]],[[-5.08114,37.64655],[-5.0468,37.63194],[-5.03119,37.64152],[-5.01778,37.59246],[-5.04791,37.60814],[-5.0404,37.6262],[-5.08114,37.64655]],[[-2.15211,40.65769],[-2.0912,40.64637],[-2.0358,40.60157],[-1.98553,40.58543],[-1.9659,40.59198],[-1.96446,40.61153],[-1.92342,40.59188],[-1.90947,40.54165],[-1.882,40.51882],[-1.85328,40.42368],[-1.83672,40.42766],[-1.81189,40.40011],[-1.77777,40.39188],[-1.69768,40.32129],[-1.72946,40.30291],[-1.71927,40.2771],[-1.69035,40.30966],[-1.54048,40.1908],[-1.5109,40.20372],[-1.47442,40.18504],[-1.43921,40.19701],[-1.45621,40.13095],[-1.4076,40.1014],[-1.42029,40.09351],[-1.37686,40.0165],[-1.24946,39.9951],[-1.16519,40.0101],[-1.14239,39.97184],[-1.20818,39.94381],[-1.20004,39.85871],[-1.215,39.80877],[-1.27541,39.73864],[-1.26199,39.69891],[-1.30785,39.67082],[-1.36853,39.68962],[-1.41793,39.65494],[-1.4618,39.57691],[-1.52066,39.54997],[-1.5026,39.54562],[-1.49915,39.50045],[-1.51245,39.49627],[-1.51339,39.45827],[-1.52892,39.4546],[-1.52085,39.43152],[-1.49665,39.42932],[-1.50517,39.418],[-1.73928,39.32116],[-1.76985,39.28051],[-1.88708,39.30479],[-1.9898,39.29368],[-2.02843,39.33681],[-2.02033,39.35182],[-2.09562,39.35943],[-2.05096,39.26668],[-2.16868,39.28107],[-2.28868,39.22666],[-2.32119,39.28374],[-2.34989,39.27854],[-2.37408,39.23278],[-2.51105,39.34215],[-2.54878,39.32346],[-2.61926,39.34014],[-2.63497,39.32676],[-2.74225,39.31815],[-2.77603,39.39476],[-2.79315,39.39774],[-2.83057,39.35512],[-2.88238,39.35088],[-2.89656,39.36677],[-2.87016,39.39111],[-2.93229,39.45385],[-2.92551,39.6018],[-2.90823,39.64233],[-2.99775,39.71887],[-3.07629,39.85571],[-3.12723,39.87468],[-3.09706,39.93347],[-3.0966,39.98694],[-3.14257,39.98497],[-3.1655,40.0282],[-3.16158,40.06493],[-3.11819,40.06143],[-3.06071,40.09056],[-3.05619,40.11374],[-3.09737,40.15435],[-3.06377,40.16825],[-3.01597,40.15271],[-3.02107,40.18749],[-3.00507,40.20912],[-2.91148,40.15708],[-2.87374,40.17357],[-2.86312,40.20011],[-2.82153,40.20518],[-2.80263,40.26403],[-2.81697,40.36402],[-2.77951,40.44533],[-2.76007,40.44199],[-2.76002,40.41234],[-2.7229,40.39712],[-2.71743,40.41983],[-2.68513,40.398],[-2.70345,40.42538],[-2.67316,40.44861],[-2.66384,40.43605],[-2.58624,40.45026],[-2.51546,40.42428],[-2.50453,40.44865],[-2.54445,40.47463],[-2.52873,40.49838],[-2.54627,40.51896],[-2.52723,40.54428],[-2.49597,40.50881],[-2.42674,40.54075],[-2.41182,40.52563],[-2.38,40.54359],[-2.41728,40.58345],[-2.39951,40.61351],[-2.35903,40.59684],[-2.34344,40.56938],[-2.29766,40.57285],[-2.28604,40.59222],[-2.29424,40.62465],[-2.2746,40.64475],[-2.21381,40.61918],[-2.16925,40.63023],[-2.15211,40.65769]],[[-2.54975,38.08289],[-2.42341,38.0337],[-2.34163,38.026],[-2.29847,38.00212],[-2.24716,37.93443],[-2.20767,37.91657],[-2.29495,37.87632],[-2.28939,37.83148],[-2.30177,37.80828],[-2.27678,37.77622],[-2.32334,37.69387],[-2.31042,37.63001],[-2.35956,37.62127],[-2.39127,37.63249],[-2.3679,37.59158],[-2.3743,37.55735],[-2.35573,37.54699],[-2.35851,37.52229],[-2.45632,37.50943],[-2.45752,37.49083],[-2.51415,37.47953],[-2.64164,37.38779],[-2.63729,37.34333],[-2.6546,37.34061],[-2.66565,37.28533],[-2.66011,37.21199],[-2.73302,37.23732],[-2.75903,37.22671],[-2.779,37.26266],[-2.84538,37.27922],[-2.87496,37.23145],[-2.88099,37.1871],[-2.92915,37.15657],[-2.94896,37.09655],[-3.00026,37.09498],[-3.02958,37.11325],[-3.00571,37.02334],[-2.97621,36.97812],[-2.9905,36.95819],[-3.02934,36.94753],[-3.03132,36.92459],[-3.07193,36.91929],[-3.02901,36.84444],[-3.14019,36.78779],[-3.12868,36.75087],[-3.25,36.75435],[-3.33733,36.73872],[-3.41991,36.69389],[-3.48267,36.69727],[-3.52587,36.72413],[-3.5537,36.71495],[-3.60227,36.74468],[-3.65772,36.74656],[-3.73434,36.71964],[-3.74881,36.7376],[-3.77744,36.73792],[-3.76814,36.80196],[-3.8267,36.85533],[-3.86761,36.85068],[-3.92952,36.88288],[-4.04569,36.90286],[-4.09989,36.95271],[-4.16664,36.95708],[-4.23133,37.01694],[-4.27251,37.0149],[-4.28707,37.11952],[-4.32762,37.18433],[-4.25531,37.22957],[-4.26325,37.26038],[-4.23651,37.29722],[-4.23642,37.33585],[-4.20404,37.35291],[-4.15784,37.34225],[-4.08594,37.40375],[-4.00082,37.40209],[-3.95089,37.37835],[-3.84225,37.38575],[-3.78557,37.4909],[-3.77624,37.47648],[-3.62707,37.52854],[-3.53643,37.58082],[-3.53616,37.59734],[-3.50654,37.61723],[-3.3993,37.56405],[-3.29623,37.58826],[-3.26248,37.63921],[-3.21574,37.64419],[-3.17205,37.64287],[-3.0882,37.59554],[-3.05096,37.61836],[-2.97818,37.60275],[-2.97792,37.63398],[-2.88404,37.68132],[-2.90152,37.68929],[-2.90378,37.75117],[-2.88029,37.75994],[-2.87315,37.79149],[-2.78461,37.91764],[-2.70267,37.97152],[-2.66982,37.96143],[-2.6057,37.99772],[-2.59585,38.05319],[-2.60663,38.06144],[-2.54975,38.08289]],[[-2.90102,41.32556],[-2.86899,41.31706],[-2.86689,41.27447],[-2.82224,41.25661],[-2.77551,41.25008],[-2.76095,41.27402],[-2.71677,41.27567],[-2.70955,41.25198],[-2.64601,41.24021],[-2.6292,41.21522],[-2.58949,41.22454],[-2.59374,41.2002],[-2.62207,41.18799],[-2.57749,41.17866],[-2.59531,41.15025],[-2.57558,41.13947],[-2.53651,41.16253],[-2.50885,41.11886],[-2.48226,41.11627],[-2.46947,41.07811],[-2.41891,41.05771],[-2.35533,41.08645],[-2.32341,41.05651],[-2.26354,41.06754],[-2.23215,41.09701],[-2.1753,41.08375],[-2.13185,41.1181],[-2.05643,41.06969],[-2.04818,41.07838],[-2.06562,41.09579],[-2.04762,41.15265],[-1.95902,41.17249],[-1.93245,41.13859],[-1.80329,41.0899],[-1.61745,40.94373],[-1.6079,40.92762],[-1.62139,40.8804],[-1.54468,40.81619],[-1.53991,40.76073],[-1.56202,40.73975],[-1.53564,40.68702],[-1.56486,40.61474],[-1.54551,40.59519],[-1.59875,40.56205],[-1.6781,40.59095],[-1.70162,40.5411],[-1.69251,40.48682],[-1.7486,40.4629],[-1.80636,40.39823],[-1.83672,40.42766],[-1.85328,40.42368],[-1.91649,40.58283],[-1.96178,40.61155],[-1.9659,40.59198],[-1.98553,40.58543],[-2.11012,40.65139],[-2.15694,40.65869],[-2.16925,40.63023],[-2.21381,40.61918],[-2.2746,40.64475],[-2.29478,40.62291],[-2.29277,40.57809],[-2.33351,40.56719],[-2.39904,40.61371],[-2.41728,40.58345],[-2.38345,40.54087],[-2.41182,40.52563],[-2.42674,40.54075],[-2.49597,40.50881],[-2.52723,40.54428],[-2.53871,40.53403],[-2.54627,40.51896],[-2.52873,40.49838],[-2.54445,40.47463],[-2.50453,40.44865],[-2.51546,40.42428],[-2.58624,40.45026],[-2.66384,40.43605],[-2.67316,40.44861],[-2.70345,40.42538],[-2.68513,40.398],[-2.71743,40.41983],[-2.7229,40.39712],[-2.76002,40.41234],[-2.76007,40.44199],[-2.78095,40.44417],[-2.81697,40.36402],[-2.80263,40.26403],[-2.82376,40.20317],[-2.86312,40.20011],[-2.87374,40.17357],[-2.91148,40.15708],[-3.00507,40.20912],[-3.02107,40.18749],[-3.01597,40.15271],[-3.06377,40.16825],[-3.06784,40.15791],[-3.08823,40.20032],[-3.0797,40.22777],[-3.10944,40.28519],[-3.15372,40.26371],[-3.1734,40.23417],[-3.19445,40.24804],[-3.18286,40.30827],[-3.14121,40.35054],[-3.15343,40.3677],[-3.13056,40.40519],[-3.15551,40.43943],[-3.1986,40.44225],[-3.19995,40.51445],[-3.24991,40.54432],[-3.29713,40.53752],[-3.28407,40.56898],[-3.32827,40.59484],[-3.32164,40.61219],[-3.33852,40.62585],[-3.32367,40.62969],[-3.31386,40.64974],[-3.3165,40.65518],[-3.3456,40.63774],[-3.39335,40.69246],[-3.40473,40.66964],[-3.46855,40.68994],[-3.43494,40.72799],[-3.45042,40.73489],[-3.44434,40.76158],[-3.45901,40.78132],[-3.51157,40.7885],[-3.47739,40.82356],[-3.47257,40.86422],[-3.44049,40.87535],[-3.46058,40.90666],[-3.44406,40.90685],[-3.4183,40.98756],[-3.39445,41.00028],[-3.43893,41.04267],[-3.4258,41.0829],[-3.48875,41.09429],[-3.50926,41.1364],[-3.5411,41.14967],[-3.53972,41.16504],[-3.46691,41.18326],[-3.44415,41.21534],[-3.40249,41.21362],[-3.3995,41.25454],[-3.41152,41.26071],[-3.41458,41.26558],[-3.41564,41.27211],[-3.41515,41.2732],[-3.40978,41.26062],[-3.33635,41.25303],[-3.29017,41.25793],[-3.27576,41.27503],[-3.27426,41.26026],[-3.25426,41.25838],[-3.23124,41.29487],[-3.19975,41.30443],[-3.0619,41.27343],[-2.95013,41.29264],[-2.94119,41.31394],[-2.90102,41.32556]],[[-3.37405,40.64025],[-3.36361,40.63842],[-3.37173,40.62577],[-3.38213,40.63047],[-3.37405,40.64025]],[[-1.79086,43.39537],[-1.79695,43.38249],[-1.77901,43.36341],[-1.78924,43.35298],[-1.73738,43.33016],[-1.72937,43.29382],[-1.78324,43.28682],[-1.79497,43.24693],[-1.86057,43.21209],[-1.86769,43.2305],[-1.88093,43.22878],[-1.88191,43.20679],[-1.91415,43.22517],[-1.92069,43.15063],[-1.90195,43.13585],[-1.94752,43.09753],[-2.02282,43.06519],[-2.02044,43.04673],[-2.04139,43.0297],[-2.02831,42.99884],[-2.03834,42.98099],[-2.09524,42.97255],[-2.1039,42.94904],[-2.1295,42.93938],[-2.18096,42.93513],[-2.21026,42.94991],[-2.23557,42.92661],[-2.23992,42.89525],[-2.28954,42.90231],[-2.30232,42.92595],[-2.3548,42.95003],[-2.5353,42.97345],[-2.54431,42.95028],[-2.60268,42.98223],[-2.59653,43.00925],[-2.54958,43.01979],[-2.52485,43.04533],[-2.54726,43.08468],[-2.50114,43.09654],[-2.50972,43.16144],[-2.48411,43.1709],[-2.49794,43.21992],[-2.43658,43.24371],[-2.41806,43.2676],[-2.439,43.29491],[-2.41172,43.32418],[-2.35293,43.2987],[-2.20245,43.31173],[-2.18957,43.29237],[-2.1305,43.28746],[-2.03047,43.321],[-1.99094,43.31587],[-1.9624,43.33815],[-1.92378,43.33204],[-1.86497,43.37238],[-1.79086,43.39537]],[[-1.99801,43.32244],[-1.99843,43.32108],[-2.00105,43.32075],[-2.00077,43.32197],[-1.99801,43.32244]],[[-2.1497,43.29622],[-2.15029,43.29642],[-2.1509,43.29737],[-2.14984,43.29667],[-2.1497,43.29622]],[[-6.9269,38.20444],[-6.84843,38.17724],[-6.79509,38.17854],[-6.81581,38.12014],[-6.77005,38.11211],[-6.75822,38.09271],[-6.6221,38.09701],[-6.58053,38.05277],[-6.58358,38.02129],[-6.54569,38.02812],[-6.47656,38.00783],[-6.44432,38.0596],[-6.36725,38.04892],[-6.34704,38.00282],[-6.23924,37.95893],[-6.20152,37.96206],[-6.16997,37.90982],[-6.14521,37.9205],[-6.12503,37.90479],[-6.16429,37.86201],[-6.14216,37.85567],[-6.12166,37.8166],[-6.13402,37.78783],[-6.2024,37.80553],[-6.22223,37.73966],[-6.25242,37.74278],[-6.25232,37.76315],[-6.31102,37.76487],[-6.44999,37.7189],[-6.47512,37.72514],[-6.50134,37.66796],[-6.53609,37.65098],[-6.52862,37.6158],[-6.44327,37.62335],[-6.39526,37.61119],[-6.3924,37.55405],[-6.36648,37.53576],[-6.35618,37.49617],[-6.30605,37.43301],[-6.31263,37.41872],[-6.35626,37.41217],[-6.36208,37.37588],[-6.34604,37.36573],[-6.38457,37.33749],[-6.333,37.2991],[-6.35985,37.2381],[-6.34524,37.21828],[-6.35056,37.18056],[-6.33612,37.16962],[-6.35967,37.13843],[-6.34236,37.12298],[-6.38639,37.07629],[-6.35394,36.98849],[-6.37889,36.93471],[-6.33101,36.8988],[-6.3529,36.85738],[-6.3455,36.79872],[-6.39719,36.80728],[-6.44926,36.90779],[-6.52188,36.97716],[-6.91668,37.1763],[-6.91585,37.16335],[-6.84937,37.1274],[-6.83943,37.11902],[-6.83214,37.108],[-6.92412,37.16485],[-7.05965,37.21079],[-7.27089,37.20178],[-7.37635,37.17124],[-7.40747,37.18341],[-7.43378,37.24969],[-7.42194,37.27417],[-7.44214,37.31085],[-7.44023,37.3903],[-7.4628,37.40979],[-7.44557,37.41926],[-7.46377,37.48691],[-7.51149,37.52444],[-7.52285,37.5534],[-7.50675,37.55751],[-7.50385,37.60446],[-7.48904,37.60364],[-7.44415,37.66473],[-7.4525,37.67812],[-7.42111,37.75912],[-7.32413,37.81577],[-7.28346,37.86908],[-7.2485,37.95448],[-7.26319,37.97985],[-7.20222,38.00348],[-7.13285,37.99995],[-7.1207,38.00521],[-7.12813,38.02987],[-7.09878,38.04384],[-7.0593,38.01744],[-7.0024,38.02266],[-6.98736,38.1039],[-6.95211,38.15278],[-6.96888,38.16619],[-6.9269,38.20444]],[[-0.74727,42.92237],[-0.72448,42.92023],[-0.73635,42.91302],[-0.71758,42.88584],[-0.67875,42.88454],[-0.60202,42.83215],[-0.60047,42.80243],[-0.56914,42.80686],[-0.56759,42.78063],[-0.52965,42.79156],[-0.50527,42.82743],[-0.4417,42.79537],[-0.39475,42.79897],[-0.31326,42.84937],[-0.18866,42.78694],[-0.15999,42.79803],[-0.10641,42.72062],[-0.06846,42.71807],[-0.05638,42.69231],[0.00027,42.68532],[0.01581,42.70183],[0.05843,42.69756],[0.07799,42.71483],[0.11695,42.71116],[0.1758,42.73704],[0.26001,42.71602],[0.2637,42.69324],[0.29527,42.6732],[0.36023,42.72435],[0.42209,42.69046],[0.58736,42.69449],[0.59709,42.70552],[0.66007,42.69085],[0.6959,42.65893],[0.70778,42.62109],[0.76753,42.61124],[0.74106,42.54483],[0.74955,42.53488],[0.72116,42.52454],[0.73976,42.50515],[0.69049,42.48762],[0.7461,42.38478],[0.72327,42.36563],[0.77131,42.35064],[0.74036,42.33687],[0.76462,42.32248],[0.70262,42.19004],[0.69873,42.1723],[0.71397,42.16342],[0.69584,42.152],[0.69955,42.10696],[0.65675,42.04037],[0.66389,42.01453],[0.64193,41.98207],[0.63854,41.9946],[0.61795,41.98893],[0.60436,41.96066],[0.58693,41.96678],[0.56188,41.93822],[0.60749,41.91931],[0.59466,41.9174],[0.59278,41.88441],[0.60668,41.87114],[0.58005,41.85091],[0.55491,41.85279],[0.54388,41.82088],[0.51546,41.82235],[0.48323,41.80146],[0.4686,41.76498],[0.39868,41.75781],[0.39544,41.73198],[0.38474,41.74031],[0.32821,41.68107],[0.32624,41.6622],[0.35798,41.63172],[0.34961,41.59946],[0.42849,41.60238],[0.44692,41.54224],[0.39671,41.4903],[0.34202,41.484],[0.35533,41.45176],[0.33585,41.40746],[0.24059,41.42835],[0.21909,41.40357],[0.18264,41.39441],[0.16365,41.4065],[0.09336,41.34997],[0.00969,41.36043],[-0.0234,41.39699],[-0.02928,41.37782],[-0.00793,41.34781],[-0.04944,41.36046],[-0.07271,41.37716],[-0.10497,41.48548],[-0.15666,41.5353],[-0.16735,41.58111],[-0.15645,41.58997],[-0.20574,41.60226],[-0.24478,41.57312],[-0.31259,41.6241],[-0.35952,41.63522],[-0.3745,41.68812],[-0.44492,41.70368],[-0.48942,41.73167],[-0.51869,41.72882],[-0.50069,41.76132],[-0.51675,41.83678],[-0.55521,41.87133],[-0.60331,41.88283],[-0.59546,41.89959],[-0.63058,41.91291],[-0.65783,41.9575],[-0.77821,41.9574],[-0.88493,42.00358],[-0.85074,42.02615],[-0.857,42.05099],[-0.81294,42.0925],[-0.79355,42.0544],[-0.76314,42.06748],[-0.77016,42.08723],[-0.75492,42.0906],[-0.76086,42.12985],[-0.74739,42.15592],[-0.7598,42.17023],[-0.75938,42.26365],[-0.72893,42.29774],[-0.74459,42.33868],[-0.73643,42.36988],[-0.77794,42.39126],[-0.77181,42.34671],[-0.80653,42.27055],[-0.87696,42.28165],[-0.89055,42.24003],[-0.91891,42.25732],[-0.85566,42.33992],[-0.84418,42.38464],[-0.81531,42.39523],[-0.90441,42.43476],[-0.90376,42.45324],[-0.87772,42.46164],[-0.89702,42.47908],[-0.89299,42.50985],[-0.93342,42.50588],[-0.89505,42.54906],[-0.93417,42.57265],[-0.90471,42.59905],[-0.92764,42.65624],[-0.89309,42.66235],[-0.87995,42.68814],[-0.92246,42.7008],[-0.90435,42.71219],[-0.90053,42.76047],[-0.87331,42.75898],[-0.84753,42.78592],[-0.86001,42.79856],[-0.85683,42.84689],[-0.81853,42.86937],[-0.81909,42.90067],[-0.74727,42.92237]],[[-4.89358,43.23848],[-4.8392,43.18976],[-4.85178,43.17307],[-4.83457,43.15746],[-4.85143,43.12595],[-4.83281,43.10266],[-4.73422,43.04707],[-4.73808,43.01901],[-4.79481,42.98665],[-4.80923,42.93034],[-4.8555,42.89171],[-4.86558,42.86055],[-4.89837,42.86313],[-4.89588,42.78517],[-4.93556,42.75646],[-4.91589,42.72056],[-4.87167,42.70799],[-4.90029,42.67012],[-4.89466,42.62386],[-4.91595,42.55475],[-4.88799,42.53703],[-4.9,42.45068],[-4.92398,42.43614],[-4.90498,42.42456],[-4.91431,42.40119],[-4.9034,42.38565],[-4.97255,42.37439],[-4.9842,42.33787],[-4.94116,42.34174],[-4.95345,42.29716],[-5.03835,42.29713],[-5.05327,42.25793],[-5.09375,42.3093],[-5.112,42.31184],[-5.18272,42.26421],[-5.2365,42.27335],[-5.254,42.23978],[-5.22599,42.22672],[-5.24148,42.21452],[-5.26564,42.2109],[-5.28692,42.22993],[-5.30746,42.19927],[-5.36123,42.22515],[-5.3881,42.22144],[-5.37152,42.13006],[-5.39012,42.08981],[-5.37629,42.04147],[-5.43868,42.0315],[-5.48092,42.05243],[-5.527,42.1043],[-5.54336,42.09938],[-5.5607,42.05597],[-5.57772,42.06545],[-5.58661,42.05091],[-5.5885,42.07733],[-5.63504,42.08199],[-5.62014,42.10666],[-5.66756,42.14207],[-5.68718,42.13792],[-5.67677,42.12034],[-5.74295,42.11334],[-5.75519,42.13663],[-5.77671,42.13581],[-5.84485,42.11072],[-5.89743,42.1561],[-5.9116,42.14059],[-5.94812,42.14192],[-5.95347,42.12368],[-6.0493,42.15986],[-6.16021,42.16577],[-6.21239,42.14808],[-6.29373,42.17803],[-6.31258,42.20659],[-6.42789,42.20194],[-6.49756,42.18203],[-6.526,42.20336],[-6.7197,42.21335],[-6.73484,42.2356],[-6.78432,42.25362],[-6.74115,42.29866],[-6.73395,42.35911],[-6.84351,42.40585],[-6.81427,42.42735],[-6.82277,42.45291],[-6.80831,42.46861],[-6.82325,42.49128],[-6.86006,42.48876],[-6.9322,42.52054],[-6.96009,42.51776],[-6.97854,42.49325],[-7.07705,42.50819],[-7.05985,42.52932],[-7.06967,42.55395],[-7.03356,42.58409],[-7.05017,42.59731],[-7.047,42.6327],[-7.00436,42.64287],[-7.04519,42.69477],[-7.01089,42.72366],[-6.97288,42.72501],[-6.95948,42.75503],[-6.9356,42.74086],[-6.86743,42.78717],[-6.84032,42.82337],[-6.87128,42.87384],[-6.83374,42.88206],[-6.83541,42.87363],[-6.81489,42.87082],[-6.84799,42.91433],[-6.77693,42.90143],[-6.77151,42.88255],[-6.72319,42.91738],[-6.6899,42.92246],[-6.48977,42.92025],[-6.4331,42.93976],[-6.43364,42.96416],[-6.47301,42.96775],[-6.47814,42.99121],[-6.42408,42.98788],[-6.40758,42.99949],[-6.41111,43.01693],[-6.39435,43.01661],[-6.39705,43.03832],[-6.35909,43.05958],[-6.32649,43.03133],[-6.28519,43.03637],[-6.22681,43.00891],[-6.21556,43.0472],[-6.1784,43.0478],[-6.13667,43.02099],[-6.0969,43.03064],[-6.08188,43.07572],[-6.02021,43.05488],[-5.97503,43.06542],[-5.95674,43.01859],[-5.91462,42.9927],[-5.80401,42.96262],[-5.76386,42.97013],[-5.72838,43.04251],[-5.69335,43.05648],[-5.57014,43.02273],[-5.49375,43.02135],[-5.47852,43.05491],[-5.39045,43.04934],[-5.36914,43.09458],[-5.28212,43.07743],[-5.2166,43.08449],[-5.1478,43.11512],[-5.10173,43.10185],[-5.07586,43.18153],[-4.99686,43.1731],[-4.96392,43.21244],[-4.89358,43.23848]],[[-5.34137,42.26876],[-5.33961,42.23189],[-5.30332,42.252],[-5.30644,42.27159],[-5.34137,42.26876]],[[0.71604,42.85832],[0.85552,42.82684],[0.92641,42.78931],[0.96016,42.8059],[0.9839,42.7867],[1.07889,42.78834],[1.16614,42.70892],[1.2291,42.72776],[1.25272,42.71447],[1.35733,42.71972],[1.35108,42.70272],[1.38924,42.68703],[1.38744,42.66869],[1.41366,42.6556],[1.44302,42.60276],[1.42648,42.5828],[1.44495,42.56801],[1.41361,42.53662],[1.45055,42.53989],[1.46837,42.51002],[1.41919,42.4842],[1.44119,42.47536],[1.44439,42.44142],[1.55168,42.43251],[1.56107,42.45865],[1.5792,42.44972],[1.59737,42.46632],[1.65702,42.46822],[1.66998,42.50419],[1.70361,42.4898],[1.72562,42.50437],[1.73192,42.44038],[1.80155,42.42492],[1.80604,42.37009],[1.82999,42.38141],[1.85506,42.36965],[1.8347,42.35515],[1.84248,42.30631],[1.67031,42.2817],[1.69014,42.27711],[1.6846,42.25644],[1.70456,42.23882],[1.68039,42.22436],[1.68035,42.20624],[1.73804,42.18942],[1.73907,42.17653],[1.69856,42.13572],[1.72205,42.09109],[1.6913,42.0871],[1.67023,42.04442],[1.69248,42.04613],[1.69929,42.0289],[1.66597,42.00351],[1.65586,42.02092],[1.64786,42.00015],[1.69744,41.98518],[1.69774,42.01469],[1.71923,41.98447],[1.68275,41.96738],[1.66946,41.96991],[1.67529,41.98253],[1.65007,41.97966],[1.65301,41.9288],[1.56893,41.88002],[1.61912,41.88153],[1.63031,41.85878],[1.61146,41.81777],[1.58881,41.80473],[1.5936,41.77793],[1.57258,41.78219],[1.53072,41.75256],[1.50484,41.78789],[1.48245,41.79101],[1.48259,41.77113],[1.46112,41.77669],[1.47108,41.80093],[1.41701,41.79463],[1.40302,41.7453],[1.42485,41.73277],[1.38192,41.70576],[1.42339,41.68412],[1.41504,41.67458],[1.44832,41.6361],[1.39167,41.63409],[1.35962,41.61354],[1.40664,41.60048],[1.39232,41.57832],[1.40345,41.55816],[1.21986,41.56958],[1.21076,41.5486],[1.16465,41.53446],[1.18095,41.48811],[1.11218,41.46701],[1.03975,41.50111],[1.0485,41.48754],[1.03746,41.47999],[1.07493,41.4584],[0.94523,41.34976],[0.86327,41.33811],[0.845,41.36231],[0.8195,41.32883],[0.76248,41.33425],[0.75152,41.31784],[0.62819,41.29086],[0.59706,41.29345],[0.58078,41.32006],[0.55443,41.32667],[0.52581,41.29046],[0.50327,41.28973],[0.46126,41.3349],[0.43444,41.32021],[0.43315,41.27604],[0.38566,41.27884],[0.34844,41.32887],[0.37291,41.35348],[0.32004,41.39418],[0.35533,41.45176],[0.34202,41.484],[0.39671,41.4903],[0.44692,41.54224],[0.42849,41.60238],[0.34961,41.59946],[0.35798,41.63172],[0.32702,41.67817],[0.38474,41.74031],[0.39544,41.73198],[0.39868,41.75781],[0.4686,41.76498],[0.48323,41.80146],[0.51546,41.82235],[0.54388,41.82088],[0.55491,41.85279],[0.58005,41.85091],[0.60716,41.8718],[0.59278,41.88441],[0.59466,41.9174],[0.60749,41.91931],[0.56188,41.93822],[0.58693,41.96678],[0.60436,41.96066],[0.61795,41.98893],[0.63854,41.9946],[0.64193,41.98207],[0.66287,42.01223],[0.65171,42.02625],[0.69955,42.10696],[0.69584,42.152],[0.71397,42.16342],[0.69873,42.1723],[0.70262,42.19004],[0.76462,42.32248],[0.74036,42.33687],[0.77131,42.35064],[0.72327,42.36563],[0.7461,42.38478],[0.69049,42.48762],[0.73976,42.50515],[0.72116,42.52454],[0.74955,42.53488],[0.74106,42.54483],[0.76753,42.61124],[0.69895,42.62857],[0.6959,42.65893],[0.65988,42.68864],[0.67616,42.69087],[0.68016,42.72325],[0.64258,42.75375],[0.66701,42.77532],[0.64504,42.78297],[0.67007,42.80194],[0.65975,42.83898],[0.71604,42.85832]],[[1.65526,42.11509],[1.64487,42.11262],[1.69187,42.11028],[1.68315,42.11443],[1.65526,42.11509]],[[1.71428,41.89235],[1.72491,41.89303],[1.71875,41.8824],[1.70598,41.88939],[1.71428,41.89235]],[[-2.99723,42.64214],[-2.94645,42.63932],[-2.91601,42.61952],[-2.85297,42.63618],[-2.8418,42.6086],[-2.81877,42.61272],[-2.8199,42.59147],[-2.84085,42.58119],[-2.82297,42.55474],[-2.77795,42.58134],[-2.76372,42.62284],[-2.74077,42.62255],[-2.68054,42.59452],[-2.70569,42.51716],[-2.67578,42.52573],[-2.64775,42.48326],[-2.60543,42.50352],[-2.59699,42.47294],[-2.56826,42.49415],[-2.53048,42.48357],[-2.53735,42.49524],[-2.50974,42.52006],[-2.51472,42.49012],[-2.41562,42.49057],[-2.34584,42.45137],[-2.32999,42.4688],[-2.29872,42.45741],[-2.28801,42.46736],[-2.27448,42.44547],[-2.17504,42.40777],[-2.1119,42.41996],[-2.11551,42.39908],[-2.07864,42.36813],[-2.08996,42.34697],[-2.06998,42.34252],[-2.01601,42.3693],[-1.97106,42.35347],[-1.96575,42.33441],[-1.91851,42.32697],[-1.91382,42.30011],[-1.87066,42.28897],[-1.87228,42.25267],[-1.84979,42.25925],[-1.80233,42.22343],[-1.72534,42.21454],[-1.70424,42.19203],[-1.68012,42.19157],[-1.7009,42.17312],[-1.67966,42.15169],[-1.71989,42.13344],[-1.73974,42.14974],[-1.779,42.13771],[-1.83242,42.14823],[-1.90924,42.05912],[-1.90158,42.02968],[-1.84718,42.008],[-1.84404,41.98733],[-1.86519,41.9776],[-1.85654,41.9664],[-1.9703,41.91914],[-2.02831,41.95339],[-2.03639,41.9394],[-2.11436,41.96114],[-2.12407,41.99531],[-2.10763,42.00277],[-2.16191,42.06673],[-2.12724,42.08046],[-2.13338,42.10114],[-2.23648,42.10251],[-2.26959,42.08856],[-2.28216,42.1317],[-2.3182,42.14518],[-2.43846,42.13727],[-2.48437,42.10635],[-2.51468,42.11454],[-2.51488,42.06886],[-2.54907,42.05151],[-2.57991,41.99626],[-2.74696,42.00928],[-2.75738,42.0331],[-2.70595,42.10356],[-2.73467,42.12495],[-2.79161,42.10875],[-2.79799,42.04684],[-2.88951,42.0104],[-2.91362,42.02285],[-2.93118,42.08678],[-3.03437,42.08596],[-3.12945,42.19896],[-3.08859,42.24573],[-3.10967,42.35145],[-3.06346,42.3567],[-3.08481,42.38539],[-3.10527,42.38637],[-3.10135,42.41678],[-3.07818,42.41575],[-3.08265,42.39738],[-3.05688,42.37027],[-3.0633,42.42491],[-3.046,42.44515],[-3.09469,42.48807],[-3.07257,42.52892],[-3.13427,42.54205],[-3.05983,42.58919],[-3.08415,42.64069],[-2.99723,42.64214]],[[-2.94521,42.60389],[-2.93918,42.59429],[-2.92263,42.60083],[-2.9345,42.61408],[-2.94521,42.60389]],[[-2.99898,42.60177],[-2.98625,42.60705],[-2.98522,42.61422],[-2.99452,42.61549],[-2.99898,42.60177]],[[-2.344,42.1455],[-2.28216,42.1317],[-2.26959,42.08856],[-2.20888,42.10466],[-2.12732,42.09717],[-2.12724,42.08046],[-2.16191,42.06673],[-2.10763,42.00277],[-2.12407,41.99531],[-2.10996,41.95787],[-2.03639,41.9394],[-2.02831,41.95339],[-1.9703,41.91914],[-1.85592,41.9663],[-1.85728,41.90952],[-1.8176,41.85338],[-1.81905,41.82875],[-1.85271,41.78888],[-1.80585,41.75508],[-1.80921,41.73666],[-1.77537,41.72479],[-1.81207,41.68645],[-1.80622,41.66426],[-1.85899,41.66153],[-1.9231,41.59834],[-1.99324,41.60051],[-1.99369,41.57709],[-1.96733,41.54607],[-1.98111,41.48644],[-1.95328,41.46245],[-1.95369,41.42426],[-1.93729,41.40785],[-2.02927,41.38416],[-2.04357,41.39715],[-2.03562,41.42689],[-2.10152,41.44579],[-2.11677,41.42495],[-2.11603,41.38205],[-2.16314,41.35535],[-2.17367,41.28809],[-2.14624,41.1844],[-2.0799,41.17098],[-2.05169,41.14685],[-2.06562,41.09579],[-2.04818,41.07838],[-2.05643,41.06969],[-2.13185,41.1181],[-2.1753,41.08375],[-2.23215,41.09701],[-2.26354,41.06754],[-2.32341,41.05651],[-2.35533,41.08645],[-2.41891,41.05771],[-2.46947,41.07811],[-2.48226,41.11627],[-2.50885,41.11886],[-2.53651,41.16253],[-2.57558,41.13947],[-2.59531,41.15025],[-2.57749,41.17866],[-2.62207,41.18799],[-2.59374,41.2002],[-2.58949,41.22454],[-2.6292,41.21522],[-2.64601,41.24021],[-2.70955,41.25198],[-2.71677,41.27567],[-2.76095,41.27402],[-2.77551,41.25008],[-2.82224,41.25661],[-2.86689,41.27447],[-2.86685,41.31307],[-2.88842,41.32524],[-2.94119,41.31394],[-2.95013,41.29264],[-3.0619,41.27343],[-3.20735,41.30424],[-3.35053,41.39487],[-3.33037,41.46072],[-3.4133,41.47612],[-3.42141,41.51387],[-3.45152,41.53386],[-3.47968,41.52091],[-3.53833,41.55202],[-3.54144,41.60817],[-3.45968,41.58927],[-3.3934,41.69061],[-3.3584,41.69342],[-3.35438,41.73725],[-3.27545,41.76867],[-3.28376,41.88381],[-3.24334,41.864],[-3.23439,41.84064],[-3.1945,41.82893],[-3.17135,41.79301],[-3.1362,41.81194],[-3.09716,41.88106],[-3.01677,41.88691],[-2.99944,41.93182],[-2.97079,41.92927],[-2.9658,41.96604],[-2.93217,42.01797],[-2.88383,42.00949],[-2.79799,42.04684],[-2.80334,42.08048],[-2.77485,42.12354],[-2.73467,42.12495],[-2.70595,42.10356],[-2.75758,42.03262],[-2.74617,42.00868],[-2.57991,41.99626],[-2.54907,42.05151],[-2.51488,42.06886],[-2.51468,42.11454],[-2.48437,42.10635],[-2.4405,42.13678],[-2.344,42.1455]],[[-1.6523,43.31024],[-1.62446,43.30577],[-1.63002,43.28504],[-1.60871,43.25199],[-1.57566,43.24994],[-1.55636,43.27938],[-1.56408,43.28878],[-1.53553,43.29493],[-1.43783,43.26686],[-1.41365,43.27367],[-1.38432,43.25367],[-1.38141,43.18968],[-1.40223,43.1779],[-1.41408,43.1283],[-1.47341,43.08664],[-1.44121,43.04635],[-1.35417,43.02812],[-1.33257,43.10762],[-1.27004,43.11826],[-1.30897,43.07117],[-1.26274,43.04402],[-1.21259,43.05169],[-1.1456,43.02582],[-1.14186,43.00737],[-1.11468,43.02393],[-1.08127,43.00064],[-1.01212,42.99258],[-0.9451,42.95345],[-0.90851,42.96448],[-0.80958,42.95137],[-0.75593,42.96805],[-0.72395,42.92236],[-0.78321,42.92173],[-0.81909,42.90067],[-0.81853,42.86937],[-0.85683,42.84689],[-0.86001,42.79856],[-0.84753,42.78592],[-0.86555,42.76285],[-0.90053,42.76047],[-0.9005,42.74309],[-0.92298,42.744],[-0.94868,42.71145],[-1.02798,42.70006],[-1.03681,42.65164],[-1.05193,42.64259],[-1.15205,42.64788],[-1.15712,42.61089],[-1.17977,42.61062],[-1.15803,42.59915],[-1.20192,42.57824],[-1.20279,42.54966],[-1.27071,42.54894],[-1.29348,42.51096],[-1.27278,42.4819],[-1.34151,42.42394],[-1.3599,42.37804],[-1.32908,42.35539],[-1.39908,42.2913],[-1.39137,42.27212],[-1.41753,42.21237],[-1.39191,42.18142],[-1.39888,42.12622],[-1.36676,42.10696],[-1.35228,42.07307],[-1.31059,42.07231],[-1.30482,42.04295],[-1.41824,41.91358],[-1.4776,41.92491],[-1.55926,41.91394],[-1.65415,41.96535],[-1.71522,41.95696],[-1.7669,41.99579],[-1.8337,41.99507],[-1.90158,42.02968],[-1.9023,42.07386],[-1.83242,42.14823],[-1.779,42.13771],[-1.73974,42.14974],[-1.71989,42.13344],[-1.67966,42.15169],[-1.7009,42.17312],[-1.67953,42.19114],[-1.70424,42.19203],[-1.72534,42.21454],[-1.80233,42.22343],[-1.84979,42.25925],[-1.87228,42.25267],[-1.87066,42.28897],[-1.91382,42.30011],[-1.91851,42.32697],[-1.96452,42.33382],[-1.99552,42.36361],[-2.08996,42.34697],[-2.07864,42.36813],[-2.11551,42.39908],[-2.1119,42.41996],[-2.17504,42.40777],[-2.27448,42.44547],[-2.28801,42.46736],[-2.29872,42.45741],[-2.32999,42.4688],[-2.34504,42.4513],[-2.35224,42.46563],[-2.40017,42.47179],[-2.42375,42.50963],[-2.3922,42.51695],[-2.39675,42.5991],[-2.42112,42.60712],[-2.45324,42.56711],[-2.4622,42.58739],[-2.49063,42.58536],[-2.49931,42.61048],[-2.4158,42.66268],[-2.37626,42.65071],[-2.38195,42.6343],[-2.28848,42.65507],[-2.29358,42.67794],[-2.31686,42.6825],[-2.32401,42.72377],[-2.31685,42.73935],[-2.26217,42.74846],[-2.28101,42.78513],[-2.23371,42.84051],[-2.25307,42.89277],[-2.23776,42.896],[-2.23557,42.92661],[-2.21026,42.94991],[-2.18096,42.93513],[-2.11763,42.94225],[-2.09524,42.97255],[-2.03834,42.98099],[-2.02831,42.99884],[-2.04139,43.0297],[-2.02044,43.04673],[-2.02282,43.06519],[-1.94752,43.09753],[-1.90195,43.13585],[-1.92069,43.15063],[-1.91415,43.22517],[-1.88191,43.20679],[-1.88093,43.22878],[-1.86769,43.2305],[-1.86057,43.21209],[-1.79497,43.24693],[-1.78324,43.28682],[-1.6523,43.31024]],[[-1.09623,42.48567],[-1.05436,42.4488],[-1.05645,42.43432],[-1.12936,42.44672],[-1.09623,42.48567]],[[-1.14859,42.44104],[-1.15836,42.41002],[-1.1878,42.40303],[-1.18283,42.42459],[-1.14859,42.44104]],[[-5.34496,35.87106],[-5.37291,35.88353],[-5.37886,35.91621],[-5.31696,35.8894],[-5.27873,35.90014],[-5.34496,35.87106]],[[-5.41993,35.91163],[-5.42026,35.91485],[-5.41781,35.91652],[-5.41636,35.91258],[-5.41993,35.91163]],[[-4.29543,35.16816],[-4.30036,35.17005],[-4.3003,35.17089],[-4.29574,35.16966],[-4.29543,35.16816]],[[-7.63622,43.7528],[-7.62959,43.72213],[-7.60609,43.71777],[-7.61437,43.68127],[-7.59668,43.67426],[-7.59974,43.66517],[-7.59667,43.66265],[-7.59432,43.67942],[-7.60067,43.68179],[-7.57628,43.693],[-7.5845,43.71184],[-7.56043,43.71024],[-7.55707,43.72996],[-7.52434,43.7368],[-7.51453,43.71893],[-7.46824,43.72421],[-7.45911,43.71652],[-7.47841,43.70879],[-7.45986,43.71275],[-7.44894,43.69265],[-7.43643,43.7011],[-7.3571,43.67121],[-7.2944,43.59234],[-7.24553,43.57517],[-7.2711,43.56258],[-7.2558,43.54691],[-7.2361,43.56915],[-7.03718,43.55228],[-7.04827,43.47708],[-7.08915,43.45512],[-7.10166,43.42748],[-7.17299,43.43041],[-7.16855,43.40359],[-7.18249,43.39246],[-7.12753,43.3726],[-7.13121,43.33135],[-7.10093,43.30381],[-7.05978,43.30534],[-7.07151,43.27122],[-7.06159,43.24405],[-7.02005,43.21324],[-7.00958,43.22288],[-7.00144,43.20728],[-6.97102,43.20425],[-6.9649,43.18755],[-6.98077,43.16655],[-6.95736,43.13548],[-6.8854,43.1568],[-6.86825,43.19002],[-6.82155,43.14324],[-6.87135,43.09121],[-6.91559,43.07342],[-6.93869,43.08651],[-6.96859,43.05722],[-6.96464,43.03467],[-6.98191,43.04137],[-6.99717,43.01948],[-6.96196,42.99072],[-6.9571,43.03678],[-6.91032,42.99014],[-6.8643,42.98348],[-6.83609,42.95776],[-6.84187,42.9282],[-6.82419,42.91506],[-6.84799,42.91433],[-6.81489,42.87082],[-6.83374,42.88206],[-6.87128,42.87384],[-6.84032,42.82337],[-6.86743,42.78717],[-6.9356,42.74086],[-6.95948,42.75503],[-6.97288,42.72501],[-7.01089,42.72366],[-7.04519,42.69477],[-7.00436,42.64287],[-7.047,42.6327],[-7.05017,42.59731],[-7.03356,42.58409],[-7.06967,42.55395],[-7.05985,42.52932],[-7.07619,42.49675],[-7.09974,42.45879],[-7.14927,42.43616],[-7.20267,42.3257],[-7.23093,42.35914],[-7.22007,42.38719],[-7.30449,42.42887],[-7.3699,42.42136],[-7.39925,42.43556],[-7.50758,42.38678],[-7.54196,42.38444],[-7.57612,42.40487],[-7.61665,42.38422],[-7.63141,42.40706],[-7.69787,42.42955],[-7.71317,42.45238],[-7.7889,42.466],[-7.74831,42.47999],[-7.76503,42.49396],[-7.80271,42.48027],[-7.87541,42.51095],[-7.91318,42.50839],[-7.9016,42.52136],[-7.92401,42.52504],[-7.88873,42.53813],[-7.93075,42.5786],[-7.89255,42.62963],[-7.88971,42.68371],[-7.86143,42.7062],[-7.86639,42.72064],[-7.93537,42.73974],[-7.97841,42.7787],[-7.98048,42.81134],[-7.95641,42.83975],[-7.99973,42.8489],[-7.93551,42.90346],[-7.94332,42.91735],[-7.90817,42.95126],[-7.90531,42.9854],[-7.94298,43.06762],[-7.91683,43.08827],[-7.96139,43.18984],[-7.92185,43.26946],[-7.94711,43.28602],[-7.88695,43.33718],[-7.88514,43.37537],[-7.89891,43.3898],[-7.88194,43.40753],[-7.82307,43.40075],[-7.80727,43.43734],[-7.78029,43.44859],[-7.75878,43.50847],[-7.74443,43.5119],[-7.76031,43.54803],[-7.74876,43.57767],[-7.71792,43.58341],[-7.73548,43.62214],[-7.691,43.65405],[-7.71927,43.68665],[-7.69859,43.69566],[-7.6998,43.73515],[-7.63622,43.7528]],[[-7.13909,43.55712],[-7.13855,43.55754],[-7.13858,43.55814],[-7.13903,43.55802],[-7.13909,43.55712]],[[-7.62954,43.76118],[-7.62799,43.75861],[-7.63308,43.75656],[-7.6345,43.75888],[-7.62954,43.76118]],[[-7.48872,43.73188],[-7.49043,43.7296],[-7.49417,43.73135],[-7.49166,43.73279],[-7.48872,43.73188]],[[-7.43791,43.71839],[-7.44075,43.71659],[-7.44247,43.71703],[-7.44113,43.71795],[-7.43791,43.71839]],[[-7.4415,43.70126],[-7.44334,43.7001],[-7.44442,43.70119],[-7.44254,43.70174],[-7.4415,43.70126]],[[-7.04841,43.55536],[-7.04966,43.5562],[-7.05005,43.5575],[-7.04836,43.55689],[-7.04841,43.55536]],[[-7.43936,43.71526],[-7.43698,43.71499],[-7.44166,43.71495],[-7.43936,43.71526]],[[-7.0427,43.5572],[-7.04105,43.55681],[-7.0407,43.55593],[-7.04166,43.55574],[-7.0427,43.5572]],[[-7.60418,43.71198],[-7.60372,43.71333],[-7.60304,43.71361],[-7.60345,43.71236],[-7.60418,43.71198]],[[-7.51712,43.73024],[-7.51758,43.73108],[-7.51678,43.73148],[-7.51652,43.73034],[-7.51712,43.73024]],[[-7.58371,43.69819],[-7.58434,43.6982],[-7.5849,43.69882],[-7.58348,43.69878],[-7.58371,43.69819]],[[-7.49105,43.72815],[-7.49138,43.72818],[-7.49199,43.72886],[-7.49039,43.72898],[-7.49105,43.72815]],[[-7.60426,43.69808],[-7.60473,43.69732],[-7.60527,43.6975],[-7.60485,43.69816],[-7.60426,43.69808]],[[-3.5367,41.16058],[-3.48875,41.09429],[-3.4258,41.0829],[-3.43893,41.04267],[-3.39445,41.00028],[-3.4183,40.98756],[-3.44406,40.90685],[-3.46058,40.90666],[-3.44049,40.87535],[-3.47257,40.86422],[-3.47739,40.82356],[-3.51157,40.7885],[-3.45901,40.78132],[-3.44434,40.76158],[-3.45042,40.73489],[-3.43494,40.72799],[-3.46855,40.68994],[-3.40473,40.66964],[-3.39335,40.69246],[-3.3456,40.63774],[-3.3165,40.65518],[-3.33852,40.62585],[-3.32164,40.61219],[-3.32827,40.59484],[-3.28407,40.56898],[-3.29713,40.53752],[-3.24991,40.54432],[-3.19995,40.51445],[-3.1986,40.44225],[-3.15551,40.43943],[-3.13056,40.40519],[-3.15343,40.3677],[-3.14121,40.35054],[-3.18286,40.30827],[-3.19445,40.24804],[-3.1734,40.23417],[-3.15372,40.26371],[-3.11267,40.28548],[-3.10153,40.27809],[-3.06784,40.15791],[-3.08928,40.16297],[-3.09675,40.14239],[-3.05619,40.11374],[-3.06071,40.09056],[-3.11819,40.06143],[-3.16158,40.06493],[-3.17814,40.09221],[-3.20096,40.06049],[-3.27576,40.04728],[-3.33224,40.08048],[-3.37529,40.07539],[-3.37578,40.05125],[-3.40107,40.03418],[-3.50686,40.04867],[-3.51969,40.02107],[-3.58999,40.01317],[-3.63794,39.98835],[-3.6345,39.96589],[-3.74387,39.9408],[-3.8044,39.88472],[-3.86833,39.90486],[-3.87519,39.92874],[-3.84004,39.94196],[-3.83204,39.93156],[-3.80955,39.95396],[-3.78335,39.9448],[-3.7636,39.96752],[-3.77049,39.95055],[-3.75437,39.95044],[-3.75882,39.96889],[-3.72794,39.96455],[-3.74621,39.98109],[-3.72009,39.98444],[-3.69989,40.01954],[-3.63609,40.04163],[-3.60763,40.10897],[-3.65573,40.12491],[-3.66731,40.14329],[-3.68372,40.13227],[-3.72222,40.14771],[-3.74437,40.13222],[-3.77045,40.1394],[-3.8046,40.17684],[-3.83419,40.16135],[-3.87202,40.19015],[-3.93114,40.20398],[-3.95089,40.19033],[-3.95287,40.2128],[-3.991,40.20948],[-4.02616,40.23561],[-4.02403,40.24897],[-4.07289,40.26545],[-4.10427,40.24183],[-4.14577,40.24518],[-4.14399,40.26462],[-4.19087,40.29736],[-4.20323,40.26882],[-4.248,40.27348],[-4.26996,40.23568],[-4.30611,40.22178],[-4.30799,40.23388],[-4.34849,40.23675],[-4.35639,40.30862],[-4.38011,40.31834],[-4.38348,40.28905],[-4.43525,40.25913],[-4.43743,40.2367],[-4.50979,40.21919],[-4.52791,40.20009],[-4.57499,40.20664],[-4.55933,40.23127],[-4.56879,40.25871],[-4.52938,40.29313],[-4.54622,40.34183],[-4.52679,40.34487],[-4.5029,40.31489],[-4.45576,40.31935],[-4.4606,40.34138],[-4.43864,40.35275],[-4.44373,40.3857],[-4.42173,40.40623],[-4.32109,40.41031],[-4.34125,40.42868],[-4.31568,40.46477],[-4.32822,40.53376],[-4.28926,40.56419],[-4.27857,40.60317],[-4.29071,40.62782],[-4.2711,40.62902],[-4.26214,40.60518],[-4.24544,40.60245],[-4.16118,40.62347],[-4.17285,40.63036],[-4.17157,40.68063],[-4.09699,40.74774],[-4.0767,40.78888],[-3.97968,40.78455],[-3.9471,40.86297],[-3.95228,40.89363],[-3.9072,40.9553],[-3.78137,41.00031],[-3.74045,41.05364],[-3.67606,41.0867],[-3.6137,41.14905],[-3.5367,41.16058]],[[-3.37226,40.63561],[-3.38026,40.63285],[-3.38213,40.63047],[-3.36366,40.6316],[-3.37226,40.63561]],[[-4.25573,40.65317],[-4.31951,40.64764],[-4.32412,40.65803],[-4.28482,40.68122],[-4.25573,40.65317]],[[-4.45676,43.05705],[-4.39811,43.03487],[-4.34848,42.97258],[-4.24025,42.95653],[-4.2367,42.91711],[-4.22257,42.91098],[-4.22468,42.85677],[-4.19969,42.84457],[-4.1812,42.85869],[-4.14426,42.86862],[-4.1255,42.85429],[-4.14045,42.829],[-4.16,42.83694],[-4.18241,42.8226],[-4.18385,42.81207],[-4.14991,42.78931],[-4.09849,42.79118],[-4.08189,42.76526],[-4.10955,42.73388],[-4.14497,42.75252],[-4.25704,42.68811],[-4.26669,42.7053],[-4.29317,42.6909],[-4.26387,42.61796],[-4.2939,42.60526],[-4.28543,42.58198],[-4.27081,42.58139],[-4.30535,42.57081],[-4.30333,42.55536],[-4.27769,42.54469],[-4.27215,42.51998],[-4.2862,42.51197],[-4.24704,42.49472],[-4.25439,42.46792],[-4.24259,42.45624],[-4.31709,42.45893],[-4.33502,42.41991],[-4.31623,42.40998],[-4.33007,42.40443],[-4.32159,42.3799],[-4.27273,42.38572],[-4.28052,42.36379],[-4.26482,42.35251],[-4.24411,42.2594],[-4.22876,42.25038],[-4.23144,42.20845],[-4.18864,42.17638],[-4.20501,42.13361],[-4.12022,42.12813],[-4.10378,42.10969],[-4.05621,42.10091],[-4.07749,42.08268],[-4.10304,42.08704],[-4.10411,42.06163],[-4.07989,42.03678],[-4.03925,42.05335],[-3.9814,42.05064],[-3.97107,42.03322],[-4.01477,41.99859],[-4.03298,41.95408],[-3.89147,41.99665],[-3.89198,41.95794],[-3.92914,41.95937],[-3.98134,41.9307],[-3.9807,41.90062],[-4.03758,41.87277],[-4.08882,41.87065],[-4.07932,41.84845],[-4.09007,41.83086],[-4.038,41.78985],[-4.04088,41.76835],[-4.10027,41.77471],[-4.12319,41.80731],[-4.21395,41.79941],[-4.23602,41.81397],[-4.31764,41.76344],[-4.3893,41.78777],[-4.45424,41.75917],[-4.50118,41.77141],[-4.48734,41.8201],[-4.46115,41.82036],[-4.47831,41.82859],[-4.4733,41.84303],[-4.51212,41.8233],[-4.54915,41.83102],[-4.56608,41.81257],[-4.6319,41.86173],[-4.6373,41.88811],[-4.66968,41.90051],[-4.72825,41.86883],[-4.75842,41.82579],[-4.78925,41.81802],[-4.86908,41.93173],[-4.92794,41.91503],[-4.94959,41.93383],[-4.98368,41.91003],[-5.00485,41.93795],[-4.96554,42.00706],[-4.93601,42.01792],[-4.94763,42.05431],[-4.90418,42.07839],[-4.92871,42.11831],[-4.9275,42.15022],[-4.99431,42.1449],[-5.02697,42.15391],[-5.03189,42.17363],[-5.01239,42.18976],[-5.02467,42.21989],[-5.00916,42.23103],[-5.01881,42.25386],[-5.00214,42.28913],[-4.95345,42.29716],[-4.94243,42.3275],[-4.9425,42.34655],[-4.9842,42.33787],[-4.97255,42.37439],[-4.9034,42.38565],[-4.91431,42.40119],[-4.90498,42.42456],[-4.92398,42.43614],[-4.9,42.45068],[-4.88799,42.53703],[-4.91595,42.55475],[-4.89466,42.62386],[-4.90029,42.67012],[-4.87167,42.70799],[-4.91589,42.72056],[-4.93636,42.74447],[-4.89588,42.78517],[-4.90286,42.80997],[-4.88856,42.84113],[-4.90032,42.85999],[-4.86558,42.86055],[-4.8555,42.89171],[-4.80923,42.93034],[-4.79481,42.98665],[-4.75699,43.0155],[-4.69951,43.02666],[-4.63813,43.01667],[-4.60608,43.03577],[-4.55845,43.01952],[-4.52093,43.04737],[-4.47571,43.0387],[-4.45676,43.05705]],[[-4.2567,42.72797],[-4.25133,42.72655],[-4.24506,42.73597],[-4.26063,42.73889],[-4.2567,42.72797]],[[-4.00087,42.8098],[-4.00309,42.76336],[-4.04591,42.76661],[-4.05022,42.7798],[-4.01418,42.80638],[-4.01104,42.83038],[-4.00087,42.8098]],[[-4.07199,42.16534],[-4.06214,42.13158],[-4.11004,42.14319],[-4.11184,42.15858],[-4.07199,42.16534]],[[-4.09801,42.82367],[-4.08771,42.8056],[-4.10104,42.79397],[-4.11308,42.81669],[-4.09801,42.82367]],[[-4.16859,42.81154],[-4.17456,42.81162],[-4.18234,42.82035],[-4.16308,42.82095],[-4.16859,42.81154]],[[-4.03056,42.07912],[-4.03769,42.10259],[-4.03344,42.10698],[-4.02437,42.08355],[-4.03056,42.07912]],[[-6.47592,41.28734],[-6.31768,41.27089],[-6.1345,41.19039],[-6.10931,41.21261],[-6.06201,41.22105],[-6.00883,41.2005],[-6.0275,41.17912],[-6.02183,41.15526],[-5.97922,41.17457],[-5.95324,41.1401],[-5.91313,41.17834],[-5.92133,41.21815],[-5.89767,41.23859],[-5.76731,41.2157],[-5.65696,41.24555],[-5.62832,41.21446],[-5.58793,41.20244],[-5.56507,41.21704],[-5.48525,41.17885],[-5.48434,41.1455],[-5.46983,41.15795],[-5.47688,41.17832],[-5.40759,41.18559],[-5.40019,41.14543],[-5.35699,41.14082],[-5.32895,41.11717],[-5.29786,41.12588],[-5.28847,41.19562],[-5.25297,41.19978],[-5.2296,41.19053],[-5.21822,41.15959],[-5.17966,41.16729],[-5.12493,41.13205],[-5.15255,41.06196],[-5.14079,41.03725],[-5.1066,41.0295],[-5.08984,40.99663],[-5.10484,40.96025],[-5.1276,40.95412],[-5.11504,40.90281],[-5.16381,40.86838],[-5.15745,40.82129],[-5.21899,40.77297],[-5.21444,40.75783],[-5.3777,40.67783],[-5.38581,40.66334],[-5.36589,40.64877],[-5.38295,40.62076],[-5.44765,40.57959],[-5.49966,40.58159],[-5.50086,40.59735],[-5.51622,40.58538],[-5.52469,40.54073],[-5.42851,40.56447],[-5.46713,40.46401],[-5.50983,40.46366],[-5.51147,40.42629],[-5.52593,40.42236],[-5.5746,40.44425],[-5.56092,40.4771],[-5.63417,40.46045],[-5.69141,40.42157],[-5.67844,40.38702],[-5.68636,40.35537],[-5.67303,40.34854],[-5.75791,40.28245],[-5.80224,40.29655],[-5.78199,40.31246],[-5.79934,40.35375],[-5.88505,40.32613],[-5.91717,40.2777],[-5.99214,40.29901],[-6.01643,40.31652],[-6.01602,40.34029],[-6.10572,40.3568],[-6.08238,40.36321],[-6.07216,40.387],[-6.08517,40.39049],[-6.06496,40.39661],[-6.12948,40.42079],[-6.11613,40.44159],[-6.14702,40.43612],[-6.1991,40.48184],[-6.23464,40.48661],[-6.27533,40.45852],[-6.34464,40.44278],[-6.3714,40.40187],[-6.41883,40.39929],[-6.43831,40.37277],[-6.53628,40.34724],[-6.56041,40.32905],[-6.55617,40.29078],[-6.58702,40.27072],[-6.67175,40.26323],[-6.69014,40.24266],[-6.71822,40.26924],[-6.7556,40.23892],[-6.83452,40.24758],[-6.86509,40.27063],[-6.86294,40.29744],[-6.79418,40.32879],[-6.781,40.36467],[-6.8348,40.40815],[-6.84969,40.45258],[-6.79503,40.51192],[-6.80083,40.55063],[-6.84482,40.56588],[-6.79389,40.66168],[-6.8312,40.75264],[-6.81697,40.80117],[-6.82612,40.84324],[-6.8003,40.84827],[-6.80875,40.88204],[-6.84848,40.90083],[-6.86017,40.9489],[-6.92157,41.00333],[-6.93009,41.03007],[-6.80836,41.03648],[-6.75399,41.10278],[-6.76742,41.13521],[-6.70132,41.18039],[-6.69195,41.20832],[-6.64777,41.24757],[-6.59911,41.24424],[-6.59139,41.25546],[-6.57126,41.23903],[-6.52182,41.276],[-6.49704,41.26561],[-6.47869,41.27496],[-6.49,41.28874],[-6.47592,41.28734]],[[-3.96383,41.58608],[-3.86795,41.53248],[-3.82388,41.48113],[-3.78764,41.48586],[-3.80379,41.52458],[-3.76619,41.53793],[-3.76975,41.46015],[-3.73948,41.45078],[-3.72372,41.47921],[-3.7283,41.51764],[-3.67172,41.56043],[-3.61684,41.57716],[-3.57262,41.5654],[-3.54642,41.58009],[-3.53833,41.55202],[-3.50194,41.52918],[-3.47968,41.52091],[-3.45806,41.53685],[-3.42367,41.51628],[-3.4133,41.47612],[-3.33037,41.46072],[-3.35053,41.39487],[-3.20735,41.30424],[-3.23893,41.28794],[-3.25426,41.25838],[-3.27426,41.26026],[-3.27576,41.27503],[-3.29017,41.25793],[-3.33635,41.25303],[-3.40978,41.26062],[-3.41515,41.2732],[-3.41152,41.26071],[-3.3995,41.25454],[-3.40249,41.21362],[-3.44415,41.21534],[-3.46691,41.18326],[-3.51622,41.1623],[-3.6137,41.14905],[-3.67606,41.0867],[-3.74045,41.05364],[-3.78137,41.00031],[-3.89045,40.96903],[-3.93795,40.92718],[-3.97968,40.78455],[-4.07009,40.79392],[-4.14711,40.69397],[-4.2529,40.68953],[-4.31619,40.66675],[-4.33263,40.63713],[-4.41962,40.63343],[-4.43113,40.74238],[-4.47384,40.77465],[-4.49377,40.83352],[-4.54639,40.82555],[-4.55671,40.83633],[-4.53157,40.85864],[-4.55956,40.88585],[-4.56635,40.9562],[-4.60675,40.9708],[-4.63829,41.03131],[-4.71272,41.0621],[-4.72134,41.15697],[-4.68056,41.18574],[-4.62775,41.1708],[-4.65086,41.22142],[-4.57388,41.2752],[-4.60198,41.30265],[-4.59685,41.32059],[-4.55954,41.30217],[-4.52863,41.3211],[-4.46779,41.29589],[-4.47055,41.31846],[-4.50447,41.3472],[-4.484,41.3668],[-4.51496,41.40966],[-4.46816,41.41308],[-4.41062,41.44165],[-4.36491,41.436],[-4.36239,41.44993],[-4.27013,41.46127],[-4.2611,41.45059],[-4.15832,41.4821],[-4.14248,41.46994],[-4.0274,41.5178],[-3.9999,41.5161],[-3.98067,41.58337],[-3.96383,41.58608]],[[-5.72508,38.19578],[-5.68861,38.18188],[-5.68406,38.15798],[-5.70579,38.16938],[-5.69526,38.14971],[-5.73882,38.13282],[-5.7349,38.08626],[-5.69363,38.08374],[-5.6325,38.13856],[-5.58479,38.13171],[-5.49512,38.04184],[-5.49315,37.99576],[-5.41561,37.94367],[-5.41471,37.86946],[-5.33932,37.83301],[-5.35004,37.79471],[-5.31003,37.77423],[-5.30706,37.70016],[-5.3271,37.69162],[-5.34484,37.70534],[-5.37634,37.67756],[-5.38908,37.69778],[-5.4142,37.67446],[-5.3936,37.65602],[-5.41402,37.64528],[-5.35993,37.60545],[-5.35796,37.58484],[-5.17677,37.68058],[-5.15005,37.66092],[-5.10792,37.66258],[-5.12971,37.69875],[-5.10861,37.70067],[-5.09788,37.67029],[-5.06988,37.65935],[-5.09151,37.67995],[-5.07258,37.7077],[-5.04723,37.71829],[-4.99982,37.70659],[-4.95377,37.65244],[-4.97428,37.60016],[-4.93171,37.61733],[-4.93203,37.54591],[-4.94893,37.52195],[-4.90602,37.49984],[-4.9152,37.48416],[-4.90447,37.48949],[-4.90409,37.46741],[-4.87534,37.45045],[-4.88474,37.43798],[-4.84063,37.43602],[-4.84981,37.41066],[-4.81469,37.37753],[-4.82213,37.3582],[-4.78222,37.3285],[-4.72922,37.33533],[-4.71867,37.3585],[-4.68566,37.33027],[-4.67118,37.33449],[-4.66844,37.31981],[-4.68407,37.31536],[-4.66061,37.29445],[-4.67525,37.30178],[-4.68109,37.29005],[-4.66212,37.28374],[-4.65335,37.25583],[-4.73003,37.25346],[-4.73574,37.24484],[-4.71794,37.23989],[-4.72721,37.21111],[-4.70861,37.1977],[-4.79263,37.15385],[-4.82591,37.20071],[-4.85386,37.19859],[-4.8755,37.15819],[-4.89762,37.15603],[-4.90511,37.18187],[-4.9396,37.1757],[-4.94266,37.15759],[-4.90331,37.13879],[-4.90837,37.11465],[-5.05309,37.0306],[-5.12284,37.02769],[-5.16264,36.98142],[-5.2259,36.94184],[-5.30022,37.01374],[-5.3021,37.03736],[-5.39239,36.97328],[-5.41285,36.94066],[-5.43895,36.93529],[-5.46029,36.9753],[-5.42011,37.01321],[-5.43369,37.05245],[-5.51099,37.0336],[-5.46973,36.98395],[-5.54612,36.93018],[-5.53382,36.89345],[-5.5834,36.91509],[-5.58711,36.94701],[-5.61809,36.94016],[-5.66757,36.97599],[-5.71377,36.92039],[-5.84551,36.91521],[-5.87652,36.89471],[-5.89105,36.84219],[-6.10445,36.85726],[-6.15615,36.88565],[-6.25379,36.89391],[-6.27829,36.91085],[-6.33101,36.8988],[-6.37889,36.93471],[-6.35394,36.98849],[-6.38639,37.07443],[-6.34236,37.12298],[-6.35967,37.13843],[-6.33612,37.16962],[-6.35056,37.18056],[-6.34524,37.21828],[-6.35985,37.2381],[-6.333,37.2991],[-6.38457,37.33749],[-6.34604,37.36573],[-6.36208,37.37588],[-6.35626,37.41217],[-6.31263,37.41872],[-6.30605,37.43301],[-6.35618,37.49617],[-6.36648,37.53576],[-6.3924,37.55405],[-6.39526,37.61119],[-6.44327,37.62335],[-6.52862,37.6158],[-6.53609,37.65098],[-6.50134,37.66796],[-6.47512,37.72514],[-6.44999,37.7189],[-6.31102,37.76487],[-6.25232,37.76315],[-6.25242,37.74278],[-6.22223,37.73966],[-6.2024,37.80553],[-6.13402,37.78783],[-6.12166,37.8166],[-6.14216,37.85567],[-6.16429,37.86201],[-6.1249,37.90442],[-6.14521,37.9205],[-6.17499,37.91509],[-6.18407,37.92899],[-6.16781,37.95582],[-6.05171,37.99684],[-5.95369,37.99535],[-5.93422,38.04688],[-5.90898,38.06285],[-5.92638,38.10501],[-5.88066,38.13228],[-5.87468,38.15834],[-5.72508,38.19578]],[[-5.026,37.59957],[-5.03119,37.64152],[-5.0468,37.63194],[-5.08432,37.64808],[-5.0404,37.6262],[-5.04791,37.60814],[-5.03101,37.6106],[-5.0266,37.59542],[-5.01778,37.59246],[-5.026,37.59957]],[[-4.37514,40.31426],[-4.35639,40.30862],[-4.34849,40.23675],[-4.30799,40.23388],[-4.30611,40.22178],[-4.26996,40.23568],[-4.248,40.27348],[-4.20323,40.26882],[-4.19087,40.29736],[-4.14399,40.26462],[-4.14577,40.24518],[-4.10427,40.24183],[-4.07289,40.26545],[-4.02403,40.24897],[-4.02616,40.23561],[-3.991,40.20948],[-3.95287,40.2128],[-3.95089,40.19033],[-3.93114,40.20398],[-3.87202,40.19015],[-3.83419,40.16135],[-3.8046,40.17684],[-3.77045,40.1394],[-3.74437,40.13222],[-3.72222,40.14771],[-3.68372,40.13227],[-3.66731,40.14329],[-3.65573,40.12491],[-3.60763,40.10897],[-3.63609,40.04163],[-3.69989,40.01954],[-3.72009,39.98444],[-3.74621,39.98109],[-3.72794,39.96455],[-3.75882,39.96889],[-3.75437,39.95044],[-3.77049,39.95055],[-3.75797,39.95832],[-3.7636,39.96752],[-3.78335,39.9448],[-3.80955,39.95396],[-3.83204,39.93156],[-3.84004,39.94196],[-3.87519,39.92874],[-3.86894,39.90524],[-3.81489,39.88574],[-3.74387,39.9408],[-3.6345,39.96589],[-3.63794,39.98835],[-3.58999,40.01317],[-3.51969,40.02107],[-3.50686,40.04867],[-3.40107,40.03418],[-3.37578,40.05125],[-3.37771,40.07477],[-3.33442,40.08105],[-3.27516,40.04731],[-3.20096,40.06049],[-3.16645,40.09111],[-3.17023,40.04814],[-3.14257,39.98497],[-3.0966,39.98694],[-3.09706,39.93347],[-3.12723,39.87468],[-3.07629,39.85571],[-2.99775,39.71887],[-2.90823,39.64233],[-2.92551,39.6018],[-2.93128,39.47087],[-2.95679,39.44721],[-2.99955,39.44164],[-3.02259,39.457],[-3.0696,39.45027],[-3.14342,39.49553],[-3.18452,39.48796],[-3.18516,39.47415],[-3.2942,39.47084],[-3.31589,39.43453],[-3.30913,39.39915],[-3.41028,39.40459],[-3.47048,39.37214],[-3.47688,39.34314],[-3.53259,39.30416],[-3.68019,39.29828],[-3.72252,39.26961],[-3.79121,39.2929],[-3.85428,39.25842],[-3.96686,39.29855],[-3.9722,39.35218],[-4.07337,39.36533],[-4.10445,39.34111],[-4.12054,39.36262],[-4.14807,39.36277],[-4.11807,39.45688],[-4.06813,39.45705],[-4.06008,39.52144],[-4.03008,39.52197],[-4.04178,39.57535],[-4.12434,39.56356],[-4.15873,39.57676],[-4.19323,39.49538],[-4.24209,39.4779],[-4.37721,39.49598],[-4.44191,39.52313],[-4.46159,39.47855],[-4.51122,39.52213],[-4.48219,39.5388],[-4.52495,39.56163],[-4.53109,39.5316],[-4.54268,39.544],[-4.56144,39.53314],[-4.55463,39.51078],[-4.56792,39.49728],[-4.61843,39.48465],[-4.61813,39.4544],[-4.69028,39.45179],[-4.75537,39.41571],[-4.7681,39.42992],[-4.74051,39.45617],[-4.75171,39.50183],[-4.86312,39.55615],[-4.903,39.5037],[-4.94967,39.39311],[-5.20662,39.59723],[-5.16176,39.64244],[-5.13779,39.715],[-5.17396,39.75126],[-5.15846,39.75966],[-5.1669,39.79988],[-5.20646,39.79756],[-5.25482,39.75234],[-5.30808,39.76003],[-5.31259,39.82428],[-5.28405,39.86388],[-5.32361,39.89173],[-5.40611,39.87773],[-5.36514,39.98292],[-5.37386,40.05932],[-5.35944,40.10841],[-5.21637,40.10801],[-5.20352,40.08343],[-5.17162,40.08482],[-5.08777,40.12432],[-5.06698,40.15092],[-5.01854,40.15905],[-5.01334,40.11106],[-4.95455,40.12113],[-4.95629,40.13335],[-4.92545,40.13604],[-4.92467,40.16998],[-4.80767,40.23532],[-4.81824,40.25477],[-4.80347,40.27526],[-4.76159,40.2609],[-4.69814,40.28219],[-4.68726,40.212],[-4.65423,40.19807],[-4.57908,40.2172],[-4.52791,40.20009],[-4.50979,40.21919],[-4.43743,40.2367],[-4.43525,40.25913],[-4.38348,40.28905],[-4.37514,40.31426]],[[1.43856,41.57568],[1.45448,41.56919],[1.43103,41.55566],[1.44858,41.53707],[1.40872,41.53493],[1.39635,41.51289],[1.48456,41.47492],[1.46848,41.44396],[1.4952,41.43561],[1.4751,41.42945],[1.49017,41.40148],[1.48246,41.39861],[1.47304,41.38076],[1.50929,41.39444],[1.53682,41.38536],[1.57796,41.36246],[1.55866,41.34315],[1.59551,41.30885],[1.58822,41.29356],[1.63679,41.29595],[1.61971,41.2537],[1.57016,41.26073],[1.58311,41.23608],[1.62401,41.22294],[1.64098,41.23537],[1.64475,41.19344],[1.51333,41.17799],[1.3949,41.13162],[1.29793,41.12777],[1.22077,41.08357],[1.24911,41.10864],[1.21504,41.10423],[1.17034,41.05463],[1.12336,41.07471],[1.04914,41.06412],[0.96665,41.02835],[0.86223,40.94708],[0.74134,40.82332],[0.69972,40.80452],[0.73035,40.76949],[0.78055,40.76828],[0.73025,40.78921],[0.76587,40.79229],[0.82857,40.73427],[0.87199,40.73493],[0.8806,40.71847],[0.86357,40.68987],[0.75829,40.64146],[0.70207,40.58044],[0.66136,40.55733],[0.61764,40.55355],[0.59499,40.57809],[0.64894,40.57294],[0.65704,40.57826],[0.66033,40.59147],[0.70868,40.59089],[0.74523,40.63611],[0.60133,40.6221],[0.60459,40.60911],[0.59045,40.61284],[0.53792,40.56723],[0.5147,40.52305],[0.43796,40.54706],[0.44394,40.57822],[0.40196,40.60238],[0.28227,40.62759],[0.26767,40.65816],[0.29184,40.68855],[0.26243,40.70585],[0.23652,40.70168],[0.22612,40.73316],[0.19729,40.72417],[0.16449,40.74012],[0.15918,40.75061],[0.17536,40.74113],[0.17522,40.75494],[0.22997,40.76743],[0.23357,40.78699],[0.27819,40.8209],[0.23891,40.8847],[0.2935,40.97056],[0.25864,41.01463],[0.27966,41.02017],[0.21774,41.04366],[0.23045,41.0553],[0.22008,41.08291],[0.2012,41.08468],[0.20123,41.12678],[0.24788,41.13014],[0.25299,41.15015],[0.30332,41.16438],[0.3224,41.22524],[0.38131,41.23643],[0.38566,41.27884],[0.43315,41.27604],[0.44174,41.32561],[0.46915,41.33104],[0.50327,41.28973],[0.52581,41.29046],[0.55443,41.32667],[0.58078,41.32006],[0.59706,41.29345],[0.62819,41.29086],[0.75152,41.31784],[0.76248,41.33425],[0.8195,41.32883],[0.845,41.36231],[0.86327,41.33811],[0.94523,41.34976],[1.07493,41.4584],[1.03746,41.47999],[1.0485,41.48754],[1.03975,41.50111],[1.11218,41.46701],[1.18095,41.48811],[1.16465,41.53446],[1.21076,41.5486],[1.21986,41.56958],[1.39191,41.55644],[1.40345,41.55816],[1.39547,41.5775],[1.43856,41.57568]],[[0.73764,40.63792],[0.73629,40.63886],[0.73471,40.63932],[0.73567,40.63783],[0.73764,40.63792]],[[1.63324,41.31349],[1.64091,41.31256],[1.6425,41.31296],[1.63748,41.30968],[1.62897,41.31065],[1.63324,41.31349]],[[0.65151,40.58533],[0.65429,40.58437],[0.65573,40.5813],[0.64897,40.58435],[0.65151,40.58533]],[[0.63547,40.57989],[0.63416,40.57891],[0.63488,40.57739],[0.6335,40.57991],[0.63547,40.57989]],[[0.64841,40.58445],[0.64798,40.58328],[0.64587,40.5837],[0.64611,40.58467],[0.64841,40.58445]],[[0.64627,40.57672],[0.64738,40.5756],[0.64393,40.57655],[0.6445,40.57679],[0.64627,40.57672]],[[0.64889,40.57852],[0.64831,40.57891],[0.64813,40.58027],[0.64933,40.58003],[0.64889,40.57852]],[[0.64911,40.57515],[0.64833,40.57507],[0.64763,40.5761],[0.64857,40.57635],[0.64911,40.57515]],[[0.65024,40.57616],[0.64905,40.57627],[0.64898,40.57706],[0.64969,40.57726],[0.65024,40.57616]],[[0.64251,40.57596],[0.6429,40.57507],[0.64127,40.57659],[0.64163,40.5772],[0.64251,40.57596]],[[0.64583,40.58219],[0.64502,40.58241],[0.64495,40.58319],[0.64639,40.58259],[0.64583,40.58219]],[[0.64351,40.57691],[0.64381,40.57613],[0.64187,40.57862],[0.64259,40.5781],[0.64351,40.57691]],[[0.64697,40.57824],[0.64551,40.57857],[0.64538,40.5793],[0.64661,40.57885],[0.64697,40.57824]],[[0.63488,40.58254],[0.63578,40.58232],[0.63596,40.58183],[0.63506,40.58174],[0.63488,40.58254]],[[0.61569,40.57656],[0.61494,40.57654],[0.61465,40.57697],[0.61584,40.5773],[0.61569,40.57656]],[[0.64485,40.57532],[0.64556,40.57528],[0.64648,40.57402],[0.64463,40.57498],[0.64485,40.57532]],[[0.63911,40.5815],[0.63812,40.58168],[0.63857,40.58246],[0.63919,40.58213],[0.63911,40.5815]],[[0.64347,40.58277],[0.64278,40.58322],[0.64272,40.5836],[0.64373,40.5836],[0.64347,40.58277]],[[0.64884,40.5744],[0.64781,40.57414],[0.64717,40.57477],[0.64819,40.57495],[0.64884,40.5744]],[[0.64234,40.58161],[0.64141,40.58248],[0.64172,40.58294],[0.64235,40.58264],[0.64234,40.58161]],[[0.64296,40.5794],[0.64375,40.57905],[0.64421,40.57815],[0.64362,40.57849],[0.64296,40.5794]],[[0.64325,40.57992],[0.64268,40.57977],[0.64239,40.58081],[0.64325,40.57992]],[[0.85988,40.73563],[0.85981,40.73533],[0.85883,40.73543],[0.85929,40.73574],[0.85988,40.73563]],[[0.64511,40.58427],[0.64509,40.5839],[0.6441,40.58404],[0.64511,40.58427]],[[-0.50256,41.35439],[-0.47993,41.34593],[-0.47016,41.31825],[-0.42076,41.31174],[-0.42875,41.29407],[-0.40586,41.27236],[-0.33721,41.24138],[-0.31747,41.25751],[-0.22419,41.18948],[-0.18095,41.18815],[-0.01588,41.12272],[0.03692,41.04657],[0.07864,41.08034],[0.14586,41.06304],[0.22035,41.07143],[0.23043,41.05462],[0.21774,41.04366],[0.27966,41.02017],[0.25864,41.01463],[0.2935,40.97056],[0.23891,40.8847],[0.27819,40.8209],[0.23357,40.78699],[0.22997,40.76743],[0.17522,40.75494],[0.17536,40.74113],[0.15918,40.75061],[0.16381,40.72361],[0.1125,40.72714],[0.04218,40.69101],[0.02644,40.69495],[0.01574,40.72843],[-0.0647,40.72741],[-0.12684,40.75332],[-0.14453,40.78544],[-0.16496,40.78863],[-0.19718,40.78446],[-0.22403,40.75416],[-0.23599,40.69111],[-0.307,40.6595],[-0.32882,40.68028],[-0.37796,40.66754],[-0.37048,40.61359],[-0.29329,40.61104],[-0.30184,40.5154],[-0.27764,40.50153],[-0.27264,40.47376],[-0.34735,40.44394],[-0.28539,40.38649],[-0.28176,40.3657],[-0.34062,40.33999],[-0.36627,40.30505],[-0.38864,40.30694],[-0.40041,40.29485],[-0.38363,40.26485],[-0.42807,40.2438],[-0.49451,40.22873],[-0.54419,40.25166],[-0.57864,40.13734],[-0.62853,40.10258],[-0.61359,40.07001],[-0.62722,40.0762],[-0.68294,40.04422],[-0.75362,40.04661],[-0.77765,39.99841],[-0.83779,39.97681],[-0.84042,39.92495],[-0.79769,39.88107],[-0.86355,39.84741],[-0.91256,39.87236],[-0.90266,39.93185],[-0.92045,39.9644],[-0.93189,39.95608],[-0.98938,39.98183],[-1.10502,39.97498],[-1.12175,39.96085],[-1.14239,39.97184],[-1.16519,40.0101],[-1.08423,40.03621],[-1.07213,40.06048],[-1.14803,40.1145],[-1.24459,40.1158],[-1.2443,40.14597],[-1.28434,40.1715],[-1.29308,40.20692],[-1.29778,40.21153],[-1.32299,40.18486],[-1.31972,40.1464],[-1.3571,40.12889],[-1.43332,40.13947],[-1.44886,40.14534],[-1.43921,40.19701],[-1.47442,40.18504],[-1.5109,40.20372],[-1.54048,40.1908],[-1.69035,40.30966],[-1.72122,40.2787],[-1.72946,40.30291],[-1.69768,40.32129],[-1.77777,40.39188],[-1.80636,40.39823],[-1.80064,40.41422],[-1.78543,40.41318],[-1.73504,40.47203],[-1.69251,40.48682],[-1.70162,40.5411],[-1.6781,40.59095],[-1.59875,40.56205],[-1.54551,40.59519],[-1.56486,40.61474],[-1.53564,40.68702],[-1.56202,40.73975],[-1.53991,40.76073],[-1.54233,40.81122],[-1.62139,40.8804],[-1.6079,40.92762],[-1.61745,40.94373],[-1.56163,40.93862],[-1.50534,40.96412],[-1.47299,40.9488],[-1.4466,40.98456],[-1.4764,41.01494],[-1.41752,41.02975],[-1.40522,41.06631],[-1.3558,41.08853],[-1.35417,41.05753],[-1.28743,41.04886],[-1.2533,41.07733],[-1.27137,41.10328],[-1.2544,41.12294],[-1.20998,41.1388],[-1.17399,41.12369],[-1.1216,41.13493],[-1.10567,41.16759],[-1.03931,41.13472],[-1.00086,41.13401],[-0.97242,41.15346],[-0.9986,41.09523],[-0.95292,41.07544],[-0.91255,41.09301],[-0.88326,41.14876],[-0.85989,41.10801],[-0.82853,41.09642],[-0.79281,41.1056],[-0.76141,41.16966],[-0.69397,41.11229],[-0.6099,41.19168],[-0.66921,41.23685],[-0.62546,41.24818],[-0.62972,41.31176],[-0.59981,41.31889],[-0.54849,41.26774],[-0.53158,41.22781],[-0.50969,41.23828],[-0.50816,41.25582],[-0.52715,41.28822],[-0.5773,41.31395],[-0.58179,41.34812],[-0.50256,41.35439]],[[-0.98714,39.98073],[-0.9185,39.96267],[-0.90266,39.93185],[-0.91279,39.87305],[-0.88857,39.85211],[-0.86355,39.84741],[-0.79377,39.88143],[-0.73046,39.81483],[-0.71255,39.81685],[-0.69111,39.85246],[-0.65615,39.83596],[-0.65235,39.75408],[-0.63586,39.74787],[-0.58822,39.74169],[-0.57705,39.7732],[-0.53059,39.79598],[-0.45618,39.7147],[-0.39609,39.75861],[-0.37792,39.79988],[-0.32826,39.80148],[-0.27653,39.77054],[-0.26418,39.7455],[-0.1885,39.72194],[-0.20815,39.6433],[-0.21573,39.65512],[-0.25433,39.62082],[-0.31596,39.52344],[-0.32126,39.4634],[-0.30197,39.44931],[-0.30213,39.43418],[-0.32976,39.46159],[-0.31662,39.44334],[-0.32829,39.44443],[-0.33443,39.43366],[-0.3101,39.42803],[-0.33572,39.42469],[-0.27852,39.27848],[-0.21628,39.18634],[-0.23832,39.17671],[-0.23948,39.14692],[-0.20346,39.066],[-0.14429,38.99528],[-0.15629,38.99811],[-0.16114,38.99237],[-0.14678,38.99443],[-0.0274,38.8616],[-0.04215,38.85645],[-0.07062,38.88572],[-0.14808,38.85843],[-0.16083,38.88739],[-0.23054,38.85349],[-0.31081,38.88151],[-0.38144,38.8349],[-0.40339,38.83971],[-0.46188,38.80765],[-0.59522,38.7951],[-0.56564,38.75543],[-0.52963,38.76709],[-0.50711,38.74298],[-0.6287,38.68655],[-0.64344,38.72777],[-0.70719,38.73382],[-0.73493,38.75945],[-0.83462,38.73243],[-0.86169,38.77089],[-0.91322,38.76961],[-0.93385,38.79398],[-0.92454,38.89175],[-0.95652,38.92012],[-0.95941,38.94458],[-1.14665,38.92935],[-1.22654,39.02467],[-1.2639,39.04509],[-1.25572,39.10617],[-1.18083,39.21182],[-1.16189,39.30542],[-1.20791,39.32624],[-1.22333,39.31611],[-1.31274,39.34317],[-1.33664,39.334],[-1.41468,39.3803],[-1.42603,39.36276],[-1.43229,39.37758],[-1.4551,39.36085],[-1.44879,39.37819],[-1.46819,39.38333],[-1.45288,39.38374],[-1.45274,39.39867],[-1.4733,39.39115],[-1.47057,39.40751],[-1.48881,39.40165],[-1.48325,39.42246],[-1.49899,39.41536],[-1.49665,39.42932],[-1.52172,39.43268],[-1.52887,39.45527],[-1.51339,39.45827],[-1.51245,39.49627],[-1.49915,39.50045],[-1.5026,39.54562],[-1.52066,39.54997],[-1.46208,39.57662],[-1.41793,39.65494],[-1.36853,39.68962],[-1.31283,39.67048],[-1.2679,39.69115],[-1.27541,39.73864],[-1.215,39.80877],[-1.20004,39.85871],[-1.20398,39.94934],[-1.14239,39.97184],[-1.12175,39.96085],[-1.10502,39.97498],[-0.98714,39.98073]],[[-1.29308,40.20692],[-1.28434,40.1715],[-1.2443,40.14597],[-1.24459,40.1158],[-1.14803,40.1145],[-1.07177,40.05111],[-1.13408,40.01575],[-1.24683,39.99518],[-1.37686,40.0165],[-1.42029,40.09351],[-1.4076,40.1014],[-1.45723,40.13506],[-1.44886,40.14534],[-1.3546,40.12947],[-1.31659,40.14966],[-1.32299,40.18486],[-1.29308,40.20692]],[[-5.112,42.31184],[-5.09375,42.3093],[-5.05481,42.25752],[-5.03835,42.29713],[-5.00214,42.28913],[-5.01881,42.25386],[-5.01239,42.18976],[-5.03189,42.17363],[-5.02697,42.15391],[-4.9275,42.15022],[-4.92871,42.11831],[-4.90418,42.07839],[-4.94763,42.05431],[-4.93601,42.01792],[-4.96554,42.00706],[-5.0051,41.94723],[-4.98532,41.91075],[-4.94959,41.93383],[-4.92794,41.91503],[-4.86908,41.93173],[-4.78925,41.81802],[-4.75842,41.82579],[-4.72825,41.86883],[-4.66477,41.89947],[-4.56608,41.81257],[-4.54915,41.83102],[-4.51212,41.8233],[-4.4733,41.84303],[-4.47831,41.82859],[-4.46115,41.82036],[-4.48734,41.8201],[-4.50118,41.77141],[-4.45007,41.75836],[-4.3893,41.78777],[-4.31764,41.76344],[-4.23602,41.81397],[-4.21395,41.79941],[-4.12319,41.80731],[-4.10027,41.77471],[-4.04088,41.76835],[-4.07636,41.72608],[-4.02604,41.69238],[-4.03528,41.62062],[-4.00593,41.61936],[-3.98441,41.59749],[-3.99579,41.52115],[-4.14248,41.46994],[-4.15832,41.4821],[-4.2611,41.45059],[-4.27013,41.46127],[-4.36239,41.44993],[-4.36491,41.436],[-4.41062,41.44165],[-4.46816,41.41308],[-4.51496,41.40966],[-4.484,41.3668],[-4.50447,41.3472],[-4.47055,41.31846],[-4.47146,41.29156],[-4.52863,41.3211],[-4.55954,41.30217],[-4.59685,41.32059],[-4.60198,41.30265],[-4.57388,41.2752],[-4.65086,41.22142],[-4.62775,41.1708],[-4.68056,41.18574],[-4.7221,41.14932],[-4.80584,41.13516],[-4.82796,41.09915],[-4.86368,41.09402],[-4.98973,41.16081],[-5.12493,41.13205],[-5.17966,41.16729],[-5.21822,41.15959],[-5.2296,41.19053],[-5.25297,41.19978],[-5.33251,41.17827],[-5.3403,41.19411],[-5.29365,41.22625],[-5.30221,41.25927],[-5.29174,41.26919],[-5.33462,41.37064],[-5.30754,41.41405],[-5.33924,41.4256],[-5.32479,41.45534],[-5.34474,41.47926],[-5.22887,41.52843],[-5.29307,41.57437],[-5.27054,41.60114],[-5.32889,41.61592],[-5.32735,41.68053],[-5.35814,41.6997],[-5.36016,41.72713],[-5.3752,41.71979],[-5.39069,41.75257],[-5.37018,41.77785],[-5.27861,41.8148],[-5.33043,41.8318],[-5.30647,41.85784],[-5.31106,41.89159],[-5.29373,41.91994],[-5.33521,41.93747],[-5.2544,41.98094],[-5.28065,41.9788],[-5.32552,42.0204],[-5.37639,42.03965],[-5.39012,42.08981],[-5.37152,42.13006],[-5.38899,42.21794],[-5.36123,42.22515],[-5.30746,42.19927],[-5.28692,42.22993],[-5.26564,42.2109],[-5.24148,42.21452],[-5.22599,42.22672],[-5.254,42.23978],[-5.2365,42.27335],[-5.18272,42.26421],[-5.112,42.31184]],[[-5.51673,42.09345],[-5.48092,42.05243],[-5.42159,42.03068],[-5.44744,42.01366],[-5.43145,42.00432],[-5.43828,41.96739],[-5.48527,41.98512],[-5.47142,42.0101],[-5.51673,42.09345]],[[-5.32206,42.26773],[-5.30176,42.26924],[-5.30332,42.252],[-5.34132,42.23275],[-5.34534,42.26777],[-5.32206,42.26773]],[[-2.75149,43.45665],[-2.73871,43.42969],[-2.69568,43.40676],[-2.64631,43.41594],[-2.61863,43.39186],[-2.50973,43.37737],[-2.50261,43.36422],[-2.45974,43.33557],[-2.4126,43.32127],[-2.439,43.29491],[-2.41806,43.2676],[-2.43658,43.24371],[-2.49794,43.21992],[-2.48411,43.1709],[-2.50972,43.16144],[-2.50114,43.09654],[-2.66167,43.07427],[-2.6337,43.04482],[-2.63362,43.01991],[-2.89416,43.04642],[-2.97548,43.09947],[-2.93581,43.13621],[-2.95417,43.15971],[-2.94639,43.17087],[-2.98004,43.20186],[-3.00678,43.19659],[-3.02725,43.21697],[-3.04007,43.20988],[-3.0165,43.20283],[-3.0269,43.16137],[-3.07471,43.14636],[-3.11134,43.1435],[-3.15797,43.17803],[-3.22409,43.17013],[-3.25342,43.19858],[-3.41765,43.13343],[-3.44906,43.23591],[-3.34013,43.27803],[-3.3324,43.30188],[-3.27945,43.29005],[-3.22523,43.30894],[-3.2087,43.28364],[-3.15152,43.30685],[-3.15329,43.35332],[-3.11477,43.35048],[-3.10936,43.36467],[-3.08413,43.37793],[-3.10446,43.36467],[-3.08122,43.35186],[-3.0755,43.3548],[-3.07229,43.36271],[-3.05954,43.36183],[-3.04785,43.35935],[-3.0749,43.35416],[-3.03184,43.34663],[-3.04378,43.33913],[-3.02072,43.32554],[-3.01025,43.33724],[-3.02781,43.34195],[-3.01259,43.34774],[-3.0396,43.37331],[-2.97047,43.41338],[-2.94688,43.41214],[-2.94691,43.43603],[-2.80698,43.43049],[-2.75149,43.45665]],[[-3.27478,43.26455],[-3.30584,43.25348],[-3.28504,43.1977],[-3.26519,43.20577],[-3.26977,43.23205],[-3.25106,43.24868],[-3.24942,43.25966],[-3.27478,43.26455]],[[-3.04896,43.04609],[-3.01855,43.03766],[-3.0329,43.02033],[-2.98601,43.0121],[-2.98572,42.99213],[-2.9557,42.99885],[-3.0045,42.98269],[-3.03848,42.98192],[-3.06026,43.00351],[-3.08899,43.00164],[-3.04896,43.04609]],[[-2.68421,43.42608],[-2.68141,43.42574],[-2.68144,43.42292],[-2.68726,43.42752],[-2.68421,43.42608]],[[-2.49367,43.36826],[-2.49424,43.36652],[-2.49659,43.36532],[-2.49696,43.36686],[-2.49367,43.36826]],[[-2.77435,43.45053],[-2.77661,43.45133],[-2.77587,43.453],[-2.77472,43.45191],[-2.77435,43.45053]],[[-2.93484,43.44111],[-2.93485,43.43925],[-2.93503,43.43882],[-2.9357,43.44006],[-2.93484,43.44111]],[[-3.07855,43.35407],[-3.07929,43.35432],[-3.07934,43.35468],[-3.07806,43.35463],[-3.07855,43.35407]],[[-2.41848,43.32671],[-2.41971,43.3271],[-2.4184,43.32681],[-2.41848,43.32671]],[[-6.76114,42.23987],[-6.70379,42.20937],[-6.63865,42.2173],[-6.61327,42.20322],[-6.526,42.20336],[-6.49756,42.18203],[-6.42789,42.20194],[-6.31258,42.20659],[-6.29373,42.17803],[-6.21239,42.14808],[-6.16021,42.16577],[-6.0493,42.15986],[-5.95347,42.12368],[-5.94812,42.14192],[-5.9116,42.14059],[-5.89743,42.1561],[-5.84485,42.11072],[-5.77671,42.13581],[-5.75519,42.13663],[-5.74295,42.11334],[-5.67677,42.12034],[-5.68718,42.13792],[-5.66756,42.14207],[-5.62014,42.10666],[-5.63504,42.08199],[-5.5885,42.07733],[-5.58661,42.05091],[-5.57772,42.06545],[-5.5607,42.05597],[-5.54336,42.09938],[-5.52609,42.10377],[-5.47142,42.0101],[-5.48565,41.98583],[-5.46312,41.97546],[-5.43828,41.96739],[-5.43145,42.00432],[-5.44744,42.01366],[-5.38441,42.04211],[-5.32552,42.0204],[-5.28065,41.9788],[-5.2605,41.98461],[-5.25468,41.98165],[-5.33521,41.93747],[-5.29373,41.91994],[-5.31106,41.89159],[-5.30647,41.85784],[-5.33043,41.8318],[-5.27861,41.8148],[-5.39138,41.76051],[-5.3752,41.71979],[-5.36169,41.72885],[-5.35814,41.6997],[-5.32735,41.68053],[-5.32889,41.61592],[-5.27054,41.60114],[-5.29307,41.57437],[-5.22887,41.52843],[-5.34474,41.47926],[-5.32479,41.45534],[-5.33924,41.4256],[-5.30754,41.41405],[-5.33462,41.37064],[-5.29174,41.26919],[-5.30221,41.25927],[-5.29365,41.22625],[-5.3403,41.19411],[-5.33027,41.17762],[-5.28874,41.18199],[-5.29786,41.12588],[-5.32895,41.11717],[-5.35699,41.14082],[-5.38696,41.13585],[-5.4181,41.18766],[-5.47688,41.17832],[-5.46983,41.15795],[-5.48434,41.1455],[-5.48525,41.17885],[-5.56507,41.21704],[-5.58793,41.20244],[-5.62832,41.21446],[-5.66279,41.24581],[-5.76731,41.2157],[-5.89767,41.23859],[-5.92133,41.21815],[-5.91313,41.17834],[-5.95324,41.1401],[-5.97922,41.17457],[-6.02183,41.15526],[-6.0275,41.17912],[-6.00883,41.2005],[-6.06201,41.22105],[-6.10931,41.21261],[-6.1345,41.19039],[-6.31768,41.27089],[-6.47907,41.28839],[-6.43757,41.30571],[-6.41615,41.34796],[-6.37957,41.35723],[-6.38993,41.38537],[-6.3183,41.38612],[-6.33281,41.4115],[-6.29808,41.43118],[-6.30582,41.44953],[-6.28511,41.47839],[-6.26238,41.48647],[-6.25591,41.51389],[-6.18935,41.57502],[-6.30217,41.66274],[-6.44449,41.68483],[-6.49851,41.65713],[-6.54824,41.68562],[-6.54906,41.7254],[-6.56899,41.7435],[-6.51577,41.87073],[-6.57118,41.88362],[-6.54585,41.93593],[-6.5738,41.96067],[-6.58847,41.96775],[-6.62121,41.93995],[-6.69927,41.93333],[-6.75062,41.94339],[-6.7687,41.9839],[-6.78561,41.9889],[-6.81148,41.99252],[-6.82115,41.94631],[-6.84442,41.9423],[-6.94169,41.94429],[-6.95786,41.96929],[-6.98454,41.97363],[-6.99111,41.98834],[-6.9611,42.02791],[-6.97479,42.05516],[-7.01183,42.05242],[-7.03358,42.07424],[-7.00269,42.08417],[-6.98982,42.12131],[-6.94901,42.13574],[-6.94279,42.17334],[-6.90108,42.18962],[-6.88689,42.21435],[-6.8436,42.2283],[-6.79671,42.20905],[-6.79149,42.25216],[-6.76114,42.23987]],[[-0.9091,42.74404],[-0.89686,42.73566],[-0.92246,42.7008],[-0.87995,42.68814],[-0.89309,42.66235],[-0.92764,42.65624],[-0.90471,42.59905],[-0.93417,42.57265],[-0.89505,42.54906],[-0.93342,42.50588],[-0.89299,42.50985],[-0.89702,42.47908],[-0.87772,42.46164],[-0.90376,42.45324],[-0.90441,42.43476],[-0.81531,42.39523],[-0.84418,42.38464],[-0.85566,42.33992],[-0.91891,42.25732],[-0.89055,42.24003],[-0.87696,42.28165],[-0.80653,42.27055],[-0.77181,42.34671],[-0.77794,42.39126],[-0.73643,42.36988],[-0.74459,42.33868],[-0.72886,42.29632],[-0.75938,42.26365],[-0.7598,42.17023],[-0.74739,42.15592],[-0.76086,42.12985],[-0.75492,42.0906],[-0.77016,42.08723],[-0.76314,42.06748],[-0.79355,42.0544],[-0.81294,42.0925],[-0.857,42.05099],[-0.85074,42.02615],[-0.88493,42.00358],[-0.77821,41.9574],[-0.65783,41.9575],[-0.63058,41.91291],[-0.59546,41.89959],[-0.60331,41.88283],[-0.55521,41.87133],[-0.51675,41.83678],[-0.50069,41.76132],[-0.51869,41.72882],[-0.48942,41.73167],[-0.44492,41.70368],[-0.3745,41.68812],[-0.35952,41.63522],[-0.31259,41.6241],[-0.24478,41.57312],[-0.20574,41.60226],[-0.15645,41.58997],[-0.16735,41.58111],[-0.15666,41.5353],[-0.10497,41.48548],[-0.07271,41.37716],[-0.04944,41.36046],[-0.00793,41.34781],[-0.02928,41.37782],[-0.0234,41.39699],[0.00969,41.36043],[0.09336,41.34997],[0.16365,41.4065],[0.18264,41.39441],[0.21909,41.40357],[0.24059,41.42835],[0.33371,41.40942],[0.32004,41.39418],[0.37397,41.35154],[0.34844,41.32887],[0.38566,41.27884],[0.38131,41.23643],[0.3224,41.22524],[0.29199,41.15636],[0.25299,41.15015],[0.24788,41.13014],[0.20123,41.12678],[0.2012,41.08468],[0.22035,41.07143],[0.14586,41.06304],[0.07864,41.08034],[0.03692,41.04657],[-0.01588,41.12272],[-0.18095,41.18815],[-0.22419,41.18948],[-0.31747,41.25751],[-0.33721,41.24138],[-0.40586,41.27236],[-0.42875,41.29407],[-0.42076,41.31174],[-0.47016,41.31825],[-0.47993,41.34593],[-0.50256,41.35439],[-0.58179,41.34812],[-0.5773,41.31395],[-0.52715,41.28822],[-0.50816,41.25582],[-0.50969,41.23828],[-0.53158,41.22781],[-0.54849,41.26774],[-0.59981,41.31889],[-0.62972,41.31176],[-0.62546,41.24818],[-0.66921,41.23685],[-0.6099,41.19168],[-0.69397,41.11229],[-0.76141,41.16966],[-0.79281,41.1056],[-0.82853,41.09642],[-0.85989,41.10801],[-0.88326,41.14876],[-0.91255,41.09301],[-0.95292,41.07544],[-0.9986,41.09523],[-0.97242,41.15346],[-1.00086,41.13401],[-1.03931,41.13472],[-1.10567,41.16759],[-1.1216,41.13493],[-1.17399,41.12369],[-1.20998,41.1388],[-1.2544,41.12294],[-1.27137,41.10328],[-1.2533,41.07733],[-1.28743,41.04886],[-1.35417,41.05753],[-1.3558,41.08853],[-1.40522,41.06631],[-1.41752,41.02975],[-1.4764,41.01494],[-1.4466,40.98456],[-1.47299,40.9488],[-1.50534,40.96412],[-1.56163,40.93862],[-1.63104,40.95],[-1.80329,41.0899],[-1.93245,41.13859],[-1.95902,41.17249],[-2.05169,41.14685],[-2.0799,41.17098],[-2.14624,41.1844],[-2.17049,41.31883],[-2.15711,41.33397],[-2.16314,41.35535],[-2.11603,41.38205],[-2.11177,41.43419],[-2.10152,41.44579],[-2.0471,41.43433],[-2.03562,41.42689],[-2.04235,41.389],[-2.02927,41.38416],[-1.93729,41.40785],[-1.95369,41.42426],[-1.95328,41.46245],[-1.98111,41.48644],[-1.96733,41.54607],[-1.99369,41.57709],[-1.99324,41.60051],[-1.9231,41.59834],[-1.85899,41.66153],[-1.80622,41.66426],[-1.81207,41.68645],[-1.77537,41.72479],[-1.80921,41.73666],[-1.80585,41.75508],[-1.85292,41.78956],[-1.81905,41.82875],[-1.8176,41.85338],[-1.85728,41.90952],[-1.86519,41.9776],[-1.84404,41.98733],[-1.84718,42.008],[-1.8337,41.99507],[-1.7669,41.99579],[-1.71522,41.95696],[-1.65415,41.96535],[-1.55926,41.91394],[-1.41076,41.91895],[-1.33952,42.01801],[-1.30482,42.04295],[-1.31059,42.07231],[-1.35228,42.07307],[-1.36676,42.10696],[-1.39888,42.12622],[-1.39191,42.18142],[-1.41753,42.21237],[-1.39137,42.27212],[-1.39908,42.2913],[-1.32908,42.35539],[-1.3599,42.37804],[-1.34151,42.42394],[-1.27278,42.4819],[-1.28814,42.52279],[-1.26477,42.5568],[-1.22617,42.54224],[-1.20279,42.54966],[-1.20192,42.57824],[-1.15803,42.59915],[-1.17977,42.61062],[-1.15712,42.61089],[-1.15205,42.64788],[-1.05193,42.64259],[-1.03681,42.65164],[-1.02798,42.70006],[-0.96921,42.70371],[-0.9091,42.74404]],[[-1.12558,42.45586],[-1.10802,42.44132],[-1.05101,42.44146],[-1.09166,42.48573],[-1.12558,42.45586]],[[-1.14898,42.43285],[-1.18283,42.42459],[-1.1878,42.40303],[-1.15877,42.40966],[-1.14898,42.43285]],[[-2.95058,35.26546],[-2.97032,35.28865],[-2.95262,35.32029],[-2.92329,35.29019],[-2.95058,35.26546]]]}}]}